event_id,upset_dir,upset_mmol,start_ph,far_side_limit,far_side_peak_ph,margin_ph,excursion,end_ph,outcome
1,ACID,37.7079,2.178,9.5,6.9079,2.5921,no,6.9079,OK
2,BASE,35.3283,11.7982,5.5,6.7775,1.2775,no,6.7775,OK
3,BASE,37.4848,11.8214,5.5,6.7685,1.2685,no,6.7685,OK
4,BASE,31.1894,11.7372,5.5,6.8058,1.3058,no,6.8058,OK
5,BASE,27.7693,11.6504,5.5,6.797,1.297,no,6.797,OK
6,BASE,30.9907,11.7174,5.5,6.7758,1.2758,no,6.7758,OK
7,ACID,34.6031,2.2099,9.5,6.787,2.713,no,6.787,OK
8,ACID,33.922,2.2217,9.5,6.807,2.693,no,6.807,OK
9,BASE,38.1086,11.8305,5.5,6.7749,1.2749,no,6.7749,OK
10,ACID,27.7882,2.3497,9.5,6.6636,2.8364,no,6.6636,OK
11,ACID,39.636,2.1638,9.5,6.8698,2.6302,no,6.8698,OK
12,ACID,22.8951,2.4314,9.5,6.7978,2.7022,no,6.7978,OK
13,BASE,39.9441,11.8562,5.5,6.892,1.392,no,6.892,OK
14,ACID,26.3065,2.3626,9.5,6.7912,2.7088,no,6.7912,OK
15,ACID,35.7802,2.2025,9.5,6.8104,2.6896,no,6.8104,OK
16,ACID,35.1027,2.2172,9.5,6.8021,2.6979,no,6.8021,OK
17,ACID,37.2343,2.1838,9.5,6.7351,2.7649,no,6.7351,OK
18,ACID,38.2585,2.1865,9.5,6.7005,2.7995,no,6.7005,OK
19,ACID,21.3922,2.4986,9.5,6.7817,2.7183,no,6.7817,OK
20,BASE,29.8138,11.6933,5.5,6.804,1.304,no,6.804,OK
21,BASE,34.9187,11.7863,5.5,6.8404,1.3404,no,6.8404,OK
22,ACID,32.6518,2.2426,9.5,6.768,2.732,no,6.768,OK
23,ACID,32.6365,2.2572,9.5,6.7755,2.7245,no,6.7755,OK
24,BASE,22.5104,11.5437,5.5,6.753,1.253,no,6.753,OK
25,ACID,35.4055,2.2031,9.5,6.7276,2.7724,no,6.7276,OK
26,ACID,38.8122,2.1498,9.5,6.7438,2.7562,no,6.7438,OK
27,BASE,25.7946,11.6437,5.5,6.795,1.295,no,6.795,OK
28,BASE,27.6664,11.6618,5.5,6.7586,1.2586,no,6.7586,OK
29,ACID,20.7404,2.4799,9.5,6.8339,2.6661,no,6.8339,OK
30,BASE,33.9896,11.7463,5.5,6.9168,1.4168,no,6.9168,OK
31,ACID,20.0039,2.5169,9.5,6.4867,3.0133,no,6.4867,OK
32,BASE,26.0754,11.6249,5.5,6.7617,1.2617,no,6.7617,OK
33,ACID,30.7764,2.2788,9.5,6.7071,2.7929,no,6.7071,OK
34,BASE,27.0956,11.6385,5.5,6.7871,1.2871,no,6.7871,OK
35,BASE,35.3672,11.7739,5.5,6.6731,1.1731,no,6.6731,OK
36,BASE,33.3713,11.7392,5.5,6.7819,1.2819,no,6.7819,OK
37,BASE,37.6947,11.809,5.5,6.795,1.295,no,6.795,OK
38,ACID,24.5639,2.3975,9.5,6.7734,2.7266,no,6.7734,OK
39,ACID,38.6118,2.1627,9.5,6.7688,2.7312,no,6.7688,OK
40,ACID,23.5262,2.4432,9.5,6.7817,2.7183,no,6.7817,OK
41,BASE,22.1875,11.5245,5.5,6.8129,1.3129,no,6.8129,OK
42,ACID,31.9019,2.2774,9.5,6.7945,2.7055,no,6.7945,OK
43,ACID,29.4217,2.3166,9.5,6.8009,2.6991,no,6.8009,OK
44,ACID,31.6935,2.2558,9.5,6.8508,2.6492,no,6.8508,OK
45,ACID,37.4852,2.1885,9.5,6.7871,2.7129,no,6.7871,OK
46,BASE,30.5977,11.7316,5.5,6.778,1.278,no,6.778,OK
47,ACID,33.6125,2.2273,9.5,6.9403,2.5597,no,6.9403,OK
48,BASE,30.6009,11.7018,5.5,8.2236,2.7236,no,8.2236,OK
49,ACID,27.1811,2.367,9.5,6.781,2.719,no,6.781,OK
50,ACID,30.0854,2.3146,9.5,6.7475,2.7525,no,6.7475,OK
51,BASE,34.8234,11.7754,5.5,6.7519,1.2519,no,6.7519,OK
52,ACID,33.0696,2.2473,9.5,6.8124,2.6876,no,6.8124,OK
53,ACID,33.9629,2.252,9.5,6.7896,2.7104,no,6.7896,OK
54,ACID,27.1823,2.3589,9.5,6.7556,2.7444,no,6.7556,OK
55,BASE,37.5569,11.811,5.5,6.818,1.318,no,6.818,OK
56,BASE,24.2288,11.5942,5.5,6.7879,1.2879,no,6.7879,OK
57,BASE,24.3728,11.5734,5.5,6.7607,1.2607,no,6.7607,OK
58,ACID,32.793,2.2615,9.5,6.8091,2.6909,no,6.8091,OK
59,BASE,20.3295,11.4952,5.5,6.8204,1.3204,no,6.8204,OK
60,ACID,38.4137,2.1818,9.5,6.6735,2.8265,no,6.6735,OK
61,BASE,24.0266,11.5694,5.5,6.9185,1.4185,no,6.9185,OK
62,BASE,29.8648,11.6946,5.5,6.806,1.306,no,6.806,OK
63,ACID,22.3274,2.4653,9.5,6.7735,2.7265,no,6.7735,OK
64,ACID,23.1111,2.4422,9.5,6.8469,2.6531,no,6.8469,OK
65,ACID,36.364,2.2196,9.5,6.7967,2.7033,no,6.7967,OK
66,ACID,22.1103,2.4434,9.5,6.812,2.688,no,6.812,OK
67,ACID,24.5246,2.3877,9.5,6.8273,2.6727,no,6.8273,OK
68,BASE,21.8624,11.5451,5.5,6.7694,1.2694,no,6.7694,OK
69,BASE,38.6234,11.8104,5.5,6.8298,1.3298,no,6.8298,OK
70,ACID,35.2882,2.2024,9.5,6.7837,2.7163,no,6.7837,OK
71,ACID,36.3211,2.1905,9.5,6.8257,2.6743,no,6.8257,OK
72,ACID,34.5903,2.2414,9.5,6.8121,2.6879,no,6.8121,OK
73,ACID,24.9865,2.414,9.5,6.7719,2.7281,no,6.7719,OK
74,BASE,27.3207,11.6344,5.5,6.8737,1.3737,no,6.8737,OK
75,BASE,31.9225,11.749,5.5,6.7731,1.2731,no,6.7731,OK
76,BASE,34.4781,11.7655,5.5,6.8051,1.3051,no,6.8051,OK
77,ACID,37.4053,2.1799,9.5,6.7137,2.7863,no,6.7137,OK
78,ACID,35.2343,2.2193,9.5,6.7289,2.7711,no,6.7289,OK
79,ACID,24.6762,2.4113,9.5,6.7467,2.7533,no,6.7467,OK
80,BASE,36.7829,11.8067,5.5,6.6788,1.1788,no,6.6788,OK
81,ACID,36.6535,2.1817,9.5,6.8479,2.6521,no,6.8479,OK
82,ACID,37.7812,2.1919,9.5,6.8195,2.6805,no,6.8195,OK
83,ACID,35.4407,2.2289,9.5,6.7732,2.7268,no,6.7732,OK
84,ACID,39.9039,2.169,9.5,6.6485,2.8515,no,6.6485,OK
85,BASE,26.1846,11.6207,5.5,6.799,1.299,no,6.799,OK
86,BASE,21.4411,11.5317,5.5,6.751,1.251,no,6.751,OK
87,ACID,20.0566,2.4996,9.5,6.7865,2.7135,no,6.7865,OK
88,BASE,32.3971,11.7403,5.5,6.8105,1.3105,no,6.8105,OK
89,BASE,27.7998,11.6512,5.5,6.7794,1.2794,no,6.7794,OK
90,ACID,20.6331,2.5253,9.5,6.4775,3.0225,no,6.4775,OK
91,ACID,30.6625,2.2781,9.5,6.8426,2.6574,no,6.8426,OK
92,ACID,37.9543,2.1956,9.5,6.6093,2.8907,no,6.6093,OK
93,BASE,25.1307,11.6171,5.5,6.841,1.341,no,6.841,OK
94,ACID,37.3775,2.1726,9.5,6.7289,2.7711,no,6.7289,OK
95,ACID,31.6403,2.2762,9.5,6.7828,2.7172,no,6.7828,OK
96,BASE,34.4658,11.7595,5.5,6.7178,1.2178,no,6.7178,OK
97,BASE,26.2482,11.6508,5.5,6.7397,1.2397,no,6.7397,OK
98,ACID,21.0614,2.4838,9.5,6.7606,2.7394,no,6.7606,OK
99,ACID,39.0459,2.1531,9.5,6.8137,2.6863,no,6.8137,OK
100,BASE,21.8128,11.5482,5.5,6.8001,1.3001,no,6.8001,OK
101,ACID,29.7417,2.2944,9.5,6.7942,2.7058,no,6.7942,OK
102,BASE,30.3732,11.6921,5.5,6.7829,1.2829,no,6.7829,OK
103,BASE,23.5498,11.5775,5.5,6.8571,1.3571,no,6.8571,OK
104,ACID,30.4956,2.2785,9.5,6.7652,2.7348,no,6.7652,OK
105,BASE,30.7634,11.7185,5.5,6.9557,1.4557,no,6.9557,OK
106,ACID,31.9637,2.2665,9.5,6.857,2.643,no,6.857,OK
107,BASE,39.5558,11.8559,5.5,6.8025,1.3025,no,6.8025,OK
108,ACID,36.4498,2.1979,9.5,6.8048,2.6952,no,6.8048,OK
109,BASE,22.068,11.523,5.5,6.7764,1.2764,no,6.7764,OK
110,ACID,28.9172,2.3083,9.5,6.7359,2.7641,no,6.7359,OK
111,BASE,22.3248,11.5273,5.5,7.2343,1.7343,no,7.2343,OK
112,BASE,35.3234,11.7773,5.5,6.7495,1.2495,no,6.7495,OK
113,BASE,28.3381,11.663,5.5,6.8632,1.3632,no,6.8632,OK
114,ACID,22.0527,2.4459,9.5,6.7614,2.7386,no,6.7614,OK
115,BASE,34.7274,11.7608,5.5,6.7206,1.2206,no,6.7206,OK
116,BASE,30.0908,11.6896,5.5,6.7487,1.2487,no,6.7487,OK
117,BASE,35.6499,11.7712,5.5,6.808,1.308,no,6.808,OK
118,ACID,28.0741,2.3295,9.5,6.7808,2.7192,no,6.7808,OK
119,BASE,38.9182,11.8521,5.5,6.8666,1.3666,no,6.8666,OK
120,ACID,34.3548,2.2311,9.5,6.7574,2.7426,no,6.7574,OK
121,ACID,38.3089,2.1651,9.5,6.6346,2.8654,no,6.6346,OK
122,BASE,36.516,11.7845,5.5,6.7618,1.2618,no,6.7618,OK
123,BASE,33.596,11.77,5.5,6.7478,1.2478,no,6.7478,OK
124,BASE,21.4405,11.516,5.5,6.7483,1.2483,no,6.7483,OK
125,ACID,38.0802,2.1886,9.5,6.7241,2.7759,no,6.7241,OK
126,ACID,34.6491,2.2194,9.5,6.7967,2.7033,no,6.7967,OK
127,BASE,22.4535,11.5669,5.5,6.7987,1.2987,no,6.7987,OK
128,ACID,26.9212,2.3724,9.5,6.818,2.682,no,6.818,OK
129,ACID,37.6707,2.2023,9.5,6.8699,2.6301,no,6.8699,OK
130,BASE,20.3879,11.5112,5.5,6.7939,1.2939,no,6.7939,OK
131,ACID,29.0029,2.3264,9.5,6.7607,2.7393,no,6.7607,OK
132,ACID,33.6841,2.2264,9.5,6.7876,2.7124,no,6.7876,OK
133,BASE,21.4808,11.5359,5.5,6.7924,1.2924,no,6.7924,OK
134,ACID,35.4168,2.2356,9.5,6.7528,2.7472,no,6.7528,OK
135,ACID,23.2384,2.4178,9.5,6.7396,2.7604,no,6.7396,OK
136,BASE,30.5744,11.696,5.5,6.7897,1.2897,no,6.7897,OK
137,ACID,21.0363,2.4984,9.5,6.7743,2.7257,no,6.7743,OK
138,ACID,32.2132,2.2626,9.5,6.8059,2.6941,no,6.8059,OK
139,ACID,20.3788,2.5274,9.5,6.8065,2.6935,no,6.8065,OK
140,ACID,26.231,2.3676,9.5,6.8358,2.6642,no,6.8358,OK
141,ACID,34.8236,2.2431,9.5,6.8288,2.6712,no,6.8288,OK
142,ACID,24.0908,2.4322,9.5,6.7521,2.7479,no,6.7521,OK
143,BASE,29.2558,11.6868,5.5,6.8048,1.3048,no,6.8048,OK
144,BASE,23.9989,11.5779,5.5,6.7828,1.2828,no,6.7828,OK
145,BASE,31.5446,11.7336,5.5,6.8056,1.3056,no,6.8056,OK
146,ACID,32.4332,2.2756,9.5,6.8066,2.6934,no,6.8066,OK
147,ACID,24.7403,2.3908,9.5,6.7681,2.7319,no,6.7681,OK
148,ACID,27.893,2.3518,9.5,6.811,2.689,no,6.811,OK
149,ACID,34.4923,2.2146,9.5,6.8085,2.6915,no,6.8085,OK
150,BASE,22.3444,11.5658,5.5,6.7733,1.2733,no,6.7733,OK
151,ACID,37.8279,2.2006,9.5,6.8575,2.6425,no,6.8575,OK
152,ACID,22.3449,2.4667,9.5,6.735,2.765,no,6.735,OK
153,ACID,22.0451,2.455,9.5,6.7575,2.7425,no,6.7575,OK
154,ACID,21.3367,2.4919,9.5,6.7666,2.7334,no,6.7666,OK
155,ACID,36.5069,2.2092,9.5,6.8175,2.6825,no,6.8175,OK
156,ACID,29.7635,2.3075,9.5,6.7778,2.7222,no,6.7778,OK
157,BASE,38.9805,11.8474,5.5,6.853,1.353,no,6.853,OK
158,ACID,32.722,2.2359,9.5,6.8023,2.6977,no,6.8023,OK
159,ACID,21.7577,2.4966,9.5,6.8145,2.6855,no,6.8145,OK
160,BASE,31.1449,11.7058,5.5,6.7902,1.2902,no,6.7902,OK
161,ACID,21.8444,2.4607,9.5,6.7842,2.7158,no,6.7842,OK
162,BASE,21.0177,11.5023,5.5,6.7697,1.2697,no,6.7697,OK
163,BASE,38.0509,11.8339,5.5,6.8164,1.3164,no,6.8164,OK
164,ACID,23.6488,2.4366,9.5,6.799,2.701,no,6.799,OK
165,ACID,30.5102,2.296,9.5,6.759,2.741,no,6.759,OK
166,ACID,29.5896,2.3125,9.5,6.7824,2.7176,no,6.7824,OK
167,BASE,38.1338,11.8289,5.5,6.8617,1.3617,no,6.8617,OK
168,ACID,28.221,2.3412,9.5,6.7862,2.7138,no,6.7862,OK
169,ACID,32.7813,2.2492,9.5,6.7694,2.7306,no,6.7694,OK
170,ACID,29.6313,2.3268,9.5,6.7684,2.7316,no,6.7684,OK
171,BASE,29.2486,11.6927,5.5,6.8268,1.3268,no,6.8268,OK
172,ACID,23.7152,2.4213,9.5,6.7732,2.7268,no,6.7732,OK
173,ACID,27.8688,2.3346,9.5,6.7498,2.7502,no,6.7498,OK
174,ACID,23.791,2.4315,9.5,6.7646,2.7354,no,6.7646,OK
175,ACID,36.4202,2.2165,9.5,6.8365,2.6635,no,6.8365,OK
176,BASE,38.3316,11.8367,5.5,6.8189,1.3189,no,6.8189,OK
177,BASE,28.8419,11.681,5.5,6.6781,1.1781,no,6.6781,OK
178,ACID,37.8541,2.1653,9.5,6.7025,2.7975,no,6.7025,OK
179,BASE,21.3656,11.5378,5.5,6.7979,1.2979,no,6.7979,OK
180,BASE,37.291,11.8241,5.5,6.7753,1.2753,no,6.7753,OK
181,ACID,23.2463,2.4211,9.5,6.7677,2.7323,no,6.7677,OK
182,ACID,21.7797,2.4657,9.5,6.7781,2.7219,no,6.7781,OK
183,ACID,32.5397,2.26,9.5,6.7903,2.7097,no,6.7903,OK
184,BASE,26.3476,11.6418,5.5,6.7916,1.2916,no,6.7916,OK
185,ACID,26.3849,2.3761,9.5,6.8239,2.6761,no,6.8239,OK
186,BASE,39.0768,11.8421,5.5,6.6696,1.1696,no,6.6696,OK
187,ACID,21.6478,2.4938,9.5,6.3695,3.1305,no,6.3695,OK
188,ACID,37.8089,2.179,9.5,6.8147,2.6853,no,6.8147,OK
189,BASE,33.7194,11.763,5.5,6.8266,1.3266,no,6.8266,OK
190,ACID,27.4584,2.3363,9.5,6.8001,2.6999,no,6.8001,OK
191,ACID,27.5142,2.3507,9.5,6.7159,2.7841,no,6.7159,OK
192,BASE,22.526,11.5666,5.5,6.7525,1.2525,no,6.7525,OK
193,BASE,23.7514,11.6002,5.5,6.9841,1.4841,no,6.9841,OK
194,ACID,35.6153,2.2005,9.5,6.8045,2.6955,no,6.8045,OK
195,ACID,26.2044,2.3718,9.5,6.7514,2.7486,no,6.7514,OK
196,ACID,24.5927,2.4117,9.5,6.767,2.733,no,6.767,OK
197,BASE,30.5744,11.7113,5.5,6.8307,1.3307,no,6.8307,OK
198,BASE,34.1752,11.781,5.5,6.8805,1.3805,no,6.8805,OK
199,BASE,26.1784,11.622,5.5,6.8415,1.3415,no,6.8415,OK
200,BASE,22.0301,11.5205,5.5,6.7757,1.2757,no,6.7757,OK
201,ACID,35.0681,2.2163,9.5,6.7983,2.7017,no,6.7983,OK
202,BASE,35.6423,11.792,5.5,6.7704,1.2704,no,6.7704,OK
203,ACID,24.4288,2.4096,9.5,6.804,2.696,no,6.804,OK
204,ACID,38.4129,2.1553,9.5,6.7428,2.7572,no,6.7428,OK
205,BASE,25.9265,11.6314,5.5,6.7641,1.2641,no,6.7641,OK
206,ACID,25.6376,2.3754,9.5,6.7801,2.7199,no,6.7801,OK
207,BASE,33.7132,11.7719,5.5,6.8332,1.3332,no,6.8332,OK
208,BASE,36.8226,11.8021,5.5,6.7874,1.2874,no,6.7874,OK
209,BASE,26.2488,11.6141,5.5,6.7586,1.2586,no,6.7586,OK
210,ACID,20.3598,2.5272,9.5,6.3326,3.1674,no,6.3326,OK
211,ACID,39.3834,2.1655,9.5,6.7912,2.7088,no,6.7912,OK
212,ACID,24.8742,2.4015,9.5,6.8051,2.6949,no,6.8051,OK
213,BASE,32.6224,11.7561,5.5,6.8568,1.3568,no,6.8568,OK
214,BASE,29.8405,11.7039,5.5,6.7709,1.2709,no,6.7709,OK
215,ACID,27.7546,2.3602,9.5,6.7974,2.7026,no,6.7974,OK
216,ACID,34.4622,2.2282,9.5,6.8408,2.6592,no,6.8408,OK
217,BASE,34.932,11.777,5.5,6.7759,1.2759,no,6.7759,OK
218,BASE,24.079,11.581,5.5,7.442,1.942,no,7.442,OK
219,BASE,31.1639,11.723,5.5,6.7889,1.2889,no,6.7889,OK
220,BASE,39.2555,11.8224,5.5,6.7157,1.2157,no,6.7157,OK
221,ACID,22.4837,2.4721,9.5,6.8161,2.6839,no,6.8161,OK
222,BASE,27.8846,11.6792,5.5,6.7986,1.2986,no,6.7986,OK
223,ACID,34.4273,2.2127,9.5,6.7784,2.7216,no,6.7784,OK
224,ACID,34.4996,2.2342,9.5,6.7387,2.7613,no,6.7387,OK
225,ACID,24.7974,2.4193,9.5,6.787,2.713,no,6.787,OK
226,BASE,29.4303,11.7022,5.5,6.7509,1.2509,no,6.7509,OK
227,BASE,25.9987,11.6133,5.5,6.79,1.29,no,6.79,OK
228,ACID,37.5993,2.1693,9.5,6.7787,2.7213,no,6.7787,OK
229,BASE,25.0385,11.5932,5.5,6.8066,1.3066,no,6.8066,OK
230,ACID,20.8024,2.4807,9.5,6.7836,2.7164,no,6.7836,OK
231,ACID,24.961,2.3802,9.5,6.7961,2.7039,no,6.7961,OK
232,BASE,31.8143,11.7151,5.5,6.6755,1.1755,no,6.6755,OK
233,BASE,37.5307,11.8202,5.5,6.8544,1.3544,no,6.8544,OK
234,ACID,33.7172,2.2262,9.5,6.7979,2.7021,no,6.7979,OK
235,ACID,38.764,2.1567,9.5,6.8654,2.6346,no,6.8654,OK
236,ACID,22.7208,2.4606,9.5,6.7825,2.7175,no,6.7825,OK
237,ACID,20.1647,2.5328,9.5,6.796,2.704,no,6.796,OK
238,BASE,31.1848,11.7246,5.5,6.8868,1.3868,no,6.8868,OK
239,BASE,33.8681,11.7551,5.5,6.8816,1.3816,no,6.8816,OK
240,ACID,35.3236,2.2285,9.5,6.7981,2.7019,no,6.7981,OK
241,ACID,22.9891,2.4347,9.5,6.8006,2.6994,no,6.8006,OK
242,ACID,31.1241,2.2855,9.5,6.7873,2.7127,no,6.7873,OK
243,BASE,28.2069,11.6887,5.5,6.7952,1.2952,no,6.7952,OK
244,ACID,33.326,2.2269,9.5,6.8255,2.6745,no,6.8255,OK
245,ACID,36.4305,2.2004,9.5,6.7834,2.7166,no,6.7834,OK
246,ACID,34.9011,2.2393,9.5,6.8531,2.6469,no,6.8531,OK
247,ACID,21.7989,2.4779,9.5,6.7541,2.7459,no,6.7541,OK
248,ACID,25.2831,2.3928,9.5,6.7924,2.7076,no,6.7924,OK
249,BASE,32.7906,11.7356,5.5,6.7449,1.2449,no,6.7449,OK
250,ACID,24.876,2.3939,9.5,6.8147,2.6853,no,6.8147,OK
251,BASE,21.8153,11.5514,5.5,6.7671,1.2671,no,6.7671,OK
252,BASE,25.3538,11.6345,5.5,6.7942,1.2942,no,6.7942,OK
253,ACID,31.5442,2.2816,9.5,6.7574,2.7426,no,6.7574,OK
254,ACID,30.8653,2.2904,9.5,6.8003,2.6997,no,6.8003,OK
255,ACID,32.1619,2.259,9.5,6.7916,2.7084,no,6.7916,OK
256,ACID,30.0099,2.3161,9.5,6.7943,2.7057,no,6.7943,OK
257,BASE,23.9927,11.5966,5.5,6.8008,1.3008,no,6.8008,OK
258,ACID,36.5267,2.1878,9.5,6.8168,2.6832,no,6.8168,OK
259,ACID,29.405,2.2951,9.5,6.8246,2.6754,no,6.8246,OK
260,BASE,27.122,11.6546,5.5,6.7044,1.2044,no,6.7044,OK
261,ACID,38.5702,2.1726,9.5,6.6602,2.8398,no,6.6602,OK
262,ACID,29.08,2.337,9.5,6.7927,2.7073,no,6.7927,OK
263,BASE,28.1396,11.6522,5.5,6.7193,1.2193,no,6.7193,OK
264,BASE,34.356,11.7828,5.5,6.8587,1.3587,no,6.8587,OK
265,ACID,31.1312,2.2864,9.5,6.7587,2.7413,no,6.7587,OK
266,BASE,28.8491,11.6638,5.5,6.8824,1.3824,no,6.8824,OK
267,BASE,34.7756,11.7628,5.5,6.8161,1.3161,no,6.8161,OK
268,ACID,36.1006,2.1929,9.5,6.78,2.72,no,6.78,OK
269,ACID,22.5192,2.4648,9.5,6.7886,2.7114,no,6.7886,OK
270,BASE,27.9469,11.6521,5.5,6.8373,1.3373,no,6.8373,OK
271,ACID,33.2948,2.2335,9.5,6.7478,2.7522,no,6.7478,OK
272,ACID,25.7093,2.395,9.5,6.7694,2.7306,no,6.7694,OK
273,ACID,29.6428,2.32,9.5,6.8618,2.6382,no,6.8618,OK
274,ACID,26.1608,2.3886,9.5,6.7904,2.7096,no,6.7904,OK
275,ACID,33.6644,2.2317,9.5,6.7914,2.7086,no,6.7914,OK
276,ACID,32.1761,2.2846,9.5,6.83,2.67,no,6.83,OK
277,ACID,35.662,2.2318,9.5,6.7613,2.7387,no,6.7613,OK
278,BASE,25.6368,11.6159,5.5,6.7761,1.2761,no,6.7761,OK
279,ACID,23.644,2.4363,9.5,6.7742,2.7258,no,6.7742,OK
280,ACID,21.3408,2.4745,9.5,6.7564,2.7436,no,6.7564,OK
281,BASE,33.0568,11.7625,5.5,6.7318,1.2318,no,6.7318,OK
282,BASE,28.0631,11.6849,5.5,6.7411,1.2411,no,6.7411,OK
283,ACID,30.5998,2.3015,9.5,6.7957,2.7043,no,6.7957,OK
284,BASE,27.1033,11.6526,5.5,6.8064,1.3064,no,6.8064,OK
285,ACID,33.466,2.2239,9.5,6.7262,2.7738,no,6.7262,OK
286,ACID,20.3722,2.5256,9.5,6.7582,2.7418,no,6.7582,OK
287,BASE,32.2958,11.7526,5.5,6.877,1.377,no,6.877,OK
288,BASE,33.5101,11.7503,5.5,6.7051,1.2051,no,6.7051,OK
289,ACID,22.7039,2.4648,9.5,6.7891,2.7109,no,6.7891,OK
290,BASE,24.0187,11.5929,5.5,6.7699,1.2699,no,6.7699,OK
291,ACID,22.2185,2.4419,9.5,6.8072,2.6928,no,6.8072,OK
292,ACID,26.5086,2.3868,9.5,6.7186,2.7814,no,6.7186,OK
293,ACID,38.6711,2.153,9.5,6.7063,2.7937,no,6.7063,OK
294,BASE,21.3732,11.5317,5.5,6.7692,1.2692,no,6.7692,OK
295,ACID,20.7636,2.5167,9.5,6.7749,2.7251,no,6.7749,OK
296,BASE,35.6122,11.8069,5.5,6.7198,1.2198,no,6.7198,OK
297,ACID,21.9131,2.4711,9.5,6.8113,2.6887,no,6.8113,OK
298,ACID,36.0167,2.2097,9.5,6.7509,2.7491,no,6.7509,OK
299,BASE,20.2945,11.5037,5.5,6.7629,1.2629,no,6.7629,OK
300,BASE,31.6076,11.7414,5.5,6.8549,1.3549,no,6.8549,OK
301,BASE,22.6469,11.5475,5.5,6.8286,1.3286,no,6.8286,OK
302,ACID,21.379,2.4816,9.5,6.79,2.71,no,6.79,OK
303,BASE,35.8935,11.7972,5.5,6.6498,1.1498,no,6.6498,OK
304,BASE,31.6822,11.7154,5.5,6.7853,1.2853,no,6.7853,OK
305,ACID,33.006,2.2695,9.5,6.8515,2.6485,no,6.8515,OK
306,BASE,33.7787,11.7434,5.5,6.75,1.25,no,6.75,OK
307,BASE,23.9981,11.567,5.5,6.8344,1.3344,no,6.8344,OK
308,ACID,26.137,2.3667,9.5,6.7973,2.7027,no,6.7973,OK
309,BASE,22.854,11.5656,5.5,6.7582,1.2582,no,6.7582,OK
310,ACID,39.7491,2.1767,9.5,6.7989,2.7011,no,6.7989,OK
311,BASE,27.2636,11.6536,5.5,6.7791,1.2791,no,6.7791,OK
312,ACID,24.6438,2.4165,9.5,6.7822,2.7178,no,6.7822,OK
313,BASE,24.8247,11.6059,5.5,6.744,1.244,no,6.744,OK
314,ACID,26.0677,2.3751,9.5,6.7878,2.7122,no,6.7878,OK
315,BASE,20.4054,11.5183,5.5,6.8041,1.3041,no,6.8041,OK
316,BASE,29.6497,11.7126,5.5,6.7497,1.2497,no,6.7497,OK
317,ACID,28.4566,2.3408,9.5,6.8042,2.6958,no,6.8042,OK
318,ACID,29.2999,2.3099,9.5,6.7852,2.7148,no,6.7852,OK
319,ACID,26.2602,2.3558,9.5,6.7958,2.7042,no,6.7958,OK
320,BASE,20.0352,11.4908,5.5,8.4816,2.9816,no,8.4816,OK
321,ACID,21.043,2.4847,9.5,6.8131,2.6869,no,6.8131,OK
322,BASE,34.142,11.7633,5.5,6.7863,1.2863,no,6.7863,OK
323,ACID,37.3694,2.2041,9.5,6.7875,2.7125,no,6.7875,OK
324,ACID,31.1434,2.2717,9.5,6.776,2.724,no,6.776,OK
325,BASE,36.7144,11.799,5.5,6.8878,1.3878,no,6.8878,OK
326,BASE,26.9368,11.6565,5.5,6.8585,1.3585,no,6.8585,OK
327,ACID,33.6511,2.222,9.5,6.8058,2.6942,no,6.8058,OK
328,BASE,34.1806,11.7533,5.5,6.7364,1.2364,no,6.7364,OK
329,ACID,24.4555,2.427,9.5,6.8465,2.6535,no,6.8465,OK
330,BASE,39.4951,11.8594,5.5,7.0423,1.5423,no,7.0423,OK
331,BASE,21.9051,11.5521,5.5,6.7833,1.2833,no,6.7833,OK
332,ACID,21.9421,2.4692,9.5,6.7657,2.7343,no,6.7657,OK
333,ACID,32.7906,2.2502,9.5,6.7892,2.7108,no,6.7892,OK
334,BASE,31.9378,11.7246,5.5,6.7592,1.2592,no,6.7592,OK
335,BASE,39.4895,11.8345,5.5,6.7702,1.2702,no,6.7702,OK
336,ACID,21.4581,2.4929,9.5,6.7981,2.7019,no,6.7981,OK
337,BASE,37.0872,11.8084,5.5,6.7957,1.2957,no,6.7957,OK
338,ACID,38.7317,2.1894,9.5,6.6735,2.8265,no,6.6735,OK
339,BASE,30.2542,11.6972,5.5,6.7326,1.2326,no,6.7326,OK
340,BASE,38.8413,11.8399,5.5,6.7749,1.2749,no,6.7749,OK
341,ACID,25.5669,2.3811,9.5,6.7635,2.7365,no,6.7635,OK
342,BASE,23.9327,11.5962,5.5,6.8469,1.3469,no,6.8469,OK
343,ACID,29.5483,2.2909,9.5,6.7914,2.7086,no,6.7914,OK
344,BASE,37.9149,11.8203,5.5,6.7649,1.2649,no,6.7649,OK
345,ACID,20.8523,2.5157,9.5,6.3911,3.1089,no,6.3911,OK
346,ACID,34.9489,2.2362,9.5,6.7717,2.7283,no,6.7717,OK
347,ACID,33.5888,2.2407,9.5,6.821,2.679,no,6.821,OK
348,BASE,30.9447,11.7288,5.5,6.8061,1.3061,no,6.8061,OK
349,BASE,29.6471,11.7058,5.5,6.7585,1.2585,no,6.7585,OK
350,ACID,25.1176,2.3767,9.5,6.7743,2.7257,no,6.7743,OK
351,ACID,36.7899,2.2095,9.5,6.7476,2.7524,no,6.7476,OK
352,ACID,30.0223,2.2941,9.5,6.7931,2.7069,no,6.7931,OK
353,BASE,39.5041,11.8458,5.5,6.8003,1.3003,no,6.8003,OK
354,ACID,37.9048,2.1873,9.5,6.834,2.666,no,6.834,OK
355,ACID,23.7786,2.4268,9.5,6.7838,2.7162,no,6.7838,OK
356,ACID,21.6678,2.4871,9.5,6.754,2.746,no,6.754,OK
357,ACID,32.8421,2.257,9.5,6.7737,2.7263,no,6.7737,OK
358,ACID,36.2005,2.2188,9.5,6.8439,2.6561,no,6.8439,OK
359,ACID,25.9816,2.3872,9.5,6.8593,2.6407,no,6.8593,OK
360,BASE,32.4471,11.7618,5.5,6.7945,1.2945,no,6.7945,OK
361,ACID,30.531,2.3035,9.5,6.8534,2.6466,no,6.8534,OK
362,ACID,24.8924,2.3839,9.5,6.7906,2.7094,no,6.7906,OK
363,ACID,27.0128,2.3679,9.5,6.7115,2.7885,no,6.7115,OK
364,ACID,26.9628,2.3708,9.5,6.7775,2.7225,no,6.7775,OK
365,ACID,37.8632,2.2015,9.5,6.7773,2.7227,no,6.7773,OK
366,ACID,23.8481,2.4177,9.5,6.7585,2.7415,no,6.7585,OK
367,BASE,34.2243,11.7572,5.5,6.7721,1.2721,no,6.7721,OK
368,BASE,24.2289,11.5894,5.5,6.7873,1.2873,no,6.7873,OK
369,BASE,39.5434,11.8463,5.5,6.8314,1.3314,no,6.8314,OK
370,BASE,25.6671,11.6227,5.5,6.8752,1.3752,no,6.8752,OK
371,ACID,24.3444,2.4278,9.5,6.8054,2.6946,no,6.8054,OK
372,ACID,21.0161,2.4746,9.5,6.7943,2.7057,no,6.7943,OK
373,BASE,37.49,11.8103,5.5,6.8939,1.3939,no,6.8939,OK
374,BASE,22.3095,11.5544,5.5,6.8761,1.3761,no,6.8761,OK
375,ACID,33.8614,2.2375,9.5,6.8371,2.6629,no,6.8371,OK
376,ACID,30.2668,2.3073,9.5,6.8142,2.6858,no,6.8142,OK
377,BASE,24.7052,11.6003,5.5,6.7567,1.2567,no,6.7567,OK
378,BASE,34.0205,11.7784,5.5,6.7944,1.2944,no,6.7944,OK
379,BASE,25.2269,11.6063,5.5,6.8196,1.3196,no,6.8196,OK
380,ACID,30.8731,2.2836,9.5,6.7891,2.7109,no,6.7891,OK
381,ACID,33.7566,2.2411,9.5,6.8161,2.6839,no,6.8161,OK
382,BASE,37.2565,11.813,5.5,6.7754,1.2754,no,6.7754,OK
383,BASE,27.2247,11.6577,5.5,6.7791,1.2791,no,6.7791,OK
384,BASE,27.6025,11.6587,5.5,6.8045,1.3045,no,6.8045,OK
385,ACID,33.6166,2.2464,9.5,6.7106,2.7894,no,6.7106,OK
386,BASE,26.3372,11.6452,5.5,6.822,1.322,no,6.822,OK
387,ACID,38.8544,2.1515,9.5,6.5995,2.9005,no,6.5995,OK
388,ACID,25.7973,2.3701,9.5,6.7823,2.7177,no,6.7823,OK
389,ACID,23.584,2.408,9.5,6.7798,2.7202,no,6.7798,OK
390,BASE,38.5701,11.8129,5.5,6.7308,1.2308,no,6.7308,OK
391,ACID,22.7235,2.4655,9.5,6.7996,2.7004,no,6.7996,OK
392,BASE,32.5875,11.7311,5.5,6.7631,1.2631,no,6.7631,OK
393,ACID,31.4026,2.2951,9.5,6.7959,2.7041,no,6.7959,OK
394,ACID,20.5528,2.5104,9.5,6.4405,3.0595,no,6.4405,OK
395,BASE,37.1895,11.8205,5.5,6.6657,1.1657,no,6.6657,OK
396,BASE,29.2378,11.6737,5.5,6.8362,1.3362,no,6.8362,OK
397,BASE,32.6302,11.7407,5.5,6.7521,1.2521,no,6.7521,OK
398,BASE,22.1607,11.5475,5.5,6.7787,1.2787,no,6.7787,OK
399,BASE,34.336,11.7655,5.5,6.7617,1.2617,no,6.7617,OK
400,ACID,34.8247,2.2135,9.5,6.7709,2.7291,no,6.7709,OK
401,ACID,33.5422,2.2416,9.5,6.8057,2.6943,no,6.8057,OK
402,BASE,31.7659,11.7263,5.5,6.7248,1.2248,no,6.7248,OK
403,BASE,26.1682,11.6156,5.5,6.7598,1.2598,no,6.7598,OK
404,BASE,29.711,11.702,5.5,6.7238,1.2238,no,6.7238,OK
405,ACID,33.9962,2.2448,9.5,6.7676,2.7324,no,6.7676,OK
406,BASE,36.6657,11.8064,5.5,6.7218,1.2218,no,6.7218,OK
407,BASE,33.795,11.7441,5.5,6.7879,1.2879,no,6.7879,OK
408,ACID,36.7503,2.1803,9.5,6.7406,2.7594,no,6.7406,OK
409,ACID,39.2419,2.1795,9.5,6.721,2.779,no,6.721,OK
410,ACID,27.6637,2.3327,9.5,6.6792,2.8208,no,6.6792,OK
411,BASE,32.025,11.7362,5.5,6.9016,1.4016,no,6.9016,OK
412,ACID,30.4699,2.3091,9.5,6.7701,2.7299,no,6.7701,OK
413,BASE,31.9112,11.7367,5.5,6.7683,1.2683,no,6.7683,OK
414,ACID,39.0381,2.1848,9.5,6.675,2.825,no,6.675,OK
415,BASE,35.2984,11.7741,5.5,6.8616,1.3616,no,6.8616,OK
416,BASE,27.4917,11.6617,5.5,6.7306,1.2306,no,6.7306,OK
417,BASE,24.3769,11.5766,5.5,6.7721,1.2721,no,6.7721,OK
418,ACID,39.9055,2.1589,9.5,6.7901,2.7099,no,6.7901,OK
419,BASE,36.0867,11.8097,5.5,6.9272,1.4272,no,6.9272,OK
420,ACID,24.7708,2.3819,9.5,6.7983,2.7017,no,6.7983,OK
421,BASE,35.4187,11.7765,5.5,6.981,1.481,no,6.981,OK
422,BASE,26.0558,11.6459,5.5,6.8101,1.3101,no,6.8101,OK
423,BASE,37.5289,11.8319,5.5,6.7023,1.2023,no,6.7023,OK
424,ACID,30.0166,2.2966,9.5,6.8563,2.6437,no,6.8563,OK
425,ACID,32.1435,2.2847,9.5,6.7715,2.7285,no,6.7715,OK
426,ACID,32.0622,2.2479,9.5,6.7537,2.7463,no,6.7537,OK
427,ACID,27.1573,2.3642,9.5,6.8092,2.6908,no,6.8092,OK
428,ACID,26.6958,2.383,9.5,6.7279,2.7721,no,6.7279,OK
429,BASE,33.335,11.7629,5.5,6.7009,1.2009,no,6.7009,OK
430,ACID,24.6717,2.4253,9.5,6.4726,3.0274,no,6.4726,OK
431,ACID,21.8189,2.4802,9.5,6.7528,2.7472,no,6.7528,OK
432,BASE,30.6387,11.7125,5.5,6.8525,1.3525,no,6.8525,OK
433,ACID,39.9511,2.1496,9.5,6.742,2.758,no,6.742,OK
434,BASE,30.7658,11.7035,5.5,6.8315,1.3315,no,6.8315,OK
435,BASE,21.4118,11.5386,5.5,6.7997,1.2997,no,6.7997,OK
436,ACID,30.5294,2.2849,9.5,6.7849,2.7151,no,6.7849,OK
437,BASE,37.3784,11.8016,5.5,6.8125,1.3125,no,6.8125,OK
438,BASE,27.877,11.6728,5.5,6.8386,1.3386,no,6.8386,OK
439,ACID,25.1839,2.3802,9.5,6.8073,2.6927,no,6.8073,OK
440,BASE,38.7764,11.8188,5.5,6.9752,1.4752,no,6.9752,OK
441,ACID,21.6092,2.4925,9.5,6.7563,2.7437,no,6.7563,OK
442,ACID,38.8596,2.1541,9.5,6.8576,2.6424,no,6.8576,OK
443,ACID,31.273,2.2757,9.5,6.7788,2.7212,no,6.7788,OK
444,ACID,39.4541,2.1629,9.5,6.9404,2.5596,no,6.9404,OK
445,ACID,27.2613,2.3582,9.5,6.8319,2.6681,no,6.8319,OK
446,ACID,36.9172,2.18,9.5,6.8583,2.6417,no,6.8583,OK
447,BASE,24.2918,11.5839,5.5,6.79,1.29,no,6.79,OK
448,BASE,24.6364,11.5789,5.5,6.7975,1.2975,no,6.7975,OK
449,ACID,24.4839,2.4123,9.5,6.7811,2.7189,no,6.7811,OK
450,BASE,25.8549,11.6428,5.5,6.8427,1.3427,no,6.8427,OK
451,BASE,26.9633,11.6624,5.5,6.769,1.269,no,6.769,OK
452,BASE,34.4295,11.7785,5.5,6.8909,1.3909,no,6.8909,OK
453,ACID,20.5651,2.5053,9.5,6.7568,2.7432,no,6.7568,OK
454,ACID,25.9246,2.3756,9.5,6.8441,2.6559,no,6.8441,OK
455,BASE,22.0139,11.5491,5.5,6.7799,1.2799,no,6.7799,OK
456,BASE,39.3945,11.8288,5.5,6.8097,1.3097,no,6.8097,OK
457,BASE,33.2572,11.7572,5.5,6.8439,1.3439,no,6.8439,OK
458,BASE,32.5409,11.7262,5.5,6.7299,1.2299,no,6.7299,OK
459,ACID,20.4736,2.497,9.5,6.2956,3.2044,no,6.2956,OK
460,ACID,24.1576,2.4104,9.5,6.7981,2.7019,no,6.7981,OK
461,BASE,24.1707,11.5897,5.5,6.7669,1.2669,no,6.7669,OK
462,ACID,24.8433,2.4222,9.5,6.7786,2.7214,no,6.7786,OK
463,BASE,38.0723,11.8079,5.5,6.7171,1.2171,no,6.7171,OK
464,BASE,20.3909,11.514,5.5,6.7712,1.2712,no,6.7712,OK
465,BASE,31.4939,11.7087,5.5,6.7733,1.2733,no,6.7733,OK
466,ACID,20.6,2.4918,9.5,6.8455,2.6545,no,6.8455,OK
467,BASE,32.6361,11.761,5.5,6.715,1.215,no,6.715,OK
468,ACID,39.2171,2.154,9.5,6.77,2.73,no,6.77,OK
469,BASE,23.5366,11.5646,5.5,6.7765,1.2765,no,6.7765,OK
470,BASE,26.5829,11.6519,5.5,6.8335,1.3335,no,6.8335,OK
471,ACID,22.3258,2.4652,9.5,6.7807,2.7193,no,6.7807,OK
472,ACID,38.8049,2.1524,9.5,6.8298,2.6702,no,6.8298,OK
473,ACID,27.0525,2.34,9.5,6.8071,2.6929,no,6.8071,OK
474,BASE,26.1744,11.6156,5.5,6.7418,1.2418,no,6.7418,OK
475,ACID,38.9739,2.1651,9.5,6.8644,2.6356,no,6.8644,OK
476,BASE,24.19,11.592,5.5,6.8385,1.3385,no,6.8385,OK
477,ACID,36.8405,2.1911,9.5,6.8488,2.6512,no,6.8488,OK
478,ACID,35.2521,2.2192,9.5,6.7647,2.7353,no,6.7647,OK
479,ACID,31.4916,2.2741,9.5,6.8366,2.6634,no,6.8366,OK
480,ACID,37.7589,2.2005,9.5,6.7307,2.7693,no,6.7307,OK
481,BASE,21.8595,11.5452,5.5,6.7983,1.2983,no,6.7983,OK
482,ACID,38.2927,2.1923,9.5,6.7365,2.7635,no,6.7365,OK
483,ACID,33.2624,2.2283,9.5,6.8267,2.6733,no,6.8267,OK
484,ACID,21.4703,2.4657,9.5,6.7482,2.7518,no,6.7482,OK
485,ACID,31.2283,2.2736,9.5,6.8086,2.6914,no,6.8086,OK
486,ACID,20.6029,2.4841,9.5,6.3348,3.1652,no,6.3348,OK
487,ACID,22.3618,2.4452,9.5,6.7729,2.7271,no,6.7729,OK
488,BASE,36.6464,11.8211,5.5,6.8209,1.3209,no,6.8209,OK
489,BASE,26.0061,11.6367,5.5,6.791,1.291,no,6.791,OK
490,BASE,32.3043,11.7295,5.5,6.805,1.305,no,6.805,OK
491,ACID,28.7402,2.3233,9.5,6.8202,2.6798,no,6.8202,OK
492,ACID,25.7605,2.3799,9.5,6.8049,2.6951,no,6.8049,OK
493,ACID,20.8545,2.4888,9.5,6.7772,2.7228,no,6.7772,OK
494,ACID,28.8506,2.3072,9.5,6.6911,2.8089,no,6.6911,OK
495,BASE,20.7489,11.5286,5.5,6.7997,1.2997,no,6.7997,OK
496,BASE,28.5553,11.6658,5.5,6.8562,1.3562,no,6.8562,OK
497,ACID,21.3122,2.4974,9.5,6.4053,3.0947,no,6.4053,OK
498,ACID,30.0067,2.285,9.5,6.7347,2.7653,no,6.7347,OK
499,ACID,23.6018,2.4498,9.5,6.7795,2.7205,no,6.7795,OK
500,ACID,31.837,2.2702,9.5,6.7908,2.7092,no,6.7908,OK
501,ACID,21.0024,2.4934,9.5,6.7516,2.7484,no,6.7516,OK
502,ACID,33.2753,2.2595,9.5,6.8666,2.6334,no,6.8666,OK
503,ACID,38.7807,2.1572,9.5,6.6899,2.8101,no,6.6899,OK
504,BASE,30.3935,11.7178,5.5,6.8617,1.3617,no,6.8617,OK
505,ACID,21.6941,2.4888,9.5,6.7751,2.7249,no,6.7751,OK
506,ACID,30.4862,2.2823,9.5,6.7264,2.7736,no,6.7264,OK
507,BASE,22.8311,11.5572,5.5,6.742,1.242,no,6.742,OK
508,ACID,21.049,2.4979,9.5,6.7944,2.7056,no,6.7944,OK
509,ACID,35.8884,2.1969,9.5,6.9105,2.5895,no,6.9105,OK
510,BASE,24.8561,11.6047,5.5,6.7566,1.2566,no,6.7566,OK
511,BASE,32.8821,11.7636,5.5,6.8327,1.3327,no,6.8327,OK
512,ACID,36.4069,2.1975,9.5,6.7446,2.7554,no,6.7446,OK
513,ACID,29.9041,2.2845,9.5,6.8108,2.6892,no,6.8108,OK
514,ACID,33.7584,2.2543,9.5,6.8427,2.6573,no,6.8427,OK
515,BASE,25.847,11.6129,5.5,6.7626,1.2626,no,6.7626,OK
516,ACID,31.7926,2.2791,9.5,6.7695,2.7305,no,6.7695,OK
517,ACID,30.7516,2.2916,9.5,6.7602,2.7398,no,6.7602,OK
518,BASE,32.5089,11.7259,5.5,6.7518,1.2518,no,6.7518,OK
519,ACID,36.0811,2.2092,9.5,6.7167,2.7833,no,6.7167,OK
520,ACID,36.8131,2.1774,9.5,6.8656,2.6344,no,6.8656,OK
521,BASE,20.7455,11.4996,5.5,6.8212,1.3212,no,6.8212,OK
522,ACID,22.9861,2.4377,9.5,6.7961,2.7039,no,6.7961,OK
523,BASE,23.6877,11.5682,5.5,6.8179,1.3179,no,6.8179,OK
524,ACID,30.1959,2.2879,9.5,6.8043,2.6957,no,6.8043,OK
525,ACID,35.8695,2.2276,9.5,6.7626,2.7374,no,6.7626,OK
526,ACID,29.5477,2.3211,9.5,6.7845,2.7155,no,6.7845,OK
527,BASE,38.8686,11.8527,5.5,6.8357,1.3357,no,6.8357,OK
528,BASE,33.5106,11.7453,5.5,6.7633,1.2633,no,6.7633,OK
529,ACID,38.4435,2.1833,9.5,6.7373,2.7627,no,6.7373,OK
530,ACID,39.4688,2.1668,9.5,6.7485,2.7515,no,6.7485,OK
531,ACID,25.1283,2.4027,9.5,6.8052,2.6948,no,6.8052,OK
532,ACID,21.9974,2.4492,9.5,6.7728,2.7272,no,6.7728,OK
533,ACID,25.0805,2.3748,9.5,6.7752,2.7248,no,6.7752,OK
534,BASE,35.9766,11.8145,5.5,6.7191,1.2191,no,6.7191,OK
535,BASE,30.0983,11.7089,5.5,6.7558,1.2558,no,6.7558,OK
536,BASE,26.6227,11.6227,5.5,6.7857,1.2857,no,6.7857,OK
537,ACID,26.1413,2.393,9.5,6.751,2.749,no,6.751,OK
538,ACID,28.9099,2.3194,9.5,6.7528,2.7472,no,6.7528,OK
539,BASE,25.4075,11.6361,5.5,6.7832,1.2832,no,6.7832,OK
540,ACID,32.4677,2.2659,9.5,6.787,2.713,no,6.787,OK
541,BASE,31.4058,11.7365,5.5,6.8094,1.3094,no,6.8094,OK
542,ACID,29.8517,2.2878,9.5,6.796,2.704,no,6.796,OK
543,ACID,20.5978,2.4873,9.5,6.7712,2.7288,no,6.7712,OK
544,BASE,25.7513,11.6033,5.5,6.7619,1.2619,no,6.7619,OK
545,BASE,30.0432,11.7179,5.5,6.7687,1.2687,no,6.7687,OK
546,ACID,39.6268,2.147,9.5,6.9529,2.5471,no,6.9529,OK
547,BASE,35.4385,11.7756,5.5,6.7715,1.2715,no,6.7715,OK
548,BASE,39.2019,11.8534,5.5,6.7621,1.2621,no,6.7621,OK
549,ACID,31.6265,2.2716,9.5,6.4343,3.0657,no,6.4343,OK
550,ACID,22.5794,2.4745,9.5,6.8086,2.6914,no,6.8086,OK
551,ACID,32.2408,2.2443,9.5,6.7317,2.7683,no,6.7317,OK
552,ACID,22.768,2.4657,9.5,6.7774,2.7226,no,6.7774,OK
553,ACID,28.7678,2.3132,9.5,6.7622,2.7378,no,6.7622,OK
554,ACID,24.4044,2.4024,9.5,6.7971,2.7029,no,6.7971,OK
555,ACID,20.2003,2.5381,9.5,6.8023,2.6977,no,6.8023,OK
556,BASE,22.2671,11.5584,5.5,6.8003,1.3003,no,6.8003,OK
557,ACID,21.9587,2.4598,9.5,6.8051,2.6949,no,6.8051,OK
558,ACID,34.4213,2.2244,9.5,6.7459,2.7541,no,6.7459,OK
559,BASE,32.826,11.7467,5.5,6.8053,1.3053,no,6.8053,OK
560,BASE,24.7189,11.6121,5.5,6.8193,1.3193,no,6.8193,OK
561,BASE,37.7044,11.8106,5.5,6.7018,1.2018,no,6.7018,OK
562,ACID,35.0989,2.2236,9.5,6.7566,2.7434,no,6.7566,OK
563,ACID,22.2889,2.4582,9.5,6.755,2.745,no,6.755,OK
564,ACID,28.2288,2.3444,9.5,6.7506,2.7494,no,6.7506,OK
565,BASE,39.1164,11.8318,5.5,6.7859,1.2859,no,6.7859,OK
566,ACID,22.5862,2.4644,9.5,6.7866,2.7134,no,6.7866,OK
567,ACID,25.0959,2.4095,9.5,6.7861,2.7139,no,6.7861,OK
568,BASE,28.1877,11.6702,5.5,6.7096,1.2096,no,6.7096,OK
569,ACID,34.6671,2.2358,9.5,6.8066,2.6934,no,6.8066,OK
570,BASE,29.0581,11.7059,5.5,6.8004,1.3004,no,6.8004,OK
571,BASE,20.1675,11.4767,5.5,6.7988,1.2988,no,6.7988,OK
572,ACID,29.156,2.3004,9.5,6.7866,2.7134,no,6.7866,OK
573,ACID,33.0468,2.2445,9.5,6.7886,2.7114,no,6.7886,OK
574,ACID,32.8653,2.2448,9.5,6.771,2.729,no,6.771,OK
575,ACID,26.8763,2.3463,9.5,6.7683,2.7317,no,6.7683,OK
576,BASE,37.71,11.8115,5.5,6.8582,1.3582,no,6.8582,OK
577,ACID,20.1547,2.5019,9.5,6.795,2.705,no,6.795,OK
578,BASE,28.6427,11.6954,5.5,6.7381,1.2381,no,6.7381,OK
579,ACID,26.3838,2.3806,9.5,6.7568,2.7432,no,6.7568,OK
580,BASE,33.7521,11.7591,5.5,6.8062,1.3062,no,6.8062,OK
581,ACID,23.34,2.4339,9.5,6.7829,2.7171,no,6.7829,OK
582,ACID,33.9826,2.2405,9.5,6.8447,2.6553,no,6.8447,OK
583,BASE,34.0737,11.7582,5.5,6.7622,1.2622,no,6.7622,OK
584,ACID,22.5458,2.4478,9.5,6.7531,2.7469,no,6.7531,OK
585,ACID,21.7895,2.4849,9.5,6.7824,2.7176,no,6.7824,OK
586,BASE,23.8355,11.6,5.5,6.8191,1.3191,no,6.8191,OK
587,BASE,21.3411,11.5167,5.5,6.8464,1.3464,no,6.8464,OK
588,ACID,30.4531,2.3076,9.5,6.8208,2.6792,no,6.8208,OK
589,BASE,30.5335,11.7037,5.5,6.7578,1.2578,no,6.7578,OK
590,ACID,23.3834,2.4364,9.5,6.8042,2.6958,no,6.8042,OK
591,ACID,27.4804,2.3448,9.5,6.7773,2.7227,no,6.7773,OK
592,BASE,30.8813,11.7045,5.5,6.7844,1.2844,no,6.7844,OK
593,ACID,34.002,2.2425,9.5,6.8264,2.6736,no,6.8264,OK
594,BASE,25.5597,11.6137,5.5,6.7584,1.2584,no,6.7584,OK
595,BASE,38.4502,11.8132,5.5,6.8657,1.3657,no,6.8657,OK
596,ACID,30.9752,2.2765,9.5,6.792,2.708,no,6.792,OK
597,BASE,36.4277,11.8116,5.5,6.817,1.317,no,6.817,OK
598,ACID,38.9535,2.1665,9.5,6.7287,2.7713,no,6.7287,OK
599,BASE,39.0304,11.8482,5.5,6.7535,1.2535,no,6.7535,OK
600,ACID,35.3401,2.2344,9.5,6.748,2.752,no,6.748,OK
