event_id,current_ph,counter_agent,stage,elapsed_seconds,budget_seconds,stage_pass,total_elapsed_s,pass_2s_target
INTS1-EVT-001,3.8,base,ICS creates recovery event,0.021,0.3,True,0.0831,True
INTS1-EVT-001,3.8,base,Gateway switches to RECOVERY,0.0521,0.5,True,0.0831,True
INTS1-EVT-001,3.8,base,Controller sends recovery command,0.0831,2.0,True,0.0831,True
INTS1-EVT-002,9.4,acid,ICS creates recovery event,0.021,0.3,True,0.0831,True
INTS1-EVT-002,9.4,acid,Gateway switches to RECOVERY,0.052,0.5,True,0.0831,True
INTS1-EVT-002,9.4,acid,Controller sends recovery command,0.0831,2.0,True,0.0831,True
INTS1-EVT-003,3.8,base,ICS creates recovery event,0.021,0.3,True,0.0832,True
INTS1-EVT-003,3.8,base,Gateway switches to RECOVERY,0.0521,0.5,True,0.0832,True
INTS1-EVT-003,3.8,base,Controller sends recovery command,0.0832,2.0,True,0.0832,True
INTS1-EVT-004,9.4,acid,ICS creates recovery event,0.0211,0.3,True,0.0832,True
INTS1-EVT-004,9.4,acid,Gateway switches to RECOVERY,0.0521,0.5,True,0.0832,True
INTS1-EVT-004,9.4,acid,Controller sends recovery command,0.0832,2.0,True,0.0832,True
INTS1-EVT-005,3.8,base,ICS creates recovery event,0.0211,0.3,True,0.0832,True
INTS1-EVT-005,3.8,base,Gateway switches to RECOVERY,0.0521,0.5,True,0.0832,True
INTS1-EVT-005,3.8,base,Controller sends recovery command,0.0832,2.0,True,0.0832,True
INTS1-EVT-006,9.4,acid,ICS creates recovery event,0.0211,0.3,True,0.0832,True
INTS1-EVT-006,9.4,acid,Gateway switches to RECOVERY,0.0521,0.5,True,0.0832,True
INTS1-EVT-006,9.4,acid,Controller sends recovery command,0.0832,2.0,True,0.0832,True
INTS1-EVT-007,3.8,base,ICS creates recovery event,0.0211,0.3,True,0.0824,True
INTS1-EVT-007,3.8,base,Gateway switches to RECOVERY,0.0513,0.5,True,0.0824,True
INTS1-EVT-007,3.8,base,Controller sends recovery command,0.0824,2.0,True,0.0824,True
INTS1-EVT-008,9.4,acid,ICS creates recovery event,0.0204,0.3,True,0.0826,True
INTS1-EVT-008,9.4,acid,Gateway switches to RECOVERY,0.0515,0.5,True,0.0826,True
INTS1-EVT-008,9.4,acid,Controller sends recovery command,0.0826,2.0,True,0.0826,True
INTS1-EVT-009,3.8,base,ICS creates recovery event,0.0205,0.3,True,0.0827,True
INTS1-EVT-009,3.8,base,Gateway switches to RECOVERY,0.0516,0.5,True,0.0827,True
INTS1-EVT-009,3.8,base,Controller sends recovery command,0.0827,2.0,True,0.0827,True
INTS1-EVT-010,9.4,acid,ICS creates recovery event,0.021,0.3,True,0.0832,True
INTS1-EVT-010,9.4,acid,Gateway switches to RECOVERY,0.0521,0.5,True,0.0832,True
INTS1-EVT-010,9.4,acid,Controller sends recovery command,0.0832,2.0,True,0.0832,True
INTS1-EVT-011,3.8,base,ICS creates recovery event,0.0206,0.3,True,0.0826,True
INTS1-EVT-011,3.8,base,Gateway switches to RECOVERY,0.0517,0.5,True,0.0826,True
INTS1-EVT-011,3.8,base,Controller sends recovery command,0.0826,2.0,True,0.0826,True
INTS1-EVT-012,9.4,acid,ICS creates recovery event,0.0211,0.3,True,0.0833,True
INTS1-EVT-012,9.4,acid,Gateway switches to RECOVERY,0.0522,0.5,True,0.0833,True
INTS1-EVT-012,9.4,acid,Controller sends recovery command,0.0833,2.0,True,0.0833,True
INTS1-EVT-013,3.8,base,ICS creates recovery event,0.0211,0.3,True,0.083,True
INTS1-EVT-013,3.8,base,Gateway switches to RECOVERY,0.0522,0.5,True,0.083,True
INTS1-EVT-013,3.8,base,Controller sends recovery command,0.083,2.0,True,0.083,True
INTS1-EVT-014,9.4,acid,ICS creates recovery event,0.0211,0.3,True,0.0833,True
INTS1-EVT-014,9.4,acid,Gateway switches to RECOVERY,0.0522,0.5,True,0.0833,True
INTS1-EVT-014,9.4,acid,Controller sends recovery command,0.0833,2.0,True,0.0833,True
INTS1-EVT-015,3.8,base,ICS creates recovery event,0.021,0.3,True,0.0832,True
INTS1-EVT-015,3.8,base,Gateway switches to RECOVERY,0.0521,0.5,True,0.0832,True
INTS1-EVT-015,3.8,base,Controller sends recovery command,0.0832,2.0,True,0.0832,True
INTS1-EVT-016,9.4,acid,ICS creates recovery event,0.0211,0.3,True,0.0833,True
INTS1-EVT-016,9.4,acid,Gateway switches to RECOVERY,0.0522,0.5,True,0.0833,True
INTS1-EVT-016,9.4,acid,Controller sends recovery command,0.0833,2.0,True,0.0833,True
INTS1-EVT-017,3.8,base,ICS creates recovery event,0.021,0.3,True,0.0833,True
INTS1-EVT-017,3.8,base,Gateway switches to RECOVERY,0.0521,0.5,True,0.0833,True
INTS1-EVT-017,3.8,base,Controller sends recovery command,0.0833,2.0,True,0.0833,True
INTS1-EVT-018,9.4,acid,ICS creates recovery event,0.0211,0.3,True,0.0833,True
INTS1-EVT-018,9.4,acid,Gateway switches to RECOVERY,0.0522,0.5,True,0.0833,True
INTS1-EVT-018,9.4,acid,Controller sends recovery command,0.0833,2.0,True,0.0833,True
INTS1-EVT-019,3.8,base,ICS creates recovery event,0.0211,0.3,True,0.0833,True
INTS1-EVT-019,3.8,base,Gateway switches to RECOVERY,0.0522,0.5,True,0.0833,True
INTS1-EVT-019,3.8,base,Controller sends recovery command,0.0833,2.0,True,0.0833,True
INTS1-EVT-020,9.4,acid,ICS creates recovery event,0.021,0.3,True,0.0831,True
INTS1-EVT-020,9.4,acid,Gateway switches to RECOVERY,0.0521,0.5,True,0.0831,True
INTS1-EVT-020,9.4,acid,Controller sends recovery command,0.0831,2.0,True,0.0831,True
INTS1-EVT-021,3.8,base,ICS creates recovery event,0.0205,0.3,True,0.0818,True
INTS1-EVT-021,3.8,base,Gateway switches to RECOVERY,0.0507,0.5,True,0.0818,True
INTS1-EVT-021,3.8,base,Controller sends recovery command,0.0818,2.0,True,0.0818,True
INTS1-EVT-022,9.4,acid,ICS creates recovery event,0.021,0.3,True,0.0825,True
INTS1-EVT-022,9.4,acid,Gateway switches to RECOVERY,0.0521,0.5,True,0.0825,True
INTS1-EVT-022,9.4,acid,Controller sends recovery command,0.0825,2.0,True,0.0825,True
INTS1-EVT-023,3.8,base,ICS creates recovery event,0.021,0.3,True,0.0831,True
INTS1-EVT-023,3.8,base,Gateway switches to RECOVERY,0.0521,0.5,True,0.0831,True
INTS1-EVT-023,3.8,base,Controller sends recovery command,0.0831,2.0,True,0.0831,True
INTS1-EVT-024,9.4,acid,ICS creates recovery event,0.021,0.3,True,0.083,True
INTS1-EVT-024,9.4,acid,Gateway switches to RECOVERY,0.052,0.5,True,0.083,True
INTS1-EVT-024,9.4,acid,Controller sends recovery command,0.083,2.0,True,0.083,True
INTS1-EVT-025,3.8,base,ICS creates recovery event,0.021,0.3,True,0.0831,True
INTS1-EVT-025,3.8,base,Gateway switches to RECOVERY,0.0521,0.5,True,0.0831,True
INTS1-EVT-025,3.8,base,Controller sends recovery command,0.0831,2.0,True,0.0831,True
INTS1-EVT-026,9.4,acid,ICS creates recovery event,0.021,0.3,True,0.0832,True
INTS1-EVT-026,9.4,acid,Gateway switches to RECOVERY,0.0521,0.5,True,0.0832,True
INTS1-EVT-026,9.4,acid,Controller sends recovery command,0.0832,2.0,True,0.0832,True
INTS1-EVT-027,3.8,base,ICS creates recovery event,0.0208,0.3,True,0.083,True
INTS1-EVT-027,3.8,base,Gateway switches to RECOVERY,0.0519,0.5,True,0.083,True
INTS1-EVT-027,3.8,base,Controller sends recovery command,0.083,2.0,True,0.083,True
INTS1-EVT-028,9.4,acid,ICS creates recovery event,0.021,0.3,True,0.0832,True
INTS1-EVT-028,9.4,acid,Gateway switches to RECOVERY,0.0521,0.5,True,0.0832,True
INTS1-EVT-028,9.4,acid,Controller sends recovery command,0.0832,2.0,True,0.0832,True
INTS1-EVT-029,3.8,base,ICS creates recovery event,0.021,0.3,True,0.0832,True
INTS1-EVT-029,3.8,base,Gateway switches to RECOVERY,0.0521,0.5,True,0.0832,True
INTS1-EVT-029,3.8,base,Controller sends recovery command,0.0832,2.0,True,0.0832,True
INTS1-EVT-030,9.4,acid,ICS creates recovery event,0.021,0.3,True,0.0832,True
INTS1-EVT-030,9.4,acid,Gateway switches to RECOVERY,0.0521,0.5,True,0.0832,True
INTS1-EVT-030,9.4,acid,Controller sends recovery command,0.0832,2.0,True,0.0832,True
INTS1-EVT-031,3.8,base,ICS creates recovery event,0.0211,0.3,True,0.0835,True
INTS1-EVT-031,3.8,base,Gateway switches to RECOVERY,0.0524,0.5,True,0.0835,True
INTS1-EVT-031,3.8,base,Controller sends recovery command,0.0835,2.0,True,0.0835,True
INTS1-EVT-032,9.4,acid,ICS creates recovery event,0.0211,0.3,True,0.0833,True
INTS1-EVT-032,9.4,acid,Gateway switches to RECOVERY,0.0522,0.5,True,0.0833,True
INTS1-EVT-032,9.4,acid,Controller sends recovery command,0.0833,2.0,True,0.0833,True
INTS1-EVT-033,3.8,base,ICS creates recovery event,0.021,0.3,True,0.0822,True
INTS1-EVT-033,3.8,base,Gateway switches to RECOVERY,0.0511,0.5,True,0.0822,True
INTS1-EVT-033,3.8,base,Controller sends recovery command,0.0822,2.0,True,0.0822,True
INTS1-EVT-034,9.4,acid,ICS creates recovery event,0.0211,0.3,True,0.0823,True
INTS1-EVT-034,9.4,acid,Gateway switches to RECOVERY,0.0512,0.5,True,0.0823,True
INTS1-EVT-034,9.4,acid,Controller sends recovery command,0.0823,2.0,True,0.0823,True
INTS1-EVT-035,3.8,base,ICS creates recovery event,0.0211,0.3,True,0.0831,True
INTS1-EVT-035,3.8,base,Gateway switches to RECOVERY,0.0521,0.5,True,0.0831,True
INTS1-EVT-035,3.8,base,Controller sends recovery command,0.0831,2.0,True,0.0831,True
INTS1-EVT-036,9.4,acid,ICS creates recovery event,0.0211,0.3,True,0.0827,True
INTS1-EVT-036,9.4,acid,Gateway switches to RECOVERY,0.0516,0.5,True,0.0827,True
INTS1-EVT-036,9.4,acid,Controller sends recovery command,0.0827,2.0,True,0.0827,True
INTS1-EVT-037,3.8,base,ICS creates recovery event,0.0206,0.3,True,0.0827,True
INTS1-EVT-037,3.8,base,Gateway switches to RECOVERY,0.0517,0.5,True,0.0827,True
INTS1-EVT-037,3.8,base,Controller sends recovery command,0.0827,2.0,True,0.0827,True
INTS1-EVT-038,9.4,acid,ICS creates recovery event,0.021,0.3,True,0.0832,True
INTS1-EVT-038,9.4,acid,Gateway switches to RECOVERY,0.0521,0.5,True,0.0832,True
INTS1-EVT-038,9.4,acid,Controller sends recovery command,0.0832,2.0,True,0.0832,True
INTS1-EVT-039,3.8,base,ICS creates recovery event,0.0211,0.3,True,0.0832,True
INTS1-EVT-039,3.8,base,Gateway switches to RECOVERY,0.0521,0.5,True,0.0832,True
INTS1-EVT-039,3.8,base,Controller sends recovery command,0.0832,2.0,True,0.0832,True
INTS1-EVT-040,9.4,acid,ICS creates recovery event,0.021,0.3,True,0.0831,True
INTS1-EVT-040,9.4,acid,Gateway switches to RECOVERY,0.0521,0.5,True,0.0831,True
INTS1-EVT-040,9.4,acid,Controller sends recovery command,0.0831,2.0,True,0.0831,True
INTS1-EVT-041,3.8,base,ICS creates recovery event,0.0207,0.3,True,0.0828,True
INTS1-EVT-041,3.8,base,Gateway switches to RECOVERY,0.0517,0.5,True,0.0828,True
INTS1-EVT-041,3.8,base,Controller sends recovery command,0.0828,2.0,True,0.0828,True
INTS1-EVT-042,9.4,acid,ICS creates recovery event,0.0211,0.3,True,0.0833,True
INTS1-EVT-042,9.4,acid,Gateway switches to RECOVERY,0.0522,0.5,True,0.0833,True
INTS1-EVT-042,9.4,acid,Controller sends recovery command,0.0833,2.0,True,0.0833,True
INTS1-EVT-043,3.8,base,ICS creates recovery event,0.0211,0.3,True,0.0833,True
INTS1-EVT-043,3.8,base,Gateway switches to RECOVERY,0.0522,0.5,True,0.0833,True
INTS1-EVT-043,3.8,base,Controller sends recovery command,0.0833,2.0,True,0.0833,True
INTS1-EVT-044,9.4,acid,ICS creates recovery event,0.0206,0.3,True,0.0828,True
INTS1-EVT-044,9.4,acid,Gateway switches to RECOVERY,0.0517,0.5,True,0.0828,True
INTS1-EVT-044,9.4,acid,Controller sends recovery command,0.0828,2.0,True,0.0828,True
INTS1-EVT-045,3.8,base,ICS creates recovery event,0.0211,0.3,True,0.0829,True
INTS1-EVT-045,3.8,base,Gateway switches to RECOVERY,0.0518,0.5,True,0.0829,True
INTS1-EVT-045,3.8,base,Controller sends recovery command,0.0829,2.0,True,0.0829,True
INTS1-EVT-046,9.4,acid,ICS creates recovery event,0.0211,0.3,True,0.0833,True
INTS1-EVT-046,9.4,acid,Gateway switches to RECOVERY,0.0522,0.5,True,0.0833,True
INTS1-EVT-046,9.4,acid,Controller sends recovery command,0.0833,2.0,True,0.0833,True
INTS1-EVT-047,3.8,base,ICS creates recovery event,0.0211,0.3,True,0.0833,True
INTS1-EVT-047,3.8,base,Gateway switches to RECOVERY,0.0522,0.5,True,0.0833,True
INTS1-EVT-047,3.8,base,Controller sends recovery command,0.0833,2.0,True,0.0833,True
INTS1-EVT-048,9.4,acid,ICS creates recovery event,0.021,0.3,True,0.0832,True
INTS1-EVT-048,9.4,acid,Gateway switches to RECOVERY,0.0521,0.5,True,0.0832,True
INTS1-EVT-048,9.4,acid,Controller sends recovery command,0.0832,2.0,True,0.0832,True
INTS1-EVT-049,3.8,base,ICS creates recovery event,0.0211,0.3,True,0.0832,True
INTS1-EVT-049,3.8,base,Gateway switches to RECOVERY,0.0521,0.5,True,0.0832,True
INTS1-EVT-049,3.8,base,Controller sends recovery command,0.0832,2.0,True,0.0832,True
INTS1-EVT-050,9.4,acid,ICS creates recovery event,0.0211,0.3,True,0.0831,True
INTS1-EVT-050,9.4,acid,Gateway switches to RECOVERY,0.0522,0.5,True,0.0831,True
INTS1-EVT-050,9.4,acid,Controller sends recovery command,0.0831,2.0,True,0.0831,True
INTS1-EVT-051,3.8,base,ICS creates recovery event,0.0213,0.3,True,0.0835,True
INTS1-EVT-051,3.8,base,Gateway switches to RECOVERY,0.0524,0.5,True,0.0835,True
INTS1-EVT-051,3.8,base,Controller sends recovery command,0.0835,2.0,True,0.0835,True
INTS1-EVT-052,9.4,acid,ICS creates recovery event,0.0211,0.3,True,0.0833,True
INTS1-EVT-052,9.4,acid,Gateway switches to RECOVERY,0.0522,0.5,True,0.0833,True
INTS1-EVT-052,9.4,acid,Controller sends recovery command,0.0833,2.0,True,0.0833,True
INTS1-EVT-053,3.8,base,ICS creates recovery event,0.0211,0.3,True,0.0833,True
INTS1-EVT-053,3.8,base,Gateway switches to RECOVERY,0.0522,0.5,True,0.0833,True
INTS1-EVT-053,3.8,base,Controller sends recovery command,0.0833,2.0,True,0.0833,True
INTS1-EVT-054,9.4,acid,ICS creates recovery event,0.0211,0.3,True,0.0833,True
INTS1-EVT-054,9.4,acid,Gateway switches to RECOVERY,0.0522,0.5,True,0.0833,True
INTS1-EVT-054,9.4,acid,Controller sends recovery command,0.0833,2.0,True,0.0833,True
INTS1-EVT-055,3.8,base,ICS creates recovery event,0.0211,0.3,True,0.0828,True
INTS1-EVT-055,3.8,base,Gateway switches to RECOVERY,0.0522,0.5,True,0.0828,True
INTS1-EVT-055,3.8,base,Controller sends recovery command,0.0828,2.0,True,0.0828,True
INTS1-EVT-056,9.4,acid,ICS creates recovery event,0.021,0.3,True,0.0832,True
INTS1-EVT-056,9.4,acid,Gateway switches to RECOVERY,0.0521,0.5,True,0.0832,True
INTS1-EVT-056,9.4,acid,Controller sends recovery command,0.0832,2.0,True,0.0832,True
INTS1-EVT-057,3.8,base,ICS creates recovery event,0.0211,0.3,True,0.0834,True
INTS1-EVT-057,3.8,base,Gateway switches to RECOVERY,0.0522,0.5,True,0.0834,True
INTS1-EVT-057,3.8,base,Controller sends recovery command,0.0834,2.0,True,0.0834,True
INTS1-EVT-058,9.4,acid,ICS creates recovery event,0.0211,0.3,True,0.0833,True
INTS1-EVT-058,9.4,acid,Gateway switches to RECOVERY,0.0521,0.5,True,0.0833,True
INTS1-EVT-058,9.4,acid,Controller sends recovery command,0.0833,2.0,True,0.0833,True
INTS1-EVT-059,3.8,base,ICS creates recovery event,0.0211,0.3,True,0.0833,True
INTS1-EVT-059,3.8,base,Gateway switches to RECOVERY,0.0521,0.5,True,0.0833,True
INTS1-EVT-059,3.8,base,Controller sends recovery command,0.0833,2.0,True,0.0833,True
INTS1-EVT-060,9.4,acid,ICS creates recovery event,0.0211,0.3,True,0.0832,True
INTS1-EVT-060,9.4,acid,Gateway switches to RECOVERY,0.0521,0.5,True,0.0832,True
INTS1-EVT-060,9.4,acid,Controller sends recovery command,0.0832,2.0,True,0.0832,True
INTS1-EVT-061,3.8,base,ICS creates recovery event,0.021,0.3,True,0.0823,True
INTS1-EVT-061,3.8,base,Gateway switches to RECOVERY,0.0513,0.5,True,0.0823,True
INTS1-EVT-061,3.8,base,Controller sends recovery command,0.0823,2.0,True,0.0823,True
INTS1-EVT-062,9.4,acid,ICS creates recovery event,0.0211,0.3,True,0.0823,True
INTS1-EVT-062,9.4,acid,Gateway switches to RECOVERY,0.0512,0.5,True,0.0823,True
INTS1-EVT-062,9.4,acid,Controller sends recovery command,0.0823,2.0,True,0.0823,True
INTS1-EVT-063,3.8,base,ICS creates recovery event,0.021,0.3,True,0.0832,True
INTS1-EVT-063,3.8,base,Gateway switches to RECOVERY,0.0521,0.5,True,0.0832,True
INTS1-EVT-063,3.8,base,Controller sends recovery command,0.0832,2.0,True,0.0832,True
INTS1-EVT-064,9.4,acid,ICS creates recovery event,0.0211,0.3,True,0.0832,True
INTS1-EVT-064,9.4,acid,Gateway switches to RECOVERY,0.0522,0.5,True,0.0832,True
INTS1-EVT-064,9.4,acid,Controller sends recovery command,0.0832,2.0,True,0.0832,True
INTS1-EVT-065,3.8,base,ICS creates recovery event,0.021,0.3,True,0.0827,True
INTS1-EVT-065,3.8,base,Gateway switches to RECOVERY,0.0521,0.5,True,0.0827,True
INTS1-EVT-065,3.8,base,Controller sends recovery command,0.0827,2.0,True,0.0827,True
INTS1-EVT-066,9.4,acid,ICS creates recovery event,0.021,0.3,True,0.0832,True
INTS1-EVT-066,9.4,acid,Gateway switches to RECOVERY,0.0521,0.5,True,0.0832,True
INTS1-EVT-066,9.4,acid,Controller sends recovery command,0.0832,2.0,True,0.0832,True
INTS1-EVT-067,3.8,base,ICS creates recovery event,0.0211,0.3,True,0.0823,True
INTS1-EVT-067,3.8,base,Gateway switches to RECOVERY,0.0521,0.5,True,0.0823,True
INTS1-EVT-067,3.8,base,Controller sends recovery command,0.0823,2.0,True,0.0823,True
INTS1-EVT-068,9.4,acid,ICS creates recovery event,0.0207,0.3,True,0.0822,True
INTS1-EVT-068,9.4,acid,Gateway switches to RECOVERY,0.0511,0.5,True,0.0822,True
INTS1-EVT-068,9.4,acid,Controller sends recovery command,0.0822,2.0,True,0.0822,True
INTS1-EVT-069,3.8,base,ICS creates recovery event,0.0211,0.3,True,0.0828,True
INTS1-EVT-069,3.8,base,Gateway switches to RECOVERY,0.052,0.5,True,0.0828,True
INTS1-EVT-069,3.8,base,Controller sends recovery command,0.0828,2.0,True,0.0828,True
INTS1-EVT-070,9.4,acid,ICS creates recovery event,0.0201,0.3,True,0.0823,True
INTS1-EVT-070,9.4,acid,Gateway switches to RECOVERY,0.0512,0.5,True,0.0823,True
INTS1-EVT-070,9.4,acid,Controller sends recovery command,0.0823,2.0,True,0.0823,True
INTS1-EVT-071,3.8,base,ICS creates recovery event,0.0211,0.3,True,0.0833,True
INTS1-EVT-071,3.8,base,Gateway switches to RECOVERY,0.0522,0.5,True,0.0833,True
INTS1-EVT-071,3.8,base,Controller sends recovery command,0.0833,2.0,True,0.0833,True
INTS1-EVT-072,9.4,acid,ICS creates recovery event,0.0207,0.3,True,0.0829,True
INTS1-EVT-072,9.4,acid,Gateway switches to RECOVERY,0.0518,0.5,True,0.0829,True
INTS1-EVT-072,9.4,acid,Controller sends recovery command,0.0829,2.0,True,0.0829,True
INTS1-EVT-073,3.8,base,ICS creates recovery event,0.021,0.3,True,0.0831,True
INTS1-EVT-073,3.8,base,Gateway switches to RECOVERY,0.0521,0.5,True,0.0831,True
INTS1-EVT-073,3.8,base,Controller sends recovery command,0.0831,2.0,True,0.0831,True
INTS1-EVT-074,9.4,acid,ICS creates recovery event,0.021,0.3,True,0.0832,True
INTS1-EVT-074,9.4,acid,Gateway switches to RECOVERY,0.0521,0.5,True,0.0832,True
INTS1-EVT-074,9.4,acid,Controller sends recovery command,0.0832,2.0,True,0.0832,True
INTS1-EVT-075,3.8,base,ICS creates recovery event,0.0208,0.3,True,0.0828,True
INTS1-EVT-075,3.8,base,Gateway switches to RECOVERY,0.0517,0.5,True,0.0828,True
INTS1-EVT-075,3.8,base,Controller sends recovery command,0.0828,2.0,True,0.0828,True
INTS1-EVT-076,9.4,acid,ICS creates recovery event,0.021,0.3,True,0.0828,True
INTS1-EVT-076,9.4,acid,Gateway switches to RECOVERY,0.0522,0.5,True,0.0828,True
INTS1-EVT-076,9.4,acid,Controller sends recovery command,0.0828,2.0,True,0.0828,True
INTS1-EVT-077,3.8,base,ICS creates recovery event,0.021,0.3,True,0.0824,True
INTS1-EVT-077,3.8,base,Gateway switches to RECOVERY,0.0514,0.5,True,0.0824,True
INTS1-EVT-077,3.8,base,Controller sends recovery command,0.0824,2.0,True,0.0824,True
INTS1-EVT-078,9.4,acid,ICS creates recovery event,0.021,0.3,True,0.0832,True
INTS1-EVT-078,9.4,acid,Gateway switches to RECOVERY,0.0521,0.5,True,0.0832,True
INTS1-EVT-078,9.4,acid,Controller sends recovery command,0.0832,2.0,True,0.0832,True
INTS1-EVT-079,3.8,base,ICS creates recovery event,0.0203,0.3,True,0.0824,True
INTS1-EVT-079,3.8,base,Gateway switches to RECOVERY,0.0514,0.5,True,0.0824,True
INTS1-EVT-079,3.8,base,Controller sends recovery command,0.0824,2.0,True,0.0824,True
INTS1-EVT-080,9.4,acid,ICS creates recovery event,0.0211,0.3,True,0.083,True
INTS1-EVT-080,9.4,acid,Gateway switches to RECOVERY,0.0522,0.5,True,0.083,True
INTS1-EVT-080,9.4,acid,Controller sends recovery command,0.083,2.0,True,0.083,True
INTS1-EVT-081,3.8,base,ICS creates recovery event,0.0211,0.3,True,0.0827,True
INTS1-EVT-081,3.8,base,Gateway switches to RECOVERY,0.0522,0.5,True,0.0827,True
INTS1-EVT-081,3.8,base,Controller sends recovery command,0.0827,2.0,True,0.0827,True
INTS1-EVT-082,9.4,acid,ICS creates recovery event,0.0211,0.3,True,0.0823,True
INTS1-EVT-082,9.4,acid,Gateway switches to RECOVERY,0.0522,0.5,True,0.0823,True
INTS1-EVT-082,9.4,acid,Controller sends recovery command,0.0823,2.0,True,0.0823,True
INTS1-EVT-083,3.8,base,ICS creates recovery event,0.0211,0.3,True,0.0832,True
INTS1-EVT-083,3.8,base,Gateway switches to RECOVERY,0.0522,0.5,True,0.0832,True
INTS1-EVT-083,3.8,base,Controller sends recovery command,0.0832,2.0,True,0.0832,True
INTS1-EVT-084,9.4,acid,ICS creates recovery event,0.021,0.3,True,0.0832,True
INTS1-EVT-084,9.4,acid,Gateway switches to RECOVERY,0.0521,0.5,True,0.0832,True
INTS1-EVT-084,9.4,acid,Controller sends recovery command,0.0832,2.0,True,0.0832,True
INTS1-EVT-085,3.8,base,ICS creates recovery event,0.0211,0.3,True,0.0827,True
INTS1-EVT-085,3.8,base,Gateway switches to RECOVERY,0.0515,0.5,True,0.0827,True
INTS1-EVT-085,3.8,base,Controller sends recovery command,0.0827,2.0,True,0.0827,True
INTS1-EVT-086,9.4,acid,ICS creates recovery event,0.0211,0.3,True,0.0833,True
INTS1-EVT-086,9.4,acid,Gateway switches to RECOVERY,0.0522,0.5,True,0.0833,True
INTS1-EVT-086,9.4,acid,Controller sends recovery command,0.0833,2.0,True,0.0833,True
INTS1-EVT-087,3.8,base,ICS creates recovery event,0.0211,0.3,True,0.0832,True
INTS1-EVT-087,3.8,base,Gateway switches to RECOVERY,0.0521,0.5,True,0.0832,True
INTS1-EVT-087,3.8,base,Controller sends recovery command,0.0832,2.0,True,0.0832,True
INTS1-EVT-088,9.4,acid,ICS creates recovery event,0.0209,0.3,True,0.0823,True
INTS1-EVT-088,9.4,acid,Gateway switches to RECOVERY,0.0512,0.5,True,0.0823,True
INTS1-EVT-088,9.4,acid,Controller sends recovery command,0.0823,2.0,True,0.0823,True
INTS1-EVT-089,3.8,base,ICS creates recovery event,0.0211,0.3,True,0.0832,True
INTS1-EVT-089,3.8,base,Gateway switches to RECOVERY,0.0521,0.5,True,0.0832,True
INTS1-EVT-089,3.8,base,Controller sends recovery command,0.0832,2.0,True,0.0832,True
INTS1-EVT-090,9.4,acid,ICS creates recovery event,0.021,0.3,True,0.0832,True
INTS1-EVT-090,9.4,acid,Gateway switches to RECOVERY,0.0521,0.5,True,0.0832,True
INTS1-EVT-090,9.4,acid,Controller sends recovery command,0.0832,2.0,True,0.0832,True
INTS1-EVT-091,3.8,base,ICS creates recovery event,0.021,0.3,True,0.0832,True
INTS1-EVT-091,3.8,base,Gateway switches to RECOVERY,0.0521,0.5,True,0.0832,True
INTS1-EVT-091,3.8,base,Controller sends recovery command,0.0832,2.0,True,0.0832,True
INTS1-EVT-092,9.4,acid,ICS creates recovery event,0.0211,0.3,True,0.0832,True
INTS1-EVT-092,9.4,acid,Gateway switches to RECOVERY,0.0521,0.5,True,0.0832,True
INTS1-EVT-092,9.4,acid,Controller sends recovery command,0.0832,2.0,True,0.0832,True
INTS1-EVT-093,3.8,base,ICS creates recovery event,0.0211,0.3,True,0.0825,True
INTS1-EVT-093,3.8,base,Gateway switches to RECOVERY,0.0514,0.5,True,0.0825,True
INTS1-EVT-093,3.8,base,Controller sends recovery command,0.0825,2.0,True,0.0825,True
INTS1-EVT-094,9.4,acid,ICS creates recovery event,0.0211,0.3,True,0.0832,True
INTS1-EVT-094,9.4,acid,Gateway switches to RECOVERY,0.0521,0.5,True,0.0832,True
INTS1-EVT-094,9.4,acid,Controller sends recovery command,0.0832,2.0,True,0.0832,True
INTS1-EVT-095,3.8,base,ICS creates recovery event,0.0211,0.3,True,0.0834,True
INTS1-EVT-095,3.8,base,Gateway switches to RECOVERY,0.0522,0.5,True,0.0834,True
INTS1-EVT-095,3.8,base,Controller sends recovery command,0.0834,2.0,True,0.0834,True
INTS1-EVT-096,9.4,acid,ICS creates recovery event,0.0208,0.3,True,0.0831,True
INTS1-EVT-096,9.4,acid,Gateway switches to RECOVERY,0.052,0.5,True,0.0831,True
INTS1-EVT-096,9.4,acid,Controller sends recovery command,0.0831,2.0,True,0.0831,True
INTS1-EVT-097,3.8,base,ICS creates recovery event,0.021,0.3,True,0.0833,True
INTS1-EVT-097,3.8,base,Gateway switches to RECOVERY,0.0522,0.5,True,0.0833,True
INTS1-EVT-097,3.8,base,Controller sends recovery command,0.0833,2.0,True,0.0833,True
INTS1-EVT-098,9.4,acid,ICS creates recovery event,0.021,0.3,True,0.0834,True
INTS1-EVT-098,9.4,acid,Gateway switches to RECOVERY,0.0522,0.5,True,0.0834,True
INTS1-EVT-098,9.4,acid,Controller sends recovery command,0.0834,2.0,True,0.0834,True
INTS1-EVT-099,3.8,base,ICS creates recovery event,0.0209,0.3,True,0.0832,True
INTS1-EVT-099,3.8,base,Gateway switches to RECOVERY,0.0521,0.5,True,0.0832,True
INTS1-EVT-099,3.8,base,Controller sends recovery command,0.0832,2.0,True,0.0832,True
INTS1-EVT-100,9.4,acid,ICS creates recovery event,0.0211,0.3,True,0.0825,True
INTS1-EVT-100,9.4,acid,Gateway switches to RECOVERY,0.0521,0.5,True,0.0825,True
INTS1-EVT-100,9.4,acid,Controller sends recovery command,0.0825,2.0,True,0.0825,True
