event_id,t_s,ph
1,2.0,2.178
1,22.41,2.3421
1,41.41,2.6011
1,70.55,3.331
1,100.72,6.9079
2,2.0,11.7982
2,21.87,11.627
2,40.87,11.3467
2,73.57,10.6284
2,101.39,6.7775
3,2.0,11.8214
3,22.52,11.6556
3,42.16,11.4054
3,75.4,10.8183
3,108.65,6.7685
4,2.0,11.7372
4,21.0,11.5336
4,40.0,11.156
4,69.29,9.7625
4,98.97,6.8058
5,2.0,11.6504
5,24.35,11.4018
5,43.71,10.8226
5,73.86,9.643
5,101.92,6.797
6,2.0,11.7174
6,20.75,11.5281
6,41.66,11.1682
6,77.38,9.8913
6,106.72,6.7758
7,2.0,2.2099
7,20.36,2.3546
7,40.24,2.6376
7,69.89,3.6148
7,99.11,6.787
8,2.0,2.2217
8,22.77,2.3961
8,44.84,2.7267
8,74.62,5.7026
8,102.61,6.807
9,2.0,11.8305
9,19.49,11.7417
9,38.49,11.5435
9,57.58,11.1873
9,86.58,10.0106
9,113.66,6.7749
10,2.0,2.3497
10,21.0,2.5929
10,60.61,3.2037
10,90.88,6.6636
11,2.0,2.1638
11,21.0,2.3142
11,40.0,2.5439
11,72.28,3.0654
11,102.08,6.8698
12,2.0,2.4314
12,21.49,2.7163
12,54.73,5.4819
12,83.07,6.7978
13,2.0,11.8562
13,19.19,11.7848
13,38.87,11.6089
13,59.41,11.3254
13,88.76,10.5898
13,119.14,6.892
14,2.0,2.3626
14,19.11,2.4362
14,40.8,2.7885
14,72.43,6.1666
14,104.99,6.7912
15,2.0,2.2025
15,21.0,2.3772
15,42.09,2.6719
15,71.09,4.1918
15,98.82,6.8104
16,2.0,2.2172
16,20.75,2.3776
16,39.75,2.6613
16,70.47,3.7895
16,99.98,6.8021
17,2.0,2.1838
17,22.68,2.3427
17,42.33,2.5965
17,71.84,3.268
17,101.95,6.7351
18,2.0,2.1865
18,21.47,2.3434
18,40.47,2.598
18,70.86,3.2345
18,103.37,6.7005
19,2.0,2.4986
19,20.23,2.8052
19,49.4,6.1714
19,77.5,6.7817
20,2.0,11.6933
20,20.39,11.5592
20,42.13,11.2323
20,72.08,10.241
20,101.64,6.804
21,2.0,11.7863
21,21.86,11.6074
21,43.04,11.3212
21,74.29,10.5168
21,102.41,6.8404
22,2.0,2.2426
22,19.76,2.3603
22,41.01,2.6341
22,73.45,3.4988
22,103.4,6.768
23,2.0,2.2572
23,21.57,2.4045
23,42.28,2.7226
23,74.91,5.4271
23,106.86,6.7755
24,2.0,11.5437
24,21.15,11.1935
24,55.02,10.118
24,85.32,6.753
25,2.0,2.2031
25,21.17,2.3781
25,42.49,2.6656
25,74.64,3.967
25,111.87,6.7276
26,2.0,2.1498
26,21.0,2.3023
26,41.19,2.541
26,75.9,3.0978
26,104.98,6.7438
27,2.0,11.6437
27,21.31,11.3692
27,40.73,10.6999
27,70.8,9.9029
27,99.8,6.795
28,2.0,11.6618
28,21.11,11.408
28,40.84,10.837
28,72.97,9.8672
28,100.0,6.7586
29,2.0,2.4799
29,21.12,2.765
29,52.54,6.0906
29,80.08,6.8339
30,2.0,11.7463
30,21.0,11.569
30,41.82,11.2705
30,73.45,10.5012
30,101.26,6.9168
31,2.0,2.5169
31,21.56,2.8395
31,51.4,6.4867
32,2.0,11.6249
32,21.44,11.3599
32,40.44,10.688
32,69.14,10.1518
32,100.14,6.7617
33,2.0,2.2788
33,22.22,2.4848
33,41.22,2.8848
33,69.82,3.6027
33,99.26,6.7071
34,2.0,11.6385
34,19.73,11.4811
34,39.1,11.0773
34,69.55,9.2915
34,98.01,6.7871
35,2.0,11.7739
35,23.4,11.5972
35,44.51,11.3061
35,75.43,10.5757
35,105.4,6.6731
36,2.0,11.7392
36,20.82,11.5669
36,41.95,11.2522
36,72.28,10.3624
36,102.41,6.7819
37,2.0,11.809
37,23.1,11.742
37,43.23,11.557
37,63.37,11.2423
37,97.7,10.371
37,128.67,6.795
38,2.0,2.3975
38,21.58,2.7101
38,53.69,5.3282
38,80.13,6.7734
39,2.0,2.1627
39,22.14,2.3132
39,43.07,2.5488
39,72.07,3.0802
39,101.87,6.7688
40,2.0,2.4432
40,20.45,2.7211
40,56.0,5.1709
40,86.39,6.7817
41,2.0,11.5245
41,21.64,11.1757
41,52.4,10.0335
41,80.28,6.8129
42,2.0,2.2774
42,23.74,2.4858
42,42.94,2.8776
42,72.23,3.3251
42,101.79,6.7945
43,2.0,2.3166
43,23.24,2.5461
43,44.33,3.0667
43,74.56,3.6247
43,102.13,6.8009
44,2.0,2.2558
44,20.17,2.3874
44,40.04,2.7082
44,69.38,5.4054
44,95.88,6.8508
45,2.0,2.1885
45,21.63,2.3433
45,40.63,2.6007
45,69.84,3.2722
45,98.61,6.7871
46,2.0,11.7316
46,20.02,11.5786
46,39.26,11.2374
46,70.18,10.1311
46,98.74,6.778
47,2.0,2.2273
47,20.09,2.3301
47,40.42,2.578
47,71.57,3.2071
47,101.84,6.9403
48,2.0,11.7018
48,22.14,11.4826
48,41.88,11.0566
48,73.71,8.2236
49,2.0,2.367
49,19.23,2.4306
49,40.19,2.7543
49,77.4,5.7787
49,106.88,6.781
50,2.0,2.3146
50,19.49,2.4405
50,39.34,2.7753
50,70.69,5.7482
50,98.75,6.7475
51,2.0,11.7754
51,24.02,11.5953
51,43.1,11.2994
51,73.39,10.4459
51,103.44,6.7519
52,2.0,2.2473
52,22.03,2.3968
52,41.75,2.6968
52,73.23,4.7527
52,100.65,6.8124
53,2.0,2.252
53,22.39,2.4377
53,41.39,2.7675
53,71.85,5.7507
53,100.16,6.7896
54,2.0,2.3589
54,19.48,2.4287
54,38.48,2.7636
54,72.66,5.8577
54,100.58,6.7556
55,2.0,11.811
55,21.0,11.6514
55,38.68,11.5664
55,57.68,11.2386
55,89.52,10.296
55,120.63,6.818
56,2.0,11.5942
56,22.5,11.3009
56,38.61,11.1688
56,69.88,9.9527
56,97.51,6.7879
57,2.0,11.5734
57,23.05,11.2666
57,43.21,10.4034
57,72.62,9.5163
57,102.42,6.7607
58,2.0,2.2615
58,22.99,2.3699
58,41.99,2.6547
58,72.73,3.6087
58,100.87,6.8091
59,2.0,11.4952
59,20.96,11.0915
59,52.84,9.2534
59,81.55,6.8204
60,2.0,2.1818
60,23.48,2.3354
60,42.48,2.5666
60,72.35,3.1123
60,103.63,6.6735
61,2.0,11.5694
61,21.58,11.2557
61,53.23,10.3298
61,80.18,6.9185
62,2.0,11.6946
62,19.78,11.5462
62,42.9,11.198
62,73.17,10.015
62,100.88,6.806
63,2.0,2.4653
63,20.81,2.729
63,50.48,5.4457
63,77.91,6.7735
64,2.0,2.4422
64,22.97,2.7775
64,53.57,5.9864
64,80.31,6.8469
65,2.0,2.2196
65,24.12,2.3878
65,43.12,2.6591
65,76.72,3.5302
65,107.21,6.7967
66,2.0,2.4434
66,20.39,2.7232
66,53.24,5.7747
66,81.6,6.812
67,2.0,2.3877
67,22.18,2.6939
67,56.44,5.3039
67,86.03,6.8273
68,2.0,11.5451
68,22.08,11.1887
68,54.42,10.0137
68,80.8,6.7694
69,2.0,11.8104
69,21.91,11.7319
69,41.78,11.5472
69,61.35,11.229
69,91.41,10.323
69,121.85,6.8298
70,2.0,2.2024
70,23.61,2.3788
70,43.49,2.6784
70,74.08,4.1174
70,102.62,6.7837
71,2.0,2.1905
71,21.74,2.358
71,42.79,2.6374
71,72.23,3.5441
71,106.64,6.8257
72,2.0,2.2414
72,21.72,2.4033
72,41.35,2.7061
72,73.91,4.474
72,106.73,6.8121
73,2.0,2.414
73,21.0,2.7214
73,54.33,4.929
73,85.77,6.7719
74,2.0,11.6344
74,22.54,11.3782
74,42.8,10.7935
74,71.83,10.0991
74,101.59,6.8737
75,2.0,11.749
75,19.83,11.6137
75,41.26,11.3249
75,70.56,10.5562
75,98.73,6.7731
76,2.0,11.7655
76,21.63,11.5836
76,41.01,11.2748
76,72.56,10.4029
76,103.23,6.8051
77,2.0,2.1799
77,21.18,2.32
77,41.67,2.5666
77,73.26,3.1726
77,102.19,6.7137
78,2.0,2.2193
78,20.28,2.3597
78,39.28,2.6225
78,70.73,3.3686
78,98.11,6.7289
79,2.0,2.4113
79,23.52,2.7323
79,55.24,5.4758
79,83.72,6.7467
80,2.0,11.8067
80,22.51,11.6436
80,42.46,11.3835
80,74.7,10.7657
80,105.48,6.6788
81,2.0,2.1817
81,21.14,2.3477
81,42.24,2.6076
81,76.8,3.3575
81,105.82,6.8479
82,2.0,2.1919
82,21.23,2.3546
82,41.76,2.6139
82,79.0,3.2881
82,107.83,6.8195
83,2.0,2.2289
83,23.66,2.3841
83,44.11,2.6632
83,74.25,3.6204
83,111.84,6.7732
84,2.0,2.169
84,21.04,2.3166
84,41.57,2.5414
84,74.38,3.0384
84,103.74,6.6485
85,2.0,11.6207
85,21.7,11.3383
85,42.05,10.6314
85,73.22,9.7497
85,101.66,6.799
86,2.0,11.5317
86,21.0,11.1649
86,52.57,9.8063
86,79.94,6.751
87,2.0,2.4996
87,19.84,2.772
87,52.28,6.1591
87,79.59,6.7865
88,2.0,11.7403
88,20.89,11.5594
88,39.89,11.2203
88,72.47,10.1662
88,102.35,6.8105
89,2.0,11.6512
89,19.91,11.5093
89,41.07,11.1322
89,76.37,9.7527
89,107.29,6.7794
90,2.0,2.5253
90,20.35,2.8646
90,49.91,6.4775
91,2.0,2.2781
91,20.58,2.3693
91,39.58,2.643
91,69.6,3.5909
91,98.09,6.8426
92,2.0,2.1956
92,21.0,2.3531
92,41.04,2.5943
92,70.58,3.1694
92,100.85,6.6093
93,2.0,11.6171
93,23.59,11.3231
93,44.08,10.6008
93,75.13,10.2226
93,106.97,6.841
94,2.0,2.1726
94,21.0,2.3317
94,40.0,2.5868
94,69.12,3.2478
94,99.18,6.7289
95,2.0,2.2762
95,19.34,2.3828
95,39.47,2.6671
95,74.04,3.7778
95,102.01,6.7828
96,2.0,11.7595
96,21.24,11.5744
96,42.84,11.261
96,81.58,10.3624
96,111.92,6.7178
97,2.0,11.6508
97,22.52,11.3817
97,42.44,10.7204
97,69.75,9.9976
97,98.75,6.7397
98,2.0,2.4838
98,20.4,2.7496
98,50.14,5.859
98,76.59,6.7606
99,2.0,2.1531
99,24.06,2.3056
99,43.06,2.5417
99,75.32,3.0881
99,109.68,6.8137
100,2.0,11.5482
100,23.19,11.1914
100,54.82,10.0144
100,82.82,6.8001
101,2.0,2.2944
101,19.23,2.4068
101,38.69,2.7318
101,72.08,5.6467
101,101.41,6.7942
102,2.0,11.6921
102,22.38,11.5341
102,43.02,11.1755
102,75.72,10.0416
102,102.23,6.7829
103,2.0,11.5775
103,21.0,11.252
103,53.68,10.2522
103,81.62,6.8571
104,2.0,2.2785
104,21.99,2.4939
104,42.55,2.9406
104,72.78,3.6179
104,103.16,6.7652
105,2.0,11.7185
105,22.28,11.5593
105,41.46,11.2316
105,70.46,10.2858
105,100.64,6.9557
106,2.0,2.2665
106,22.55,2.4773
106,41.79,2.8896
106,74.17,3.4393
106,104.42,6.857
107,2.0,11.8559
107,22.67,11.7136
107,40.78,11.5908
107,60.13,11.2729
107,92.14,10.3197
107,123.15,6.8025
108,2.0,2.1979
108,21.02,2.3629
108,40.02,2.6408
108,70.46,3.5254
108,98.37,6.8048
109,2.0,11.523
109,22.13,11.1572
109,58.83,10.0562
109,86.1,6.7764
110,2.0,2.3083
110,18.4,2.3624
110,40.01,2.6429
110,70.75,3.6538
110,101.84,6.7359
111,2.0,11.5273
111,18.99,11.4549
111,39.99,10.9925
111,73.98,7.2343
112,2.0,11.7773
112,21.0,11.6015
112,40.0,11.3125
112,73.92,10.5324
112,102.21,6.7495
113,2.0,11.663
113,21.23,11.4306
113,40.23,10.9611
113,68.07,9.919
113,96.85,6.8632
114,2.0,2.4459
114,23.33,2.7571
114,57.04,5.9378
114,84.63,6.7614
115,2.0,11.7608
115,22.1,11.5795
115,41.83,11.2825
115,72.27,10.4879
115,101.86,6.7206
116,2.0,11.6896
116,19.79,11.5477
116,38.79,11.221
116,69.32,10.2115
116,104.41,6.7487
117,2.0,11.7712
117,18.99,11.7113
117,37.99,11.4984
117,58.35,11.1223
117,88.4,9.7554
117,120.15,6.808
118,2.0,2.3295
118,23.47,2.5789
118,42.9,3.2387
118,70.65,5.9563
118,100.83,6.7808
119,2.0,11.8521
119,20.08,11.7553
119,40.27,11.5629
119,59.27,11.2198
119,88.85,10.1106
119,117.02,6.8666
120,2.0,2.2311
120,23.69,2.3817
120,45.7,2.6603
120,75.5,3.7133
120,104.81,6.7574
121,2.0,2.1651
121,22.25,2.3202
121,42.81,2.5672
121,73.36,3.1739
121,104.23,6.6346
122,2.0,11.7845
122,22.14,11.6161
122,43.67,11.3489
122,72.91,10.7156
122,103.86,6.7618
123,2.0,11.77
123,21.29,11.5813
123,40.29,11.2488
123,69.77,10.1897
123,97.9,6.7478
124,2.0,11.516
124,25.37,11.128
124,56.43,9.6042
124,84.4,6.7483
125,2.0,2.1886
125,21.0,2.3507
125,43.01,2.61
125,74.47,3.2817
125,106.58,6.7241
126,2.0,2.2194
126,22.45,2.3987
126,41.56,2.7142
126,71.16,5.2907
126,100.07,6.7967
127,2.0,11.5669
127,23.18,11.2197
127,53.47,10.0991
127,79.96,6.7987
128,2.0,2.3724
128,18.81,2.4287
128,38.83,2.7483
128,69.34,5.6221
128,95.53,6.818
129,2.0,2.2023
129,21.0,2.3668
129,40.0,2.6232
129,70.13,3.3579
129,99.13,6.8699
130,2.0,11.5112
130,24.96,11.0911
130,62.51,9.1405
130,90.41,6.7939
131,2.0,2.3264
131,20.1,2.4202
131,40.3,2.7262
131,71.52,5.0211
131,99.9,6.7607
132,2.0,2.2264
132,20.59,2.3772
132,40.34,2.6763
132,75.22,4.4186
132,103.22,6.7876
133,2.0,11.5359
133,21.0,11.1677
133,50.42,9.8804
133,78.24,6.7924
134,2.0,2.2356
134,23.33,2.4116
134,44.37,2.7064
134,76.13,4.0422
134,104.7,6.7528
135,2.0,2.4178
135,22.07,2.7158
135,55.97,5.3809
135,84.73,6.7396
136,2.0,11.696
136,21.54,11.5303
136,42.36,11.1845
136,71.36,10.1156
136,100.62,6.7897
137,2.0,2.4984
137,21.41,2.7307
137,53.61,5.3417
137,80.41,6.7743
138,2.0,2.2626
138,20.42,2.4295
138,39.42,2.7586
138,68.92,5.8455
138,97.06,6.8059
139,2.0,2.5274
139,21.76,2.7931
139,51.4,6.1306
139,78.37,6.8065
140,2.0,2.3676
140,23.76,2.6436
140,53.5,3.6671
140,89.83,6.8358
141,2.0,2.2431
141,19.97,2.37
141,38.97,2.6375
141,71.56,3.4112
141,99.4,6.8288
142,2.0,2.4322
142,20.98,2.759
142,52.62,5.6539
142,80.46,6.7521
143,2.0,11.6868
143,21.94,11.5562
143,42.23,11.2238
143,71.57,10.1634
143,99.8,6.8048
144,2.0,11.5779
144,23.04,11.2726
144,42.04,10.4205
144,69.78,9.6749
144,95.81,6.7828
145,2.0,11.7336
145,20.62,11.5553
145,41.26,11.1954
145,75.61,10.0056
145,103.04,6.8056
146,2.0,2.2756
146,19.86,2.4136
146,39.73,2.7234
146,72.72,5.335
146,108.33,6.8066
147,2.0,2.3908
147,23.05,2.7053
147,56.31,5.3565
147,84.11,6.7681
148,2.0,2.3518
148,21.0,2.6103
148,41.25,3.3588
148,70.26,5.1303
148,99.63,6.811
149,2.0,2.2146
149,20.91,2.3782
149,39.91,2.6627
149,71.21,3.7707
149,99.11,6.8085
150,2.0,11.5658
150,22.54,11.234
150,53.29,10.1802
150,80.1,6.7733
151,2.0,2.2006
151,23.46,2.3626
151,44.75,2.6299
151,76.73,3.3778
151,107.84,6.8575
152,2.0,2.4667
152,22.26,2.8068
152,52.7,6.2295
152,84.36,6.735
153,2.0,2.455
153,20.68,2.781
153,58.83,6.1382
153,85.51,6.7575
154,2.0,2.4919
154,20.85,2.7666
154,53.26,5.8491
154,86.68,6.7666
155,2.0,2.2092
155,20.5,2.3535
155,43.02,2.5988
155,74.58,3.228
155,103.85,6.8175
156,2.0,2.3075
156,19.52,2.4136
156,38.92,2.732
156,68.41,5.5566
156,101.87,6.7778
157,2.0,11.8474
157,19.08,11.7771
157,38.08,11.588
157,58.32,11.2773
157,93.01,10.3605
157,121.36,6.853
158,2.0,2.2359
158,19.92,2.3595
158,39.35,2.6535
158,70.28,3.818
158,96.99,6.8023
159,2.0,2.4966
159,21.58,2.7867
159,53.09,5.9765
159,80.21,6.8145
160,2.0,11.7058
160,22.99,11.4986
160,42.74,11.0962
160,74.34,9.3712
160,103.14,6.7902
161,2.0,2.4607
161,21.67,2.7635
161,59.59,5.9701
161,89.12,6.7842
162,2.0,11.5023
162,21.81,11.1039
162,55.56,9.6281
162,86.96,6.7697
163,2.0,11.8339
163,19.13,11.7683
163,39.26,11.5829
163,59.65,11.2675
163,95.63,10.367
163,124.29,6.8164
164,2.0,2.4366
164,21.0,2.7696
164,52.99,5.8042
164,80.5,6.799
165,2.0,2.296
165,20.43,2.388
165,39.46,2.6819
165,71.52,4.131
165,99.46,6.759
166,2.0,2.3125
166,21.35,2.4338
166,40.8,2.7762
166,70.77,5.9253
166,99.19,6.7824
167,2.0,11.8289
167,21.39,11.6701
167,42.58,11.4253
167,80.36,10.885
167,109.16,6.8617
168,2.0,2.3412
168,19.06,2.3954
168,38.06,2.6903
168,71.5,4.3978
168,103.23,6.7862
169,2.0,2.2492
169,20.21,2.3994
169,39.97,2.7061
169,71.32,4.9637
169,99.32,6.7694
170,2.0,2.3268
170,19.33,2.4472
170,38.33,2.7811
170,67.89,5.9584
170,96.32,6.7684
171,2.0,11.6927
171,21.0,11.4676
171,40.0,11.0215
171,71.11,10.1167
171,98.62,6.8268
172,2.0,2.4213
172,21.47,2.7394
172,50.47,5.6437
172,76.97,6.7732
173,2.0,2.3346
173,18.64,2.4196
173,37.64,2.7365
173,70.39,5.6304
173,97.49,6.7498
174,2.0,2.4315
174,20.85,2.7431
174,51.17,5.6887
174,77.36,6.7646
175,2.0,2.2165
175,21.14,2.3849
175,43.32,2.6635
175,76.53,3.674
175,105.37,6.8365
176,2.0,11.8367
176,21.23,11.6847
176,41.47,11.4538
176,61.63,10.9705
176,91.57,10.5272
176,119.62,6.8189
177,2.0,11.681
177,20.94,11.5627
177,40.27,11.222
177,70.07,10.1865
177,99.37,6.6781
178,2.0,2.1653
178,21.0,2.3204
178,41.62,2.5658
178,70.96,3.1965
178,100.23,6.7025
179,2.0,11.5378
179,21.76,11.166
179,52.93,9.8115
179,79.64,6.7979
180,2.0,11.8241
180,21.0,11.6638
180,40.28,11.4084
180,72.15,10.8483
180,102.94,6.7753
181,2.0,2.4211
181,20.79,2.7308
181,51.03,5.7242
181,78.91,6.7677
182,2.0,2.4657
182,19.87,2.699
182,57.3,4.8457
182,85.84,6.7781
183,2.0,2.26
183,21.49,2.3618
183,42.46,2.641
183,74.97,3.5669
183,104.48,6.7903
184,2.0,11.6418
184,20.28,11.5268
184,41.04,11.1545
184,74.17,9.7335
184,105.43,6.7916
185,2.0,2.3761
185,23.43,2.6573
185,57.05,3.6487
185,86.08,6.8239
186,2.0,11.8421
186,19.5,11.7864
186,38.5,11.6093
186,60.85,11.3224
186,92.02,10.5789
186,122.98,6.6696
187,2.0,2.4938
187,23.51,2.8571
187,58.11,6.3695
188,2.0,2.179
188,21.9,2.3319
188,40.9,2.5829
188,72.69,3.2098
188,101.78,6.8147
189,2.0,11.763
189,22.17,11.576
189,43.1,11.2554
189,73.7,10.3199
189,104.7,6.8266
190,2.0,2.3363
190,22.97,2.5903
190,43.02,3.2463
190,72.56,5.9572
190,101.45,6.8001
191,2.0,2.3507
191,18.13,2.411
191,40.57,2.7211
191,71.53,5.2344
191,102.97,6.7159
192,2.0,11.5666
192,21.0,11.217
192,52.69,10.094
192,79.49,6.7525
193,2.0,11.6002
193,21.0,11.2879
193,41.26,10.3576
193,69.83,6.9841
194,2.0,2.2005
194,21.0,2.3679
194,42.36,2.6512
194,75.45,3.793
194,105.28,6.8045
195,2.0,2.3718
195,22.69,2.6616
195,55.43,3.6849
195,83.91,6.7514
196,2.0,2.4117
196,21.19,2.7304
196,54.33,5.4919
196,85.09,6.767
197,2.0,11.7113
197,21.86,11.4975
197,42.45,11.1048
197,70.98,10.5991
197,99.35,6.8307
198,2.0,11.781
198,24.55,11.6008
198,44.64,11.2877
198,80.97,10.3938
198,109.88,6.8805
199,2.0,11.622
199,21.99,11.351
199,42.98,10.7054
199,74.31,10.0066
199,105.03,6.8415
200,2.0,11.5205
200,21.56,11.1692
200,51.96,10.0127
200,80.5,6.7757
201,2.0,2.2163
201,20.4,2.3593
201,41.73,2.6274
201,75.5,3.4357
201,109.08,6.7983
202,2.0,11.792
202,21.05,11.6192
202,41.45,11.3384
202,75.38,10.6107
202,104.04,6.7704
203,2.0,2.4096
203,22.3,2.7022
203,51.3,4.4425
203,80.6,6.804
204,2.0,2.1553
204,20.29,2.219
204,39.29,2.4008
204,59.03,2.7057
204,90.39,5.2792
204,119.88,6.7428
205,2.0,11.6314
205,21.71,11.3566
205,41.92,10.6508
205,71.53,9.8139
205,97.86,6.7641
206,2.0,2.3754
206,21.0,2.6734
206,53.01,3.899
206,84.62,6.7801
207,2.0,11.7719
207,21.0,11.584
207,44.1,11.2643
207,76.47,10.312
207,109.9,6.8332
208,2.0,11.8021
208,21.0,11.6375
208,41.44,11.3786
208,72.89,10.7642
208,103.45,6.7874
209,2.0,11.6141
209,21.03,11.5013
209,42.68,11.1196
209,78.11,9.7068
209,106.26,6.7586
210,2.0,2.5272
210,20.99,2.8481
210,53.86,6.3326
211,2.0,2.1655
211,20.03,2.2348
211,40.69,2.414
211,60.08,2.7351
211,92.86,5.4211
211,120.84,6.7912
212,2.0,2.4015
212,21.67,2.7074
212,60.42,5.3854
212,87.11,6.8051
213,2.0,11.7561
213,21.0,11.5644
213,40.49,11.2227
213,77.69,10.1401
213,106.2,6.8568
214,2.0,11.7039
214,20.5,11.5337
214,41.61,11.173
214,71.71,9.8423
214,104.15,6.7709
215,2.0,2.3602
215,18.06,2.416
215,39.09,2.7277
215,69.12,5.213
215,99.51,6.7974
216,2.0,2.2282
216,20.76,2.3973
216,41.78,2.7046
216,80.24,4.7989
216,108.78,6.8408
217,2.0,11.777
217,22.21,11.6025
217,42.7,11.3102
217,75.97,10.5689
217,108.55,6.7759
218,2.0,11.581
218,21.0,11.2722
218,40.94,10.3713
218,72.54,7.442
219,2.0,11.723
219,21.05,11.5614
219,40.05,11.2198
219,71.39,10.122
219,97.94,6.7889
220,2.0,11.8224
220,21.57,11.7307
220,40.94,11.5384
220,59.94,11.2065
220,94.71,10.1698
220,124.21,6.7157
221,2.0,2.4721
221,20.68,2.7561
221,53.68,5.8214
221,86.8,6.8161
222,2.0,11.6792
222,21.29,11.4334
222,41.8,10.8657
222,72.16,10.2644
222,104.49,6.7986
223,2.0,2.2127
223,22.51,2.3775
223,42.93,2.6872
223,73.67,4.5932
223,103.9,6.7784
224,2.0,2.2342
224,19.96,2.3641
224,42.09,2.6346
224,71.79,3.4516
224,100.87,6.7387
225,2.0,2.4193
225,22.28,2.7243
225,63.38,5.3403
225,91.15,6.787
226,2.0,11.7022
226,22.14,11.4744
226,41.78,11.0105
226,69.17,10.4525
226,97.08,6.7509
227,2.0,11.6133
227,23.27,11.3395
227,42.53,10.6575
227,78.61,9.9434
227,108.23,6.79
228,2.0,2.1693
228,21.0,2.3298
228,42.08,2.5942
228,73.61,3.2837
228,101.95,6.7787
229,2.0,11.5932
229,20.18,11.4606
229,40.18,11.0461
229,71.73,9.1285
229,100.16,6.8066
230,2.0,2.4807
230,23.1,2.7896
230,56.37,6.2089
230,81.97,6.7836
231,2.0,2.3802
231,23.76,2.6859
231,53.39,4.7465
231,80.52,6.7961
232,2.0,11.7151
232,20.35,11.5485
232,42.09,11.2323
232,71.09,10.3264
232,100.06,6.6755
233,2.0,11.8202
233,21.0,11.6558
233,41.11,11.3878
233,73.29,10.7628
233,102.39,6.8544
234,2.0,2.2262
234,19.81,2.3507
234,40.67,2.6221
234,72.95,3.4523
234,100.36,6.7979
235,2.0,2.1567
235,22.47,2.3119
235,42.5,2.5431
235,72.28,3.0784
235,102.4,6.8654
236,2.0,2.4606
236,20.26,2.7279
236,50.52,5.2532
236,79.33,6.7825
237,2.0,2.5328
237,19.79,2.8108
237,51.07,6.2393
237,78.33,6.796
238,2.0,11.7246
238,23.78,11.5609
238,44.19,11.2457
238,77.58,10.3121
238,106.27,6.8868
239,2.0,11.7551
239,20.86,11.5834
239,40.11,11.2829
239,72.04,10.4764
239,101.23,6.8816
240,2.0,2.2285
240,21.23,2.3817
240,41.4,2.6596
240,71.29,3.5653
240,102.84,6.7981
241,2.0,2.4347
241,20.53,2.7203
241,50.59,5.4021
241,76.86,6.8006
242,2.0,2.2855
242,20.58,2.3862
242,40.75,2.68
242,71.2,4.1019
242,98.96,6.7873
243,2.0,11.6887
243,21.17,11.5546
243,40.58,11.2096
243,70.78,10.042
243,98.45,6.7952
244,2.0,2.2269
244,20.9,2.3361
244,40.29,2.6067
244,77.25,3.426
244,105.94,6.8255
245,2.0,2.2004
245,21.95,2.3702
245,43.31,2.6464
245,74.73,3.5942
245,102.31,6.7834
246,2.0,2.2393
246,20.78,2.4091
246,39.79,2.7154
246,70.11,5.0951
246,100.67,6.8531
247,2.0,2.4779
247,20.17,2.7501
247,51.66,5.7701
247,80.66,6.7541
248,2.0,2.3928
248,21.46,2.7012
248,51.7,4.6183
248,79.42,6.7924
249,2.0,11.7356
249,20.81,11.5547
249,40.12,11.2214
249,70.21,10.1882
249,100.41,6.7449
250,2.0,2.3939
250,22.3,2.7082
250,54.28,5.3564
250,81.58,6.8147
251,2.0,11.5514
251,21.71,11.1825
251,51.87,9.819
251,85.44,6.7671
252,2.0,11.6345
252,21.0,11.3546
252,40.62,10.6212
252,68.92,9.9867
252,98.19,6.7942
253,2.0,2.2816
253,20.72,2.4249
253,41.18,2.7482
253,72.21,5.6079
253,107.32,6.7574
254,2.0,2.2904
254,21.93,2.4185
254,41.41,2.7372
254,70.41,5.607
254,99.76,6.8003
255,2.0,2.259
255,23.58,2.4558
255,42.67,2.8448
255,70.4,3.6742
255,100.29,6.7916
256,2.0,2.3161
256,19.0,2.4126
256,38.53,2.7161
256,69.45,4.2733
256,98.28,6.7943
257,2.0,11.5966
257,22.74,11.2828
257,43.51,10.3893
257,78.4,9.6162
257,107.13,6.8008
258,2.0,2.1878
258,22.41,2.3461
258,42.57,2.6159
258,72.56,3.4369
258,101.94,6.8168
259,2.0,2.2951
259,19.46,2.3752
259,38.96,2.6751
259,73.06,4.3215
259,101.41,6.8246
260,2.0,11.6546
260,21.0,11.4061
260,40.0,10.8074
260,67.22,10.1358
260,93.84,6.7044
261,2.0,2.1726
261,21.72,2.326
261,42.32,2.5656
261,73.13,3.1268
261,110.23,6.6602
262,2.0,2.337
262,21.0,2.5811
262,42.7,3.1649
262,76.36,5.1722
262,104.57,6.7927
263,2.0,11.6522
263,22.78,11.4101
263,41.78,10.9046
263,72.43,10.3384
263,101.83,6.7193
264,2.0,11.7828
264,21.89,11.6078
264,41.88,11.3189
264,75.08,10.5347
264,107.71,6.8587
265,2.0,2.2864
265,19.59,2.4001
265,40.59,2.6933
265,73.84,4.2265
265,103.61,6.7587
266,2.0,11.6638
266,20.6,11.5302
266,40.41,11.181
266,69.5,10.1077
266,96.03,6.8824
267,2.0,11.7628
267,21.0,11.5832
267,40.34,11.2778
267,70.39,10.4574
267,102.06,6.8161
268,2.0,2.1929
268,21.0,2.3617
268,42.44,2.6369
268,76.69,3.5836
268,106.15,6.78
269,2.0,2.4648
269,20.56,2.7553
269,54.8,5.7978
269,83.65,6.7886
270,2.0,11.6521
270,23.05,11.406
270,44.02,10.8719
270,71.47,10.4801
270,99.9,6.8373
271,2.0,2.2335
271,19.83,2.3573
271,41.37,2.6288
271,71.4,3.4998
271,99.52,6.7478
272,2.0,2.395
272,21.39,2.6913
272,51.0,4.0411
272,78.12,6.7694
273,2.0,2.32
273,21.18,2.5536
273,40.1,2.8141
273,70.2,6.2139
273,103.47,6.8618
274,2.0,2.3886
274,22.78,2.6668
274,53.9,3.6721
274,84.71,6.7904
275,2.0,2.2317
275,20.33,2.3625
275,39.97,2.6376
275,70.24,3.5939
275,98.96,6.7914
276,2.0,2.2846
276,20.34,2.3944
276,39.51,2.6815
276,70.5,3.8445
276,101.22,6.83
277,2.0,2.2318
277,21.95,2.3987
277,40.95,2.6838
277,71.03,3.9002
277,107.89,6.7613
278,2.0,11.6159
278,21.0,11.3336
278,41.92,10.6425
278,74.44,9.827
278,101.15,6.7761
279,2.0,2.4363
279,21.93,2.7275
279,53.93,5.3734
279,81.61,6.7742
280,2.0,2.4745
280,20.14,2.7536
280,52.02,5.992
280,81.12,6.7564
281,2.0,11.7625
281,22.32,11.5685
281,43.55,11.2264
281,75.49,10.1079
281,102.43,6.7318
282,2.0,11.6849
282,21.0,11.4509
282,41.09,10.933
282,71.22,10.2372
282,102.22,6.7411
283,2.0,2.3015
283,19.45,2.4079
283,41.47,2.699
283,71.77,4.3639
283,101.31,6.7957
284,2.0,11.6526
284,19.43,11.516
284,39.45,11.1282
284,69.35,9.4583
284,100.09,6.8064
285,2.0,2.2239
285,20.33,2.3599
285,39.33,2.6344
285,71.76,3.5984
285,98.65,6.7262
286,2.0,2.5256
286,20.09,2.8127
286,53.04,6.147
286,78.73,6.7582
287,2.0,11.7526
287,21.0,11.556
287,42.25,11.2031
287,73.73,10.0508
287,100.06,6.877
288,2.0,11.7503
288,20.67,11.5804
288,41.44,11.2773
288,70.44,10.4145
288,97.68,6.7051
289,2.0,2.4648
289,20.49,2.7667
289,51.95,5.8508
289,80.02,6.7891
290,2.0,11.5929
290,21.0,11.275
290,52.9,10.2723
290,80.39,6.7699
291,2.0,2.4419
291,20.53,2.7462
291,51.21,5.8094
291,81.51,6.8072
292,2.0,2.3868
292,21.88,2.6646
292,54.53,3.7097
292,83.7,6.7186
293,2.0,2.153
293,21.43,2.3053
293,40.43,2.5469
293,72.26,3.1168
293,109.69,6.7063
294,2.0,11.5317
294,21.0,11.1617
294,50.97,9.6974
294,78.77,6.7692
295,2.0,2.5167
295,21.04,2.81
295,50.29,6.2358
295,80.77,6.7749
296,2.0,11.8069
296,23.13,11.6344
296,44.4,11.3521
296,80.32,10.6442
296,108.45,6.7198
297,2.0,2.4711
297,20.94,2.7672
297,53.37,5.9039
297,80.75,6.8113
298,2.0,2.2097
298,22.84,2.3819
298,41.84,2.6662
298,75.95,3.7558
298,109.13,6.7509
299,2.0,11.5037
299,20.59,11.1555
299,54.77,9.8034
299,83.59,6.7629
300,2.0,11.7414
300,21.95,11.5605
300,40.95,11.211
300,72.4,10.0891
300,106.29,6.8549
301,2.0,11.5475
301,22.08,11.2073
301,53.8,10.1383
301,83.98,6.8286
302,2.0,2.4816
302,21.73,2.7519
302,53.39,5.8095
302,81.38,6.79
303,2.0,11.7972
303,21.0,11.6191
303,41.49,11.3297
303,73.69,10.5875
303,103.84,6.6498
304,2.0,11.7154
304,22.04,11.5312
304,42.55,11.1703
304,73.12,9.9503
304,102.07,6.7853
305,2.0,2.2695
305,22.05,2.3958
305,41.62,2.677
305,72.56,3.8985
305,100.11,6.8515
306,2.0,11.7434
306,22.76,11.5562
306,43.18,11.2441
306,73.77,10.3383
306,104.44,6.75
307,2.0,11.567
307,22.22,11.2474
307,39.66,11.1041
307,73.87,9.5665
307,101.1,6.8344
308,2.0,2.3667
308,21.11,2.6486
308,50.11,3.6434
308,79.52,6.7973
309,2.0,11.5656
309,22.01,11.2334
309,52.86,10.236
309,84.84,6.7582
310,2.0,2.1767
310,23.11,2.3294
310,42.11,2.5627
310,72.11,3.1013
310,103.27,6.7989
311,2.0,11.6536
311,21.0,11.3989
311,38.18,11.194
311,68.62,10.0148
311,95.01,6.7791
312,2.0,2.4165
312,21.46,2.7183
312,50.46,4.7341
312,78.46,6.7822
313,2.0,11.6059
313,22.71,11.3175
313,43.3,10.568
313,71.88,9.8531
313,98.11,6.744
314,2.0,2.3751
314,23.49,2.647
314,54.96,3.5903
314,84.62,6.7878
315,2.0,11.5183
315,20.73,11.1552
315,54.38,9.655
315,82.47,6.8041
316,2.0,11.7126
316,20.61,11.5945
316,40.33,11.2844
316,72.29,10.3974
316,105.13,6.7497
317,2.0,2.3408
317,21.0,2.592
317,42.44,3.2237
317,69.84,5.465
317,98.0,6.8042
318,2.0,2.3099
318,20.25,2.4057
318,41.1,2.7236
318,71.99,5.4602
318,98.23,6.7852
319,2.0,2.3558
319,22.51,2.6231
319,56.13,3.4778
319,87.4,6.7958
320,2.0,11.4908
320,21.26,11.0698
320,51.36,8.4816
321,2.0,2.4847
321,20.19,2.7589
321,49.66,6.0317
321,78.48,6.8131
322,2.0,11.7633
322,21.61,11.5809
322,41.88,11.2713
322,74.92,10.4105
322,109.63,6.7863
323,2.0,2.2041
323,21.02,2.3712
323,40.02,2.6383
323,71.84,3.4442
323,101.06,6.7875
324,2.0,2.2717
324,20.58,2.3673
324,40.0,2.6571
324,69.18,3.7618
324,96.19,6.776
325,2.0,11.799
325,21.73,11.6354
325,43.72,11.3722
325,72.72,10.755
325,101.25,6.8878
326,2.0,11.6565
326,22.93,11.4116
326,42.04,10.8669
326,68.46,10.3992
326,96.76,6.8585
327,2.0,2.222
327,21.19,2.343
327,41.44,2.6124
327,76.75,3.4734
327,105.98,6.8058
328,2.0,11.7533
328,21.16,11.5654
328,40.51,11.2573
328,73.07,10.3505
328,107.67,6.7364
329,2.0,2.427
329,22.59,2.7477
329,51.59,5.6643
329,80.24,6.8465
330,2.0,11.8594
330,22.94,11.7102
330,42.36,11.4748
330,73.17,11.0096
330,105.44,7.0423
331,2.0,11.5521
331,21.0,11.1977
331,54.95,9.9944
331,83.55,6.7833
332,2.0,2.4692
332,20.19,2.7573
332,53.38,5.9415
332,81.24,6.7657
333,2.0,2.2502
333,20.22,2.3935
333,40.68,2.6903
333,69.93,4.3316
333,98.72,6.7892
334,2.0,11.7246
334,22.83,11.5278
334,41.83,11.1704
334,76.94,10.0403
334,104.41,6.7592
335,2.0,11.8345
335,21.41,11.6831
335,40.66,11.4518
335,58.61,11.2743
335,88.8,10.4259
335,116.17,6.7702
336,2.0,2.4929
336,21.19,2.7716
336,54.37,6.0452
336,80.32,6.7981
337,2.0,11.8084
337,19.11,11.7283
337,38.12,11.5262
337,58.73,11.1483
337,89.52,9.8077
337,116.92,6.7957
338,2.0,2.1894
338,21.46,2.3461
338,40.46,2.5952
338,71.16,3.224
338,100.2,6.6735
339,2.0,11.6972
339,20.51,11.5526
339,39.92,11.2164
339,75.8,10.2216
339,102.63,6.7326
340,2.0,11.8399
340,21.91,11.7667
340,41.37,11.582
340,60.37,11.2704
340,89.86,10.3889
340,121.9,6.7749
341,2.0,2.3811
341,21.49,2.6638
341,52.0,3.7605
341,80.39,6.7635
342,2.0,11.5962
342,22.05,11.2901
342,43.65,10.4184
342,73.01,9.9284
342,104.28,6.8469
343,2.0,2.2909
343,19.02,2.3919
343,38.36,2.7127
343,68.08,5.5671
343,101.74,6.7914
344,2.0,11.8203
344,19.26,11.7597
344,38.26,11.572
344,58.96,11.2461
344,89.61,10.2776
344,117.58,6.7649
345,2.0,2.5157
345,22.17,2.8324
345,52.7,6.3911
346,2.0,2.2362
346,20.42,2.3791
346,41.31,2.654
346,72.93,3.6087
346,103.11,6.7717
347,2.0,2.2407
347,19.76,2.3684
347,39.24,2.6645
347,70.95,4.0365
347,101.88,6.821
348,2.0,11.7288
348,20.71,11.5686
348,39.71,11.2377
348,77.03,10.186
348,106.56,6.8061
349,2.0,11.7058
349,22.51,11.5501
349,42.79,11.2006
349,75.81,10.0518
349,109.6,6.7585
350,2.0,2.3767
350,21.43,2.6706
350,53.19,4.053
350,81.53,6.7743
351,2.0,2.2095
351,20.92,2.3712
351,40.03,2.6423
351,77.39,3.5301
351,115.95,6.7476
352,2.0,2.2941
352,19.48,2.3967
352,39.49,2.7039
352,70.43,5.1812
352,100.29,6.7931
353,2.0,11.8458
353,20.48,11.7789
353,39.6,11.6064
353,59.79,11.3081
353,89.32,10.5057
353,116.73,6.8003
354,2.0,2.1873
354,22.44,2.3344
354,44.54,2.5792
354,75.92,3.1566
354,108.18,6.834
355,2.0,2.4268
355,21.0,2.7499
355,50.13,5.6749
355,79.06,6.7838
356,2.0,2.4871
356,21.97,2.7849
356,52.86,5.9997
356,79.88,6.754
357,2.0,2.257
357,20.74,2.3884
357,43.18,2.6776
357,76.1,4.0211
357,108.98,6.7737
358,2.0,2.2188
358,21.05,2.3548
358,40.13,2.6057
358,69.43,3.2404
358,98.63,6.8439
359,2.0,2.3872
359,21.0,2.6809
359,50.12,3.8827
359,84.38,6.8593
360,2.0,11.7618
360,22.27,11.5996
360,42.98,11.2845
360,73.27,10.3299
360,103.11,6.7945
361,2.0,2.3035
361,20.4,2.4503
361,39.61,2.8121
361,70.72,6.2135
361,96.83,6.8534
362,2.0,2.3839
362,22.51,2.6877
362,54.66,4.7978
362,81.07,6.7906
363,2.0,2.3679
363,18.42,2.4452
363,37.61,2.7914
363,73.88,6.077
363,101.54,6.7115
364,2.0,2.3708
364,20.54,2.4439
364,39.79,2.7805
364,68.79,5.9732
364,96.17,6.7775
365,2.0,2.2015
365,21.11,2.3589
365,41.49,2.6102
365,71.08,3.3081
365,99.97,6.7773
366,2.0,2.4177
366,24.0,2.7327
366,53.0,5.6841
366,81.23,6.7585
367,2.0,11.7572
367,21.87,11.5781
367,40.87,11.2837
367,70.51,10.4886
367,99.75,6.7721
368,2.0,11.5894
368,21.99,11.2736
368,52.72,10.3743
368,81.58,6.7873
369,2.0,11.8463
369,21.31,11.7625
369,40.56,11.5732
369,59.67,11.2419
369,94.97,10.2429
369,125.92,6.8314
370,2.0,11.6227
370,21.0,11.3445
370,40.19,11.2275
370,69.19,10.2013
370,98.38,6.8752
371,2.0,2.4278
371,23.66,2.754
371,54.41,5.5923
371,82.36,6.8054
372,2.0,2.4746
372,19.79,2.7303
372,52.26,5.965
372,82.26,6.7943
373,2.0,11.8103
373,23.34,11.6487
373,43.18,11.4017
373,72.97,10.8393
373,102.23,6.8939
374,2.0,11.5544
374,21.46,11.209
374,54.65,10.1243
374,82.51,6.8761
375,2.0,2.2375
375,21.24,2.4063
375,41.54,2.7259
375,76.59,5.533
375,105.13,6.8371
376,2.0,2.3073
376,21.9,2.4191
376,41.49,2.7358
376,71.79,5.6386
376,99.09,6.8142
377,2.0,11.6003
377,21.21,11.3031
377,41.79,10.4973
377,68.27,10.0146
377,98.46,6.7567
378,2.0,11.7784
378,21.56,11.5926
378,40.76,11.2739
378,75.08,10.306
378,105.79,6.7944
379,2.0,11.6063
379,21.05,11.3231
379,40.05,10.6143
379,76.28,9.9061
379,103.15,6.8196
380,2.0,2.2836
380,18.87,2.3692
380,37.87,2.6407
380,72.16,3.5207
380,102.25,6.7891
381,2.0,2.2411
381,24.25,2.4013
381,45.34,2.7077
381,76.97,4.9117
381,104.76,6.8161
382,2.0,11.813
382,21.5,11.6507
382,38.8,11.5204
382,57.93,11.1495
382,88.14,9.8527
382,117.98,6.7754
383,2.0,11.6577
383,21.0,11.4093
383,40.0,10.85
383,68.24,9.8902
383,100.8,6.7791
384,2.0,11.6587
384,21.42,11.4062
384,40.42,10.8582
384,71.19,9.9077
384,101.06,6.8045
385,2.0,2.2464
385,19.68,2.3645
385,40.49,2.6351
385,69.49,3.4347
385,101.92,6.7106
386,2.0,11.6452
386,21.59,11.3794
386,40.59,10.7357
386,67.46,9.9743
386,94.86,6.822
387,2.0,2.1515
387,21.36,2.3014
387,44.08,2.5278
387,80.44,3.0313
387,112.16,6.5995
388,2.0,2.3701
388,22.38,2.6549
388,51.38,3.699
388,81.11,6.7823
389,2.0,2.408
389,22.36,2.7175
389,54.8,5.5114
389,82.98,6.7798
390,2.0,11.8129
390,22.81,11.6567
390,44.1,11.4168
390,77.47,10.9084
390,109.51,6.7308
391,2.0,2.4655
391,21.0,2.836
391,50.01,6.1723
391,79.31,6.7996
392,2.0,11.7311
392,21.0,11.5655
392,40.0,11.24
392,72.05,10.2955
392,103.69,6.7631
393,2.0,2.2951
393,22.51,2.4498
393,43.66,2.7847
393,73.84,5.9737
393,101.5,6.7959
394,2.0,2.5104
394,21.84,2.8415
394,52.94,6.4405
395,2.0,11.8205
395,21.0,11.6578
395,42.04,11.4048
395,74.09,10.853
395,104.7,6.6657
396,2.0,11.6737
396,21.97,11.4523
396,42.27,11.0167
396,71.92,10.1161
396,101.75,6.8362
397,2.0,11.7407
397,20.81,11.5656
397,39.81,11.245
397,71.18,10.3265
397,98.19,6.7521
398,2.0,11.5475
398,21.34,11.1953
398,52.91,10.0397
398,82.28,6.7787
399,2.0,11.7655
399,21.0,11.5889
399,40.0,11.2871
399,69.55,10.4827
399,99.13,6.7617
400,2.0,2.2135
400,21.0,2.3934
400,40.0,2.6868
400,72.92,3.9724
400,101.89,6.7709
401,2.0,2.2416
401,21.65,2.416
401,42.08,2.7417
401,73.19,5.6181
401,100.6,6.8057
402,2.0,11.7263
402,21.0,11.5257
402,40.15,11.1524
402,79.24,9.7534
402,106.88,6.7248
403,2.0,11.6156
403,20.93,11.4893
403,42.43,11.0791
403,74.05,9.0313
403,102.48,6.7598
404,2.0,11.702
404,20.15,11.5384
404,40.05,11.183
404,73.03,10.0266
404,103.94,6.7238
405,2.0,2.2448
405,20.99,2.4029
405,42.35,2.6929
405,75.1,4.0375
405,105.28,6.7676
406,2.0,11.8064
406,21.0,11.6396
406,40.0,11.3757
406,71.37,10.7356
406,100.49,6.7218
407,2.0,11.7441
407,21.98,11.5574
407,40.98,11.2295
407,69.98,10.2821
407,101.18,6.7879
408,2.0,2.1803
408,21.0,2.3446
408,40.22,2.606
408,70.36,3.3871
408,98.31,6.7406
409,2.0,2.1795
409,22.69,2.3296
409,42.28,2.5614
409,77.2,3.0938
409,106.72,6.721
410,2.0,2.3327
410,23.32,2.5866
410,54.61,3.2822
410,84.06,6.6792
411,2.0,11.7362
411,22.41,11.5552
411,41.79,11.2232
411,76.87,10.19
411,106.2,6.9016
412,2.0,2.3091
412,19.33,2.4123
412,39.37,2.7105
412,69.78,4.4247
412,103.03,6.7701
413,2.0,11.7367
413,20.94,11.5381
413,40.44,11.173
413,70.89,9.9208
413,98.24,6.7683
414,2.0,2.1848
414,21.81,2.3369
414,44.02,2.5671
414,73.02,3.0922
414,103.05,6.675
415,2.0,11.7741
415,22.83,11.6018
415,43.48,11.3266
415,73.87,10.6449
415,102.88,6.8616
416,2.0,11.6617
416,21.3,11.4231
416,40.3,10.8986
416,67.78,10.3558
416,96.77,6.7306
417,2.0,11.5766
417,21.0,11.2698
417,40.0,10.4289
417,66.68,9.4004
417,92.61,6.7721
418,2.0,2.1589
418,18.71,2.2159
418,38.93,2.3916
418,59.94,2.6879
418,97.45,4.4724
418,126.73,6.7901
419,2.0,11.8097
419,21.0,11.6489
419,40.0,11.3976
419,74.04,10.8403
419,108.98,6.9272
420,2.0,2.3819
420,22.47,2.686
420,54.72,4.7229
420,82.34,6.7983
421,2.0,11.7765
421,21.15,11.6046
421,40.15,11.325
421,70.35,10.6135
421,103.92,6.981
422,2.0,11.6459
422,21.49,11.3728
422,42.72,10.6736
422,70.92,9.9961
422,102.74,6.8101
423,2.0,11.8319
423,21.48,11.7642
423,40.48,11.5814
423,59.48,11.2488
423,90.73,10.2676
423,121.18,6.7023
424,2.0,2.2966
424,22.68,2.519
424,42.09,3.0058
424,72.28,3.9897
424,103.88,6.8563
425,2.0,2.2847
425,19.48,2.3906
425,38.97,2.667
425,70.3,3.6377
425,102.73,6.7715
426,2.0,2.2479
426,21.72,2.3338
426,41.27,2.5883
426,72.1,3.3257
426,101.64,6.7537
427,2.0,2.3642
427,21.0,2.6352
427,54.54,3.4745
427,89.37,6.8092
428,2.0,2.383
428,21.51,2.647
428,58.04,3.4587
428,90.37,6.7279
429,2.0,11.7629
429,22.25,11.6025
429,41.25,11.2862
429,70.34,10.3983
429,108.14,6.7009
430,2.0,2.4253
430,18.73,2.4837
430,40.43,2.8688
430,70.47,6.4726
431,2.0,2.4802
431,22.86,2.748
431,52.44,5.4834
431,81.05,6.7528
432,2.0,11.7125
432,20.88,11.6018
432,40.83,11.3091
432,71.17,10.5389
432,103.12,6.8525
433,2.0,2.1496
433,21.0,2.3
433,41.72,2.5259
433,73.58,3.0148
433,104.63,6.742
434,2.0,11.7035
434,21.98,11.5308
434,41.08,11.1732
434,71.85,10.0367
434,101.47,6.8315
435,2.0,11.5386
435,21.0,11.1854
435,50.94,9.8569
435,81.84,6.7997
436,2.0,2.2849
436,19.29,2.3808
436,41.54,2.6814
436,70.81,4.1512
436,102.8,6.7849
437,2.0,11.8016
437,21.6,11.6455
437,40.69,11.3922
437,73.9,10.8353
437,105.42,6.8125
438,2.0,11.6728
438,21.83,11.5284
438,41.74,11.1484
438,74.31,9.7568
438,101.82,6.8386
439,2.0,2.3802
439,22.33,2.6835
439,52.02,5.1774
439,82.87,6.8073
440,2.0,11.8188
440,21.0,11.6658
440,41.87,11.4373
440,76.68,10.9572
440,113.25,6.9752
441,2.0,2.4925
441,20.28,2.8017
441,51.46,6.1584
441,79.02,6.7563
442,2.0,2.1541
442,21.0,2.3109
442,40.37,2.5501
442,71.09,3.1249
442,101.22,6.8576
443,2.0,2.2757
443,19.81,2.4092
443,40.08,2.7366
443,69.08,5.5956
443,96.44,6.7788
444,2.0,2.1629
444,22.61,2.3117
444,43.51,2.5386
444,73.43,3.0339
444,101.99,6.9404
445,2.0,2.3582
445,22.06,2.6295
445,42.75,3.4582
445,70.12,5.7348
445,97.7,6.8319
446,2.0,2.18
446,21.86,2.334
446,40.86,2.5928
446,71.16,3.3134
446,102.18,6.8583
447,2.0,11.5839
447,18.0,11.5242
447,37.49,11.1551
447,69.35,9.8348
447,99.1,6.79
448,2.0,11.5789
448,21.0,11.2789
448,41.79,10.5224
448,71.97,9.3003
448,99.12,6.7975
449,2.0,2.4123
449,21.0,2.7237
449,50.87,5.3732
449,79.22,6.7811
450,2.0,11.6428
450,21.72,11.3647
450,43.35,10.6936
450,73.61,10.192
450,100.94,6.8427
451,2.0,11.6624
451,21.68,11.4063
451,40.68,10.8323
451,69.67,10.1126
451,100.77,6.769
452,2.0,11.7785
452,22.59,11.5974
452,43.45,11.3011
452,73.21,10.4997
452,102.69,6.8909
453,2.0,2.5053
453,21.04,2.7748
453,51.96,5.9833
453,80.17,6.7568
454,2.0,2.3756
454,22.08,2.657
454,56.28,3.8401
454,85.62,6.8441
455,2.0,11.5491
455,21.52,11.1904
455,51.99,9.982
455,82.71,6.7799
456,2.0,11.8288
456,21.0,11.6771
456,42.02,11.4491
456,71.67,10.9614
456,106.54,6.8097
457,2.0,11.7572
457,22.69,11.5777
457,42.15,11.2613
457,71.25,10.3785
457,100.68,6.8439
458,2.0,11.7262
458,21.72,11.5514
458,40.72,11.2227
458,70.55,10.2511
458,97.54,6.7299
459,2.0,2.497
459,22.59,2.7995
459,53.67,6.2956
460,2.0,2.4104
460,21.2,2.728
460,52.03,5.2318
460,80.76,6.7981
461,2.0,11.5897
461,22.94,11.2877
461,42.05,10.4502
461,69.52,9.4819
461,102.04,6.7669
462,2.0,2.4222
462,21.0,2.7429
462,53.91,5.455
462,83.52,6.7786
463,2.0,11.8079
463,19.21,11.7286
463,39.71,11.5364
463,58.71,11.1943
463,92.2,10.1415
463,123.37,6.7171
464,2.0,11.514
464,22.01,11.125
464,52.72,9.307
464,79.6,6.7712
465,2.0,11.7087
465,20.9,11.5077
465,41.87,11.1231
465,75.26,9.7499
465,104.4,6.7733
466,2.0,2.4918
466,22.21,2.7409
466,53.47,5.8543
466,80.83,6.8455
467,2.0,11.761
467,22.5,11.5677
467,44.72,11.2306
467,76.18,10.1225
467,108.09,6.715
468,2.0,2.154
468,20.44,2.2067
468,39.7,2.3791
468,59.18,2.6623
468,91.01,3.8428
468,121.27,6.77
469,2.0,11.5646
469,21.1,11.2355
469,38.25,11.0941
469,68.05,9.582
469,95.43,6.7765
470,2.0,11.6519
470,18.96,11.5441
470,38.09,11.1906
470,67.09,10.0039
470,98.65,6.8335
471,2.0,2.4652
471,22.09,2.7824
471,52.51,6.0762
471,78.83,6.7807
472,2.0,2.1524
472,22.07,2.3056
472,43.83,2.5393
472,73.97,3.0911
472,105.3,6.8298
473,2.0,2.34
473,19.78,2.4288
473,38.78,2.7807
473,68.39,6.1839
473,101.5,6.8071
474,2.0,11.6156
474,24.09,11.3446
474,45.15,10.6899
474,71.74,9.9769
474,101.25,6.7418
475,2.0,2.1651
475,21.43,2.3226
475,41.76,2.5613
475,72.69,3.1416
475,103.81,6.8644
476,2.0,11.592
476,21.3,11.2957
476,53.22,10.4717
476,81.93,6.8385
477,2.0,2.1911
477,21.81,2.3514
477,40.98,2.6209
477,69.98,3.4081
477,98.43,6.8488
478,2.0,2.2192
478,20.64,2.3711
478,40.04,2.6409
478,73.93,3.4829
478,107.53,6.7647
479,2.0,2.2741
479,22.06,2.3994
479,41.59,2.7062
479,80.14,4.9501
479,117.25,6.8366
480,2.0,2.2005
480,21.33,2.3614
480,43.1,2.6208
480,77.71,3.3315
480,106.75,6.7307
481,2.0,11.5452
481,23.0,11.2047
481,53.23,10.0914
481,83.41,6.7983
482,2.0,2.1923
482,24.13,2.3493
482,43.13,2.5958
482,78.73,3.208
482,107.19,6.7365
483,2.0,2.2283
483,20.02,2.3628
483,39.35,2.6571
483,69.55,4.0473
483,104.47,6.8267
484,2.0,2.4657
484,22.01,2.718
484,53.01,5.6368
484,79.11,6.7482
485,2.0,2.2736
485,20.41,2.3625
485,40.78,2.6366
485,69.92,3.5203
485,97.0,6.8086
486,2.0,2.4841
486,20.66,2.7917
486,51.86,6.3348
487,2.0,2.4452
487,22.93,2.708
487,60.93,5.026
487,90.07,6.7729
488,2.0,11.8211
488,22.28,11.6599
488,42.61,11.4087
488,74.7,10.8137
488,105.99,6.8209
489,2.0,11.6367
489,21.0,11.3651
489,40.0,10.688
489,68.57,9.108
489,94.24,6.791
490,2.0,11.7295
490,22.42,11.5515
490,42.07,11.2041
490,73.24,10.1374
490,99.88,6.805
491,2.0,2.3233
491,18.95,2.4168
491,38.27,2.7448
491,69.41,5.8703
491,95.4,6.8202
492,2.0,2.3799
492,21.0,2.6676
492,53.45,3.8744
492,82.17,6.8049
493,2.0,2.4888
493,20.48,2.7598
493,53.62,6.0334
493,79.44,6.7772
494,2.0,2.3072
494,21.8,2.5302
494,41.02,3.0077
494,69.15,3.744
494,97.25,6.6911
495,2.0,11.5286
495,21.09,11.1406
495,55.49,9.5778
495,83.88,6.7997
496,2.0,11.6658
496,19.43,11.5382
496,38.43,11.2006
496,71.14,10.0846
496,103.19,6.8562
497,2.0,2.4974
497,20.54,2.841
497,50.65,6.4053
498,2.0,2.285
498,19.68,2.4153
498,39.69,2.7374
498,72.18,5.7279
498,100.57,6.7347
499,2.0,2.4498
499,21.0,2.7854
499,54.09,5.6867
499,82.19,6.7795
500,2.0,2.2702
500,22.66,2.3806
500,41.66,2.672
500,73.25,3.895
500,101.9,6.7908
501,2.0,2.4934
501,20.31,2.8024
501,55.95,6.1615
501,88.73,6.7516
502,2.0,2.2595
502,20.12,2.3661
502,41.06,2.6352
502,73.43,3.4401
502,106.28,6.8666
503,2.0,2.1572
503,21.0,2.3093
503,42.7,2.5459
503,75.4,3.0866
503,103.91,6.6899
504,2.0,11.7178
504,20.95,11.5982
504,39.95,11.3031
504,70.09,10.5385
504,100.47,6.8617
505,2.0,2.4888
505,20.62,2.8266
505,51.45,6.1926
505,77.87,6.7751
506,2.0,2.2823
506,19.76,2.4017
506,40.0,2.7099
506,70.36,5.018
506,102.62,6.7264
507,2.0,11.5572
507,21.81,11.2126
507,54.11,10.0082
507,83.09,6.742
508,2.0,2.4979
508,22.12,2.7631
508,55.2,5.9678
508,83.14,6.7944
509,2.0,2.1969
509,20.32,2.3351
509,40.16,2.5918
509,72.2,3.3102
509,102.69,6.9105
510,2.0,11.6047
510,22.7,11.3052
510,42.44,10.5036
510,77.62,9.3652
510,105.72,6.7566
511,2.0,11.7636
511,20.07,11.6276
511,40.38,11.352
511,69.38,10.6927
511,100.03,6.8327
512,2.0,2.1975
512,23.58,2.3623
512,43.39,2.634
512,79.72,3.4862
512,107.32,6.7446
513,2.0,2.2845
513,21.91,2.3898
513,42.99,2.7069
513,77.74,5.465
513,105.83,6.8108
514,2.0,2.2543
514,21.72,2.4417
514,42.73,2.7742
514,70.78,3.7179
514,102.59,6.8427
515,2.0,11.6129
515,21.0,11.3455
515,41.52,10.7048
515,71.61,9.971
515,105.2,6.7626
516,2.0,2.2791
516,21.4,2.413
516,41.82,2.734
516,77.91,5.6749
516,106.48,6.7695
517,2.0,2.2916
517,19.22,2.3971
517,38.26,2.6983
517,69.86,4.5309
517,99.35,6.7602
518,2.0,11.7259
518,21.31,11.5487
518,40.31,11.2184
518,71.61,10.2378
518,99.48,6.7518
519,2.0,2.2092
519,21.0,2.3749
519,40.16,2.6524
519,70.0,3.6138
519,100.64,6.7167
520,2.0,2.1774
520,20.9,2.3292
520,40.4,2.5919
520,69.4,3.332
520,101.79,6.8656
521,2.0,11.4996
521,22.99,11.133
521,54.84,9.8552
521,89.6,6.8212
522,2.0,2.4377
522,24.26,2.7836
522,53.26,6.0874
522,82.54,6.7961
523,2.0,11.5682
523,22.04,11.253
523,41.04,10.357
523,67.19,9.5886
523,94.42,6.8179
524,2.0,2.2879
524,19.07,2.3847
524,38.95,2.6896
524,69.24,4.4979
524,96.34,6.8043
525,2.0,2.2276
525,22.48,2.4004
525,41.53,2.6877
525,71.18,3.8936
525,99.39,6.7626
526,2.0,2.3211
526,18.99,2.4189
526,39.15,2.7301
526,68.77,5.2787
526,97.82,6.7845
527,2.0,11.8527
527,20.83,11.7674
527,40.44,11.579
527,59.7,11.2511
527,90.49,10.3099
527,118.32,6.8357
528,2.0,11.7453
528,21.78,11.5629
528,42.51,11.251
528,72.57,10.332
528,103.33,6.7633
529,2.0,2.1833
529,22.01,2.3392
529,41.38,2.5889
529,73.27,3.2214
529,102.27,6.7373
530,2.0,2.1668
530,19.82,2.2319
530,38.82,2.4102
530,59.51,2.7143
530,96.47,4.6277
530,125.83,6.7485
531,2.0,2.4027
531,24.0,2.6994
531,55.15,4.4251
531,83.65,6.8052
532,2.0,2.4492
532,20.17,2.7209
532,50.67,5.4756
532,77.44,6.7728
533,2.0,2.3748
533,21.0,2.6654
533,50.0,3.8611
533,85.14,6.7752
534,2.0,11.8145
534,21.0,11.6416
534,43.07,11.3633
534,76.5,10.6478
534,105.1,6.7191
535,2.0,11.7089
535,20.84,11.5118
535,41.61,11.1209
535,72.89,9.4839
535,100.17,6.7558
536,2.0,11.6227
536,21.11,11.4907
536,40.11,11.0966
536,73.24,9.524
536,103.18,6.7857
537,2.0,2.393
537,25.34,2.6785
537,56.42,3.7208
537,84.55,6.751
538,2.0,2.3194
538,19.82,2.437
538,39.25,2.7802
538,77.33,6.017
538,107.6,6.7528
539,2.0,11.6361
539,21.41,11.3716
539,40.45,10.727
539,69.23,10.1632
539,95.85,6.7832
540,2.0,2.2659
540,19.2,2.3656
540,39.17,2.6281
540,69.54,3.4129
540,97.04,6.787
541,2.0,11.7365
541,23.28,11.5548
541,44.6,11.2037
541,73.9,10.0699
541,101.46,6.8094
542,2.0,2.2878
542,21.45,2.5092
542,41.48,2.9851
542,70.75,3.8938
542,102.2,6.796
543,2.0,2.4873
543,19.9,2.7467
543,52.04,5.9493
543,81.79,6.7712
544,2.0,11.6033
544,22.01,11.3234
544,41.89,10.6482
544,71.4,9.959
544,99.97,6.7619
545,2.0,11.7179
545,20.46,11.6051
545,39.46,11.3008
545,71.08,10.4395
545,98.25,6.7687
546,2.0,2.147
546,21.24,2.2952
546,40.35,2.5135
546,70.87,2.9815
546,99.5,6.9529
547,2.0,11.7756
547,21.45,11.5998
547,40.48,11.3116
547,73.68,10.5441
547,104.66,6.7715
548,2.0,11.8534
548,19.74,11.7551
548,39.04,11.5592
548,58.04,11.216
548,88.45,10.075
548,119.28,6.7621
549,2.0,2.2716
549,20.98,2.4705
549,41.71,2.8535
549,73.69,6.4343
550,2.0,2.4745
550,20.47,2.7809
550,53.47,5.8793
550,86.39,6.8086
551,2.0,2.2443
551,21.04,2.3627
551,41.35,2.6386
551,73.49,3.6713
551,103.47,6.7317
552,2.0,2.4657
552,21.0,2.8369
552,54.81,6.2548
552,83.87,6.7774
553,2.0,2.3132
553,18.39,2.3828
553,37.39,2.6799
553,68.61,4.127
553,97.54,6.7622
554,2.0,2.4024
554,23.1,2.7124
554,59.51,5.2301
554,87.85,6.7971
555,2.0,2.5381
555,21.23,2.8188
555,53.6,6.208
555,86.61,6.8023
556,2.0,11.5584
556,23.62,11.2036
556,54.03,10.015
556,81.69,6.8003
557,2.0,2.4598
557,21.34,2.7717
557,58.8,6.0604
557,87.12,6.8051
558,2.0,2.2244
558,21.1,2.4009
558,41.14,2.7019
558,71.06,4.5715
558,101.14,6.7459
559,2.0,11.7467
559,23.57,11.5614
559,43.38,11.2286
559,73.66,10.1998
559,104.83,6.8053
560,2.0,11.6121
560,21.0,11.3224
560,40.19,10.5597
560,67.05,9.678
560,97.39,6.8193
561,2.0,11.8106
561,21.66,11.6491
561,41.98,11.3945
561,74.98,10.8295
561,104.84,6.7018
562,2.0,2.2236
562,23.48,2.3809
562,43.05,2.6569
562,73.28,3.5522
562,101.07,6.7566
563,2.0,2.4582
563,23.79,2.7304
563,58.69,5.4374
563,94.08,6.755
564,2.0,2.3444
564,18.92,2.4445
564,38.57,2.7865
564,67.57,5.9874
564,96.46,6.7506
565,2.0,11.8318
565,19.14,11.7576
565,38.43,11.5697
565,58.22,11.2482
565,88.27,10.3096
565,116.85,6.7859
566,2.0,2.4644
566,21.47,2.7678
566,54.21,5.836
566,80.96,6.7866
567,2.0,2.4095
567,22.02,2.7236
567,60.34,5.4711
567,88.03,6.7861
568,2.0,11.6702
568,21.51,11.5644
568,40.51,11.2272
568,73.78,10.1717
568,102.53,6.7096
569,2.0,2.2358
569,22.97,2.4145
569,44.01,2.7337
569,74.83,5.5711
569,110.33,6.8066
570,2.0,11.7059
570,19.81,11.5562
570,40.48,11.2012
570,71.16,10.0347
570,100.77,6.8004
571,2.0,11.4767
571,22.31,11.0728
571,52.28,9.32
571,80.12,6.7988
572,2.0,2.3004
572,20.54,2.4324
572,39.69,2.7717
572,70.86,6.0467
572,96.7,6.7866
573,2.0,2.2445
573,20.71,2.369
573,42.3,2.646
573,74.01,3.5635
573,103.71,6.7886
574,2.0,2.2448
574,21.4,2.3878
574,42.03,2.6908
574,72.37,4.616
574,99.79,6.771
575,2.0,2.3463
575,21.66,2.6122
575,52.43,3.3889
575,81.7,6.7683
576,2.0,11.8115
576,21.02,11.7514
576,40.63,11.5666
576,59.63,11.2492
576,89.41,10.3151
576,120.05,6.8582
577,2.0,2.5019
577,22.82,2.7913
577,54.09,6.2868
577,81.63,6.795
578,2.0,11.6954
578,19.37,11.5707
578,38.95,11.2239
578,75.55,10.0348
578,104.22,6.7381
579,2.0,2.3806
579,23.95,2.6526
579,55.61,3.4999
579,83.89,6.7568
580,2.0,11.7591
580,21.04,11.5737
580,40.04,11.2451
580,69.42,10.2587
580,97.32,6.8062
581,2.0,2.4339
581,20.79,2.7471
581,50.79,5.8957
581,78.93,6.7829
582,2.0,2.2405
582,20.23,2.3892
582,40.31,2.6861
582,78.47,4.1846
582,112.23,6.8447
583,2.0,11.7582
583,21.0,11.5765
583,41.08,11.2713
583,72.07,10.4012
583,103.35,6.7622
584,2.0,2.4478
584,21.2,2.7502
584,53.73,5.7293
584,82.03,6.7531
585,2.0,2.4849
585,22.91,2.7498
585,54.7,5.7232
585,81.83,6.7824
586,2.0,11.6
586,23.3,11.2903
586,39.26,11.1699
586,68.99,9.7341
586,98.02,6.8191
587,2.0,11.5167
587,21.0,11.1537
587,52.11,9.9143
587,80.16,6.8464
588,2.0,2.3076
588,19.56,2.4318
588,40.16,2.754
588,70.87,5.642
588,98.81,6.8208
589,2.0,11.7037
589,20.71,11.5461
589,42.87,11.2023
589,80.07,10.1051
589,107.91,6.7578
590,2.0,2.4364
590,22.43,2.7688
590,56.22,5.9998
590,84.35,6.8042
591,2.0,2.3448
591,18.18,2.403
591,38.07,2.7051
591,68.99,5.2135
591,97.68,6.7773
592,2.0,11.7045
592,24.31,11.5011
592,43.67,11.1242
592,76.2,9.8179
592,105.38,6.7844
593,2.0,2.2425
593,20.47,2.4023
593,40.35,2.7009
593,72.45,4.3507
593,99.72,6.8264
594,2.0,11.6137
594,22.37,11.3381
594,43.29,10.6393
594,78.3,9.8793
594,108.68,6.7584
595,2.0,11.8132
595,19.33,11.7605
595,40.75,11.5873
595,60.74,11.3026
595,94.35,10.5853
595,122.02,6.8657
596,2.0,2.2765
596,19.3,2.3706
596,38.3,2.6548
596,67.49,3.7349
596,98.76,6.792
597,2.0,11.8116
597,19.78,11.7444
597,38.92,11.5504
597,57.92,11.1976
597,94.87,10.0369
597,123.08,6.817
598,2.0,2.1665
598,21.06,2.3197
598,42.72,2.5511
598,73.06,3.0768
598,105.37,6.7287
599,2.0,11.8482
599,21.02,11.7655
599,40.99,11.5741
599,61.3,11.2492
599,94.0,10.2245
599,125.67,6.7535
600,2.0,2.2344
600,21.45,2.399
600,42.18,2.6885
600,73.86,3.8099
600,101.52,6.748
