event_id,scenario,chem_source,seed,upset_dir,upset_ml,upset_mmol,start_ph,fill_L,n_doses,n_reads,total_mmol,max_dose_ml,recovery_time_s,controller_stop_s,within_300s,end_ph,in_band,far_side_peak_ph,excursion,outcome
1,acid_upset,PLACEHOLDER,261,ACID,75.416,37.7079,2.1171,4.9374,8,5,37.2615,20.0,209.07,209.07,1,7.6927,1,7.6927,0,OK
2,base_upset,PLACEHOLDER,261,BASE,70.657,35.3283,11.8604,4.8725,7,5,35.2175,20.0,167.4,193.16,1,7.6981,1,7.6981,0,OK
3,base_upset,PLACEHOLDER,261,BASE,74.97,37.4848,11.8806,4.9347,8,5,36.627,20.0,211.55,211.55,1,8.1381,1,8.1381,0,OK
4,base_upset,PLACEHOLDER,261,BASE,62.379,31.1894,11.8077,4.8567,8,5,31.049,20.0,215.29,215.29,1,7.9473,1,7.9473,0,OK
5,base_upset,PLACEHOLDER,261,BASE,55.539,27.7693,11.7344,5.1187,8,5,27.7109,20.0,210.23,210.23,1,7.8006,1,7.8006,0,OK
6,base_upset,PLACEHOLDER,261,BASE,61.981,30.9907,11.7908,5.0167,8,5,30.5117,20.0,208.25,208.25,1,8.0542,1,8.0542,0,OK
7,acid_upset,PLACEHOLDER,261,ACID,69.206,34.6031,2.1447,4.8284,8,5,34.4337,20.0,199.77,199.77,1,7.7686,1,7.7686,0,OK
8,acid_upset,PLACEHOLDER,261,ACID,67.844,33.922,2.1548,4.8451,8,5,33.8153,20.0,207.59,207.59,1,6.6022,1,6.6022,0,OK
9,base_upset,PLACEHOLDER,261,BASE,76.217,38.1086,11.8886,4.9246,9,5,37.3114,20.0,220.73,220.73,1,8.096,1,8.096,0,OK
10,acid_upset,PLACEHOLDER,261,ACID,55.576,27.7882,2.262,5.0805,7,5,28.2487,20.0,186.89,186.89,1,7.8997,1,7.8997,0,OK
11,acid_upset,PLACEHOLDER,261,ACID,79.272,39.636,2.1047,5.0446,8,6,40.5663,20.0,226.16,226.16,1,7.8419,1,7.8419,0,OK
12,acid_upset,PLACEHOLDER,261,ACID,45.79,22.8951,2.3276,4.8676,7,5,23.0157,20.0,191.67,191.67,1,7.6898,1,7.6898,0,OK
13,base_upset,PLACEHOLDER,261,BASE,79.888,39.9441,11.9113,4.8997,8,5,40.134,20.0,222.91,222.91,1,7.9476,1,7.9476,0,OK
14,acid_upset,PLACEHOLDER,261,ACID,52.613,26.3065,2.2726,4.9276,6,5,26.2091,20.0,171.68,171.68,1,7.7248,1,7.7248,0,OK
15,acid_upset,PLACEHOLDER,261,ACID,71.56,35.7802,2.1383,4.9196,8,5,35.3219,20.0,209.94,209.94,1,7.3548,1,7.3548,0,OK
16,acid_upset,PLACEHOLDER,261,ACID,70.205,35.1027,2.1509,4.9686,10,6,35.6217,20.0,258.4,258.4,1,7.7671,1,7.7671,0,OK
17,acid_upset,PLACEHOLDER,261,ACID,74.469,37.2343,2.1221,4.9324,8,5,37.3403,20.0,213.88,213.88,1,7.7709,1,7.7709,0,OK
18,acid_upset,PLACEHOLDER,261,ACID,76.517,38.2585,2.1244,5.0953,8,5,37.5128,20.0,210.46,210.46,1,6.7981,1,6.7981,0,OK
19,acid_upset,PLACEHOLDER,261,ACID,42.784,21.3922,2.3796,5.1272,7,5,21.1952,20.0,196.94,196.94,1,7.8849,1,7.8849,0,OK
20,base_upset,PLACEHOLDER,261,BASE,59.628,29.8138,11.7704,5.0588,9,6,29.2979,20.0,209.68,235.11,1,7.8612,1,7.8612,0,OK
21,base_upset,PLACEHOLDER,261,BASE,69.837,34.9187,11.85,4.9324,8,5,34.0924,20.0,220.92,220.92,1,7.7694,1,7.7694,0,OK
22,acid_upset,PLACEHOLDER,261,ACID,65.304,32.6518,2.1727,4.8592,7,5,31.9627,20.0,190.13,190.13,1,7.8177,1,7.8177,0,OK
23,acid_upset,PLACEHOLDER,261,ACID,65.273,32.6365,2.185,4.9971,7,5,31.9317,20.0,184.78,184.78,1,7.8332,1,7.8332,0,OK
24,base_upset,PLACEHOLDER,261,BASE,45.021,22.5104,11.6473,5.0707,7,5,22.4782,20.0,192.2,192.2,1,8.0475,1,8.0475,0,OK
25,acid_upset,PLACEHOLDER,261,ACID,70.811,35.4055,2.1388,4.8735,8,5,35.3637,20.0,212.09,212.09,1,7.4989,1,7.4989,0,OK
26,acid_upset,PLACEHOLDER,261,ACID,77.624,38.8122,2.0925,4.802,7,5,39.2045,20.0,191.87,191.87,1,6.3043,1,6.3043,0,OK
27,base_upset,PLACEHOLDER,261,BASE,51.589,25.7946,11.7289,4.8158,8,6,26.0374,20.0,190.33,217.08,1,7.8322,1,7.8322,0,OK
28,base_upset,PLACEHOLDER,261,BASE,55.333,27.6664,11.744,4.9888,7,6,28.0121,20.0,174.24,201.37,1,7.7311,1,7.7311,0,OK
29,acid_upset,PLACEHOLDER,261,ACID,41.481,20.7404,2.3653,4.81,6,5,21.0891,20.0,170.2,170.2,1,7.5098,1,7.5098,0,OK
30,base_upset,PLACEHOLDER,261,BASE,67.979,33.9896,11.8155,5.1979,6,4,32.4555,20.0,161.81,161.81,1,7.5437,1,7.5437,0,OK
31,acid_upset,PLACEHOLDER,261,ACID,40.008,20.0039,2.3934,4.9494,6,5,20.2588,20.0,176.78,176.78,1,7.7431,1,7.7431,0,OK
32,base_upset,PLACEHOLDER,261,BASE,52.151,26.0754,11.7133,5.0461,8,6,26.0697,20.0,202.13,228.65,1,7.6989,1,7.6989,0,OK
33,acid_upset,PLACEHOLDER,261,ACID,61.553,30.7764,2.2033,4.9146,8,5,30.9129,20.0,203.4,203.4,1,7.8405,1,7.8405,0,OK
34,base_upset,PLACEHOLDER,261,BASE,54.191,27.0956,11.7246,5.1091,7,5,27.1466,20.0,191.76,191.76,1,8.1579,1,8.1579,0,OK
35,base_upset,PLACEHOLDER,261,BASE,70.734,35.3672,11.8392,5.1211,9,6,34.9408,20.0,205.8,231.06,1,7.6836,1,7.6836,0,OK
36,base_upset,PLACEHOLDER,261,BASE,66.743,33.3713,11.8094,5.1755,9,5,33.2494,20.0,228.07,228.07,1,7.6243,1,7.6243,0,OK
37,base_upset,PLACEHOLDER,261,BASE,75.389,37.6947,11.8697,5.0878,8,6,38.1795,20.0,193.61,219.55,1,7.8238,1,7.8238,0,OK
38,acid_upset,PLACEHOLDER,261,ACID,49.128,24.5639,2.3007,4.9094,7,5,24.7758,20.0,201.29,201.29,1,7.7986,1,7.7986,0,OK
39,acid_upset,PLACEHOLDER,261,ACID,77.224,38.6118,2.1037,4.9026,8,6,38.7073,20.0,221.27,221.27,1,7.6699,1,7.6699,0,OK
40,acid_upset,PLACEHOLDER,261,ACID,47.052,23.5262,2.3369,5.11,6,5,23.3929,20.0,164.64,164.64,1,7.7503,1,7.7503,0,OK
41,base_upset,PLACEHOLDER,261,BASE,44.375,22.1875,11.632,5.1776,7,5,22.0026,20.0,166.05,195.11,1,7.8419,1,7.8419,0,OK
42,acid_upset,PLACEHOLDER,261,ACID,63.804,31.9019,2.2021,5.0801,8,6,32.1414,20.0,183.43,210.9,1,7.7421,1,7.7421,0,OK
43,acid_upset,PLACEHOLDER,261,ACID,58.843,29.4217,2.2348,5.0516,10,6,29.4897,20.0,230.03,258.66,1,7.7556,1,7.7556,0,OK
44,acid_upset,PLACEHOLDER,261,ACID,63.387,31.6935,2.1839,4.8398,8,5,31.3315,20.0,210.17,210.17,1,6.5047,1,6.5047,0,OK
45,acid_upset,PLACEHOLDER,261,ACID,74.97,37.4852,2.1262,5.0124,9,6,37.3019,20.0,242.78,242.78,1,7.7224,1,7.7224,0,OK
46,base_upset,PLACEHOLDER,261,BASE,61.195,30.5977,11.8029,4.8171,9,6,30.4133,20.0,204.45,232.64,1,7.7378,1,7.7378,0,OK
47,acid_upset,PLACEHOLDER,261,ACID,67.225,33.6125,2.1596,4.8536,9,6,34.531,20.0,257.24,257.24,1,7.6214,1,7.6214,0,OK
48,base_upset,PLACEHOLDER,261,BASE,61.202,30.6009,11.7775,5.1073,8,5,30.3882,20.0,206.86,206.86,1,7.9254,1,7.9254,0,OK
49,acid_upset,PLACEHOLDER,261,ACID,54.362,27.1811,2.2761,5.1329,7,5,27.0487,20.0,199.71,199.71,1,7.5372,1,7.5372,0,OK
50,acid_upset,PLACEHOLDER,261,ACID,60.171,30.0854,2.2331,5.1462,10,6,29.9051,20.0,229.5,257.05,1,7.7668,1,7.7668,0,OK
51,base_upset,PLACEHOLDER,261,BASE,69.647,34.8234,11.8406,5.0271,8,6,35.4557,20.0,209.12,209.12,1,7.5253,1,7.5253,0,OK
52,acid_upset,PLACEHOLDER,261,ACID,66.139,33.0696,2.1766,4.9664,9,5,32.8987,20.0,228.16,228.16,1,6.3722,1,6.3722,0,OK
53,acid_upset,PLACEHOLDER,261,ACID,67.926,33.9629,2.1806,5.1479,8,5,33.823,20.0,212.14,212.14,1,7.849,1,7.849,0,OK
54,acid_upset,PLACEHOLDER,261,ACID,54.365,27.1823,2.2696,5.0566,7,5,27.223,20.0,191.05,191.05,1,6.419,1,6.419,0,OK
55,base_upset,PLACEHOLDER,261,BASE,75.114,37.5569,11.8715,5.0488,8,6,37.4552,20.0,187.09,213.24,1,7.6383,1,7.6383,0,OK
56,base_upset,PLACEHOLDER,261,BASE,48.458,24.2288,11.6881,4.9687,5,4,24.2874,20.0,137.67,137.67,1,7.958,1,7.958,0,OK
57,base_upset,PLACEHOLDER,261,BASE,48.746,24.3728,11.6712,5.1963,8,6,24.3397,20.0,192.99,219.02,1,7.831,1,7.831,0,OK
58,acid_upset,PLACEHOLDER,261,ACID,65.586,32.793,2.1887,5.0637,8,5,32.1036,20.0,206.63,206.63,1,7.9496,1,7.9496,0,OK
59,base_upset,PLACEHOLDER,261,BASE,40.659,20.3295,11.6089,5.0026,7,5,20.6665,20.0,188.97,188.97,1,7.6857,1,7.6857,0,OK
60,acid_upset,PLACEHOLDER,261,ACID,76.827,38.4137,2.1204,5.068,8,5,38.1653,20.0,213.48,213.48,1,7.8829,1,7.8829,0,OK
61,base_upset,PLACEHOLDER,261,BASE,48.053,24.0266,11.668,5.1609,6,5,24.5033,20.0,172.46,172.46,1,7.837,1,7.837,0,OK
62,base_upset,PLACEHOLDER,261,BASE,59.73,29.8648,11.7715,5.0548,8,5,29.8248,20.0,206.24,206.24,1,7.7241,1,7.7241,0,OK
63,acid_upset,PLACEHOLDER,261,ACID,44.655,22.3274,2.354,5.0453,7,5,22.2611,20.0,186.89,186.89,1,7.8891,1,7.8891,0,OK
64,acid_upset,PLACEHOLDER,261,ACID,46.222,23.1111,2.3361,5.0105,7,5,23.2409,20.0,194.44,194.44,1,7.9066,1,7.9066,0,OK
65,acid_upset,PLACEHOLDER,261,ACID,72.728,36.364,2.153,5.1716,8,5,36.2504,20.0,206.76,206.76,1,7.8789,1,7.8789,0,OK
66,acid_upset,PLACEHOLDER,261,ACID,44.221,22.1103,2.337,4.8044,6,5,22.1584,20.0,171.22,171.22,1,7.7335,1,7.7335,0,OK
67,acid_upset,PLACEHOLDER,261,ACID,49.049,24.5246,2.2928,4.8133,7,5,24.4519,20.0,189.19,189.19,1,7.934,1,7.934,0,OK
68,base_upset,PLACEHOLDER,261,BASE,43.725,21.8624,11.6484,4.9119,7,5,21.3755,20.0,183.67,183.67,1,7.8024,1,7.8024,0,OK
69,base_upset,PLACEHOLDER,261,BASE,77.247,38.6234,11.871,5.1979,9,5,38.1316,20.0,222.07,222.07,1,7.8648,1,7.8648,0,OK
70,acid_upset,PLACEHOLDER,261,ACID,70.576,35.2882,2.1382,4.8509,8,6,36.0612,20.0,215.33,215.33,1,7.8743,1,7.8743,0,OK
71,acid_upset,PLACEHOLDER,261,ACID,72.642,36.3211,2.1279,4.8758,8,6,36.0536,20.0,186.73,221.43,1,7.7507,1,7.7507,0,OK
72,acid_upset,PLACEHOLDER,261,ACID,69.181,34.5903,2.1717,5.1358,8,6,34.436,20.0,206.84,206.84,1,7.7819,1,7.7819,0,OK
73,acid_upset,PLACEHOLDER,261,ACID,49.973,24.9865,2.3139,5.1471,7,6,25.2824,20.0,162.95,188.28,1,7.825,1,7.825,0,OK
74,base_upset,PLACEHOLDER,261,BASE,54.641,27.3207,11.7211,5.1925,7,5,27.0067,20.0,160.39,185.66,1,7.7868,1,7.7868,0,OK
75,base_upset,PLACEHOLDER,261,BASE,63.845,31.9225,11.8178,4.8559,8,5,32.095,20.0,209.88,209.88,1,7.7874,1,7.7874,0,OK
76,base_upset,PLACEHOLDER,261,BASE,68.956,34.4781,11.832,5.0763,8,5,34.0882,20.0,205.21,205.21,1,7.8528,1,7.8528,0,OK
77,acid_upset,PLACEHOLDER,261,ACID,74.811,37.4053,2.1188,4.9169,8,5,36.5474,20.0,212.47,212.47,1,7.6041,1,7.6041,0,OK
78,acid_upset,PLACEHOLDER,261,ACID,70.469,35.2343,2.1527,5.0083,8,5,35.1731,20.0,210.79,210.79,1,6.7265,1,6.7265,0,OK
79,acid_upset,PLACEHOLDER,261,ACID,49.352,24.6762,2.3117,5.0585,7,5,25.0293,20.0,186.48,186.48,1,7.571,1,7.571,0,OK
80,base_upset,PLACEHOLDER,261,BASE,73.566,36.7829,11.8678,4.987,8,6,36.6522,20.0,193.29,219.98,1,7.7642,1,7.7642,0,OK
81,acid_upset,PLACEHOLDER,261,ACID,73.307,36.6535,2.1203,4.8353,8,6,36.4352,20.0,234.13,234.13,1,7.7737,1,7.7737,0,OK
82,acid_upset,PLACEHOLDER,261,ACID,75.562,37.7812,2.1291,5.086,8,6,38.6132,20.0,225.46,225.46,1,7.653,1,7.653,0,OK
83,acid_upset,PLACEHOLDER,261,ACID,70.881,35.4407,2.161,5.134,8,5,35.9978,20.0,207.14,207.14,1,7.864,1,7.864,0,OK
84,acid_upset,PLACEHOLDER,261,ACID,79.808,39.9039,2.1092,5.1313,8,5,39.2698,20.0,208.86,208.86,1,6.9544,1,6.9544,0,OK
85,base_upset,PLACEHOLDER,261,BASE,52.369,26.1846,11.7098,5.1078,7,5,25.8269,20.0,193.94,193.94,1,7.8294,1,7.8294,0,OK
86,base_upset,PLACEHOLDER,261,BASE,42.882,21.4411,11.6377,4.9375,8,6,21.733,20.0,195.07,231.18,1,7.836,1,7.836,0,OK
87,acid_upset,PLACEHOLDER,261,ACID,40.113,20.0566,2.3804,4.8157,6,5,19.7347,20.0,162.71,162.71,1,7.8316,1,7.8316,0,OK
88,base_upset,PLACEHOLDER,261,BASE,64.794,32.3971,11.8104,5.0133,9,6,32.9062,20.0,202.77,231.08,1,7.6754,1,7.6754,0,OK
89,base_upset,PLACEHOLDER,261,BASE,55.6,27.7998,11.7351,5.116,7,6,28.3729,20.0,178.2,203.87,1,7.6999,1,7.6999,0,OK
90,acid_upset,PLACEHOLDER,261,ACID,41.266,20.6331,2.3997,5.1798,7,5,20.4075,20.0,192.42,192.42,1,7.6286,1,7.6286,0,OK
91,acid_upset,PLACEHOLDER,261,ACID,61.325,30.6625,2.2026,4.8893,8,5,30.5088,20.0,211.44,211.44,1,7.1681,1,7.1681,0,OK
92,acid_upset,PLACEHOLDER,261,ACID,75.909,37.9543,2.1323,5.1474,8,6,38.143,20.0,212.88,212.88,1,7.7476,1,7.7476,0,OK
93,base_upset,PLACEHOLDER,261,BASE,50.261,25.1307,11.7069,4.9352,6,5,24.8164,20.0,173.24,173.24,1,7.6653,1,7.6653,0,OK
94,acid_upset,PLACEHOLDER,261,ACID,74.755,37.3775,2.1124,4.8414,8,6,37.2022,20.0,216.56,216.56,1,7.7625,1,7.7625,0,OK
95,acid_upset,PLACEHOLDER,261,ACID,63.281,31.6403,2.201,5.0268,8,5,30.8687,20.0,200.04,200.04,1,7.7836,1,7.7836,0,OK
96,base_upset,PLACEHOLDER,261,BASE,68.932,34.4658,11.8268,5.1355,8,6,35.019,20.0,220.55,220.55,1,7.5239,1,7.5239,0,OK
97,base_upset,PLACEHOLDER,261,BASE,52.496,26.2482,11.7348,4.8341,8,5,26.2603,20.0,195.06,195.06,1,7.7809,1,7.7809,0,OK
98,acid_upset,PLACEHOLDER,261,ACID,42.123,21.0614,2.3683,4.9183,7,5,21.0259,20.0,178.28,178.28,1,7.7242,1,7.7242,0,OK
99,acid_upset,PLACEHOLDER,261,ACID,78.092,39.0459,2.0953,4.8629,8,5,39.3335,20.0,213.36,213.36,1,6.888,1,6.888,0,OK
100,base_upset,PLACEHOLDER,261,BASE,43.626,21.8128,11.6509,4.8729,6,4,21.4764,20.0,171.11,171.11,1,8.038,1,8.038,0,OK
101,acid_upset,PLACEHOLDER,261,ACID,59.483,29.7417,2.2163,4.8943,9,5,30.7838,20.0,236.27,236.27,1,6.9105,1,6.9105,0,OK
102,base_upset,PLACEHOLDER,261,BASE,60.746,30.3732,11.7694,5.1657,7,5,29.8127,20.0,168.86,199.09,1,7.7278,1,7.7278,0,OK
103,base_upset,PLACEHOLDER,261,BASE,47.1,23.5498,11.6745,4.9826,8,6,23.8888,20.0,198.32,223.89,1,7.7265,1,7.7265,0,OK
104,acid_upset,PLACEHOLDER,261,ACID,60.991,30.4956,2.203,4.8669,10,6,30.424,20.0,233.12,260.01,1,7.7625,1,7.7625,0,OK
105,base_upset,PLACEHOLDER,261,BASE,61.527,30.7634,11.7918,4.969,8,5,31.0516,20.0,208.17,208.17,1,8.0131,1,8.0131,0,OK
106,acid_upset,PLACEHOLDER,261,ACID,63.927,31.9637,2.1929,4.9835,9,5,31.3498,20.0,227.94,227.94,1,7.7617,1,7.7617,0,OK
107,base_upset,PLACEHOLDER,261,BASE,79.112,39.5558,11.911,4.8555,9,5,39.5485,20.0,229.54,229.54,1,7.6705,1,7.6705,0,OK
108,acid_upset,PLACEHOLDER,261,ACID,72.9,36.4498,2.1343,4.9664,8,6,37.1978,20.0,220.26,220.26,1,7.7648,1,7.7648,0,OK
109,base_upset,PLACEHOLDER,261,BASE,44.136,22.068,11.6308,5.1636,7,5,22.1044,20.0,184.58,184.58,1,7.4512,1,7.4512,0,OK
110,acid_upset,PLACEHOLDER,261,ACID,57.834,28.9172,2.2279,4.8874,7,5,28.596,20.0,196.89,196.89,1,7.3301,1,7.3301,0,OK
111,base_upset,PLACEHOLDER,261,BASE,44.65,22.3248,11.6343,5.1823,7,5,22.4278,20.0,188.95,188.95,1,6.9934,1,6.9934,0,OK
112,base_upset,PLACEHOLDER,261,BASE,70.647,35.3234,11.8422,5.0797,9,6,35.204,20.0,208.2,233.81,1,7.8023,1,7.8023,0,OK
113,base_upset,PLACEHOLDER,261,BASE,56.676,28.3381,11.7449,5.0988,8,5,28.462,20.0,210.15,210.15,1,8.1245,1,8.1245,0,OK
114,acid_upset,PLACEHOLDER,261,ACID,44.105,22.0527,2.339,4.8135,7,5,22.1449,20.0,198.29,198.29,1,7.7412,1,7.7412,0,OK
115,base_upset,PLACEHOLDER,261,BASE,69.455,34.7274,11.8279,5.161,8,5,34.9551,20.0,213.14,213.14,1,7.559,1,7.559,0,OK
116,base_upset,PLACEHOLDER,261,BASE,60.182,30.0908,11.7672,5.1427,9,6,29.8316,20.0,204.28,230.84,1,7.7685,1,7.7685,0,OK
117,base_upset,PLACEHOLDER,261,BASE,71.3,35.6499,11.8369,5.1899,8,6,36.3341,20.0,192.08,218.27,1,7.68,1,7.68,0,OK
118,acid_upset,PLACEHOLDER,261,ACID,56.148,28.0741,2.2455,4.9406,7,6,27.7042,20.0,175.9,216.29,1,7.7334,1,7.7334,0,OK
119,base_upset,PLACEHOLDER,261,BASE,77.836,38.9182,11.9076,4.814,8,5,38.422,20.0,220.38,220.38,1,8.1169,1,8.1169,0,OK
120,acid_upset,PLACEHOLDER,261,ACID,68.71,34.3548,2.1628,4.9981,8,5,34.486,20.0,211.18,211.18,1,7.9312,1,7.9312,0,OK
121,acid_upset,PLACEHOLDER,261,ACID,76.618,38.3089,2.1058,4.8877,8,6,38.9646,20.0,214.51,214.51,1,7.8155,1,7.8155,0,OK
122,base_upset,PLACEHOLDER,261,BASE,73.032,36.516,11.8484,5.1766,8,6,36.9579,20.0,182.4,208.04,1,7.7786,1,7.7786,0,OK
123,base_upset,PLACEHOLDER,261,BASE,67.192,33.596,11.8359,4.9025,8,6,34.3738,20.0,220.28,220.28,1,7.8575,1,7.8575,0,OK
124,base_upset,PLACEHOLDER,261,BASE,42.881,21.4405,11.6253,5.0814,7,5,21.4376,20.0,188.98,188.98,1,8.1238,1,8.1238,0,OK
125,acid_upset,PLACEHOLDER,261,ACID,76.16,38.0802,2.1262,5.0927,8,5,37.4947,20.0,214.7,214.7,1,7.4852,1,7.4852,0,OK
126,acid_upset,PLACEHOLDER,261,ACID,69.298,34.6491,2.1528,4.9264,8,5,34.9732,20.0,206.05,206.05,1,7.9663,1,7.9663,0,OK
127,base_upset,PLACEHOLDER,261,BASE,44.907,22.4535,11.666,4.8451,7,5,22.546,20.0,193.32,193.32,1,6.8497,1,6.8497,0,OK
128,acid_upset,PLACEHOLDER,261,ACID,53.842,26.9212,2.2805,5.1353,9,6,26.8248,20.0,218.71,244.4,1,7.7893,1,7.7893,0,OK
129,acid_upset,PLACEHOLDER,261,ACID,75.341,37.6707,2.1381,5.1771,8,5,36.5133,20.0,214.63,214.63,1,7.1257,1,7.1257,0,OK
130,base_upset,PLACEHOLDER,261,BASE,40.776,20.3879,11.6215,4.8742,6,5,20.3112,20.0,167.59,167.59,1,7.6304,1,7.6304,0,OK
131,acid_upset,PLACEHOLDER,261,ACID,58.006,29.0029,2.2429,5.074,6,5,28.9981,20.0,165.73,165.73,1,6.681,1,6.681,0,OK
132,acid_upset,PLACEHOLDER,261,ACID,67.368,33.6841,2.1588,4.8557,9,6,33.8138,20.0,240.38,240.38,1,7.7337,1,7.7337,0,OK
133,base_upset,PLACEHOLDER,261,BASE,42.962,21.4808,11.6411,4.9086,7,5,22.2634,20.0,188.42,188.42,1,8.1139,1,8.1139,0,OK
134,acid_upset,PLACEHOLDER,261,ACID,70.834,35.4168,2.1666,5.1981,9,6,34.7209,20.0,207.01,232.47,1,7.756,1,7.756,0,OK
135,acid_upset,PLACEHOLDER,261,ACID,46.477,23.2384,2.3169,4.8203,7,5,23.7783,20.0,190.37,190.37,1,7.3066,1,7.3066,0,OK
136,base_upset,PLACEHOLDER,261,BASE,61.149,30.5744,11.7726,5.1607,8,5,30.4675,20.0,208.99,208.99,1,7.7214,1,7.7214,0,OK
137,acid_upset,PLACEHOLDER,261,ACID,42.073,21.0363,2.3795,5.0404,7,5,21.32,20.0,181.64,181.64,1,7.797,1,7.797,0,OK
138,acid_upset,PLACEHOLDER,261,ACID,64.426,32.2132,2.1896,4.9842,8,5,32.1396,20.0,202.21,202.21,1,7.8195,1,7.8195,0,OK
139,acid_upset,PLACEHOLDER,261,ACID,40.758,20.3788,2.4013,5.1346,8,5,20.4251,20.0,178.02,203.77,1,7.7483,1,7.7483,0,OK
140,acid_upset,PLACEHOLDER,261,ACID,52.462,26.231,2.2766,4.9588,7,5,26.3438,20.0,191.45,191.45,1,7.6347,1,7.6347,0,OK
141,acid_upset,PLACEHOLDER,261,ACID,69.647,34.8236,2.173,5.187,8,5,35.0315,20.0,209.09,209.09,1,7.8135,1,7.8135,0,OK
142,acid_upset,PLACEHOLDER,261,ACID,48.182,24.0908,2.3282,5.1295,7,5,23.7273,20.0,187.13,187.13,1,7.5035,1,7.5035,0,OK
143,base_upset,PLACEHOLDER,261,BASE,58.512,29.2558,11.7649,5.0269,7,5,28.9752,20.0,192.77,192.77,1,7.7796,1,7.7796,0,OK
144,base_upset,PLACEHOLDER,261,BASE,47.998,23.9989,11.6749,5.0735,8,6,24.4956,20.0,192.58,223.89,1,7.6963,1,7.6963,0,OK
145,base_upset,PLACEHOLDER,261,BASE,63.089,31.5446,11.8046,4.9466,8,5,31.8256,20.0,207.76,207.76,1,7.9049,1,7.9049,0,OK
146,acid_upset,PLACEHOLDER,261,ACID,64.866,32.4332,2.2005,5.1465,9,6,32.1995,20.0,226.58,226.58,1,7.8081,1,7.8081,0,OK
147,acid_upset,PLACEHOLDER,261,ACID,49.481,24.7403,2.2953,4.8833,6,5,25.0242,20.0,171.93,171.93,1,7.7345,1,7.7345,0,OK
148,acid_upset,PLACEHOLDER,261,ACID,55.786,27.893,2.2637,5.1193,8,5,27.7402,20.0,218.29,218.29,1,7.5729,1,7.5729,0,OK
149,acid_upset,PLACEHOLDER,261,ACID,68.985,34.4923,2.1487,4.8572,8,6,35.0723,20.0,217.84,217.84,1,7.767,1,7.767,0,OK
150,base_upset,PLACEHOLDER,261,BASE,44.689,22.3444,11.6651,4.8318,8,6,22.4487,20.0,194.69,219.99,1,7.6293,1,7.6293,0,OK
151,acid_upset,PLACEHOLDER,261,ACID,75.656,37.8279,2.1366,5.1814,7,5,38.2904,20.0,206.03,206.03,1,6.3414,1,6.3414,0,OK
152,acid_upset,PLACEHOLDER,261,ACID,44.69,22.3449,2.3552,5.0622,8,5,22.6027,20.0,217.88,217.88,1,6.4683,1,6.4683,0,OK
153,acid_upset,PLACEHOLDER,261,ACID,44.09,22.0451,2.3461,4.8911,7,5,22.3826,20.0,186.72,186.72,1,7.7331,1,7.7331,0,OK
154,acid_upset,PLACEHOLDER,261,ACID,42.673,21.3367,2.3745,5.0541,6,5,21.1602,20.0,171.89,171.89,1,7.7901,1,7.7901,0,OK
155,acid_upset,PLACEHOLDER,261,ACID,73.014,36.5069,2.144,5.0863,9,5,35.4551,20.0,232.12,232.12,1,6.6715,1,6.6715,0,OK
156,acid_upset,PLACEHOLDER,261,ACID,59.527,29.7635,2.2272,5.0225,8,5,30.2457,20.0,222.34,222.34,1,6.5775,1,6.5775,0,OK
157,base_upset,PLACEHOLDER,261,BASE,77.961,38.9805,11.9035,4.868,8,6,38.7881,20.0,216.23,216.23,1,7.8939,1,7.8939,0,OK
158,acid_upset,PLACEHOLDER,261,ACID,65.444,32.722,2.1669,4.8058,8,5,32.8124,20.0,210.08,210.08,1,7.3337,1,7.3337,0,OK
159,acid_upset,PLACEHOLDER,261,ACID,43.515,21.7577,2.3781,5.197,6,5,21.8327,20.0,170.51,170.51,1,7.7542,1,7.7542,0,OK
160,base_upset,PLACEHOLDER,261,BASE,62.29,31.1449,11.781,5.1572,8,5,31.261,20.0,205.31,205.31,1,8.0705,1,8.0705,0,OK
161,acid_upset,PLACEHOLDER,261,ACID,43.689,21.8444,2.3505,4.896,7,5,22.0537,20.0,186.16,186.16,1,7.7175,1,7.7175,0,OK
162,base_upset,PLACEHOLDER,261,BASE,42.035,21.0177,11.6145,5.1061,7,5,21.2766,20.0,187.65,187.65,1,7.9722,1,7.9722,0,OK
163,base_upset,PLACEHOLDER,261,BASE,76.102,38.0509,11.8916,4.8836,8,5,38.0053,20.0,213.83,213.83,1,7.7641,1,7.7641,0,OK
164,acid_upset,PLACEHOLDER,261,ACID,47.298,23.6488,2.3317,5.0762,7,5,23.4532,20.0,183.77,183.77,1,7.962,1,7.962,0,OK
165,acid_upset,PLACEHOLDER,261,ACID,61.02,30.5102,2.2177,5.0366,8,5,30.1217,20.0,222.45,222.45,1,7.6147,1,7.6147,0,OK
166,acid_upset,PLACEHOLDER,261,ACID,59.179,29.5896,2.2314,5.0415,7,5,29.1497,20.0,197.01,197.01,1,7.8878,1,7.8878,0,OK
167,base_upset,PLACEHOLDER,261,BASE,76.268,38.1338,11.8872,4.9442,8,5,37.9026,20.0,224.93,224.93,1,8.0567,1,8.0567,0,OK
168,acid_upset,PLACEHOLDER,261,ACID,56.442,28.221,2.2551,5.0776,7,5,27.4838,20.0,181.71,181.71,1,7.8004,1,7.8004,0,OK
169,acid_upset,PLACEHOLDER,261,ACID,65.563,32.7813,2.1782,4.9415,8,5,32.8959,20.0,207.31,207.31,1,7.3518,1,7.3518,0,OK
170,acid_upset,PLACEHOLDER,261,ACID,59.263,29.6313,2.2432,5.1877,7,5,29.5501,20.0,190.99,190.99,1,7.8952,1,7.8952,0,OK
171,base_upset,PLACEHOLDER,261,BASE,58.497,29.2486,11.7699,4.9685,8,6,29.7478,20.0,187.67,213.91,1,7.766,1,7.766,0,OK
172,acid_upset,PLACEHOLDER,261,ACID,47.43,23.7152,2.3197,4.9509,7,5,23.9455,20.0,189.69,189.69,1,7.367,1,7.367,0,OK
173,acid_upset,PLACEHOLDER,261,ACID,55.738,27.8688,2.2497,4.9523,7,6,27.7286,20.0,206.21,206.21,1,7.6891,1,7.6891,0,OK
174,acid_upset,PLACEHOLDER,261,ACID,47.582,23.791,2.3277,5.0594,7,5,23.7824,20.0,186.41,186.41,1,6.9607,1,6.9607,0,OK
175,acid_upset,PLACEHOLDER,261,ACID,72.84,36.4202,2.1503,5.1479,9,5,35.9779,20.0,234.97,234.97,1,7.6921,1,7.6921,0,OK
176,base_upset,PLACEHOLDER,261,BASE,76.663,38.3316,11.8941,4.8915,9,5,38.0185,20.0,225.29,225.29,1,7.974,1,7.974,0,OK
177,base_upset,PLACEHOLDER,261,BASE,57.684,28.8419,11.76,5.0116,7,6,29.5268,20.0,210.34,210.34,1,7.7152,1,7.7152,0,OK
178,acid_upset,PLACEHOLDER,261,ACID,75.708,37.8541,2.106,4.8315,8,6,38.4066,20.0,228.17,228.17,1,7.7944,1,7.7944,0,OK
179,base_upset,PLACEHOLDER,261,BASE,42.731,21.3656,11.6426,4.8654,7,5,20.8532,20.0,189.09,189.09,1,7.9209,1,7.9209,0,OK
180,base_upset,PLACEHOLDER,261,BASE,74.582,37.291,11.883,4.8816,9,6,37.3693,20.0,222.57,249.86,1,7.7254,1,7.7254,0,OK
181,acid_upset,PLACEHOLDER,261,ACID,46.493,23.2463,2.3195,4.8511,7,5,23.4967,20.0,196.16,196.16,1,7.7504,1,7.7504,0,OK
182,acid_upset,PLACEHOLDER,261,ACID,43.559,21.7797,2.3544,4.9258,7,5,21.776,20.0,181.56,181.56,1,7.6776,1,7.6776,0,OK
183,acid_upset,PLACEHOLDER,261,ACID,65.079,32.5397,2.1874,5.0102,8,5,32.5447,20.0,210.85,210.85,1,7.1092,1,7.1092,0,OK
184,base_upset,PLACEHOLDER,261,BASE,52.695,26.3476,11.7273,4.9373,7,6,26.6611,20.0,169.97,196.52,1,7.8453,1,7.8453,0,OK
185,acid_upset,PLACEHOLDER,261,ACID,52.77,26.3849,2.2835,5.0683,7,5,26.1459,20.0,186.78,186.78,1,7.1477,1,7.1477,0,OK
186,base_upset,PLACEHOLDER,261,BASE,78.154,39.0768,11.8988,4.933,8,6,38.8767,20.0,194.15,219.37,1,7.8549,1,7.8549,0,OK
187,acid_upset,PLACEHOLDER,261,ACID,43.296,21.6478,2.376,5.1449,7,5,22.1545,20.0,190.35,190.35,1,7.6323,1,7.6323,0,OK
188,acid_upset,PLACEHOLDER,261,ACID,75.618,37.8089,2.1179,4.9605,8,6,37.7799,20.0,212.76,212.76,1,7.5839,1,7.5839,0,OK
189,base_upset,PLACEHOLDER,261,BASE,67.439,33.7194,11.8299,4.9891,8,5,34.1785,20.0,210.33,210.33,1,8.0455,1,8.0455,0,OK
190,acid_upset,PLACEHOLDER,261,ACID,54.917,27.4584,2.251,4.8943,8,6,27.4172,20.0,186.23,214.77,1,7.7718,1,7.7718,0,OK
191,acid_upset,PLACEHOLDER,261,ACID,55.028,27.5142,2.2629,5.04,7,6,27.0996,20.0,173.92,199.75,1,7.751,1,7.751,0,OK
192,base_upset,PLACEHOLDER,261,BASE,45.052,22.526,11.6657,4.8639,7,5,22.8896,20.0,190.1,190.1,1,8.0263,1,8.0263,0,OK
193,base_upset,PLACEHOLDER,261,BASE,47.503,23.7514,11.693,4.8158,7,5,23.9967,20.0,190.2,190.2,1,7.5916,1,7.5916,0,OK
194,acid_upset,PLACEHOLDER,261,ACID,71.231,35.6153,2.1365,4.8771,10,6,35.5147,20.0,234.24,260.39,1,7.7095,1,7.7095,0,OK
195,acid_upset,PLACEHOLDER,261,ACID,52.409,26.2044,2.28,4.9928,7,5,26.4264,20.0,182.15,182.15,1,7.8754,1,7.8754,0,OK
196,acid_upset,PLACEHOLDER,261,ACID,49.185,24.5927,2.312,5.0446,7,5,24.9998,20.0,197.12,197.12,1,7.75,1,7.75,0,OK
197,base_upset,PLACEHOLDER,261,BASE,61.149,30.5744,11.7856,5.0086,8,5,30.4912,20.0,202.8,202.8,1,7.8438,1,7.8438,0,OK
198,base_upset,PLACEHOLDER,261,BASE,68.35,34.1752,11.8454,4.8786,10,6,33.6605,20.0,226.5,251.96,1,7.6656,1,7.6656,0,OK
199,base_upset,PLACEHOLDER,261,BASE,52.357,26.1784,11.7109,5.0934,7,5,25.8655,20.0,192.48,192.48,1,7.5628,1,7.5628,0,OK
200,base_upset,PLACEHOLDER,261,BASE,44.06,22.0301,11.6289,5.1779,7,5,22.4911,20.0,189.64,189.64,1,7.7666,1,7.7666,0,OK
201,acid_upset,PLACEHOLDER,261,ACID,70.136,35.0681,2.1502,4.9554,8,5,35.1427,20.0,207.32,207.32,1,7.8711,1,7.8711,0,OK
202,base_upset,PLACEHOLDER,261,BASE,71.285,35.6423,11.855,4.9772,10,6,36.2667,20.0,221.08,251.63,1,7.8075,1,7.8075,0,OK
203,acid_upset,PLACEHOLDER,261,ACID,48.858,24.4288,2.3104,4.992,6,5,24.4092,20.0,179.8,179.8,1,7.7221,1,7.7221,0,OK
204,acid_upset,PLACEHOLDER,261,ACID,76.826,38.4129,2.0973,4.806,9,5,38.7899,20.0,234.2,234.2,1,7.2712,1,7.2712,0,OK
205,base_upset,PLACEHOLDER,261,BASE,51.853,25.9265,11.7186,4.9558,7,5,25.9691,20.0,193.97,193.97,1,7.1719,1,7.1719,0,OK
206,acid_upset,PLACEHOLDER,261,ACID,51.275,25.6376,2.2829,4.9179,7,5,25.8708,20.0,185.83,185.83,1,7.7764,1,7.7764,0,OK
207,base_upset,PLACEHOLDER,261,BASE,67.426,33.7132,11.8376,4.9005,7,5,33.3812,20.0,195.53,195.53,1,7.7906,1,7.7906,0,OK
208,base_upset,PLACEHOLDER,261,BASE,73.645,36.8226,11.8637,5.0395,8,5,37.0616,20.0,215.46,215.46,1,7.919,1,7.919,0,OK
209,base_upset,PLACEHOLDER,261,BASE,52.498,26.2488,11.7044,5.1847,7,5,26.6731,20.0,189.94,189.94,1,8.1501,1,8.1501,0,OK
210,acid_upset,PLACEHOLDER,261,ACID,40.72,20.3598,2.4012,5.1288,7,5,20.47,20.0,185.14,185.14,1,7.7456,1,7.7456,0,OK
211,acid_upset,PLACEHOLDER,261,ACID,78.767,39.3834,2.1062,5.0292,8,6,39.7685,20.0,212.87,212.87,1,7.626,1,7.626,0,OK
212,acid_upset,PLACEHOLDER,261,ACID,49.748,24.8742,2.3039,5.008,7,5,24.4674,20.0,186.01,186.01,1,7.6491,1,7.6491,0,OK
213,base_upset,PLACEHOLDER,261,BASE,65.245,32.6224,11.8239,4.8932,8,6,33.0211,20.0,188.56,216.26,1,7.7283,1,7.7283,0,OK
214,base_upset,PLACEHOLDER,261,BASE,59.681,29.8405,11.7794,4.9595,9,6,29.7722,20.0,214.86,240.98,1,7.689,1,7.689,0,OK
215,acid_upset,PLACEHOLDER,261,ACID,55.509,27.7546,2.2706,5.1749,7,5,27.4834,20.0,196.94,196.94,1,7.8771,1,7.8771,0,OK
216,acid_upset,PLACEHOLDER,261,ACID,68.924,34.4622,2.1603,4.9849,7,5,33.8669,20.0,198.95,198.95,1,7.4539,1,7.4539,0,OK
217,base_upset,PLACEHOLDER,261,BASE,69.864,34.932,11.8419,5.0266,8,6,34.9834,20.0,184.9,211.87,1,7.7681,1,7.7681,0,OK
218,base_upset,PLACEHOLDER,261,BASE,48.158,24.079,11.6773,5.0618,7,5,24.9225,20.0,195.94,195.94,1,8.1192,1,8.1192,0,OK
219,base_upset,PLACEHOLDER,261,BASE,62.328,31.1639,11.7956,4.9899,9,6,31.7143,20.0,214.91,241.07,1,7.7357,1,7.7357,0,OK
220,base_upset,PLACEHOLDER,261,BASE,78.511,39.2555,11.8816,5.1563,8,6,38.9161,20.0,197.85,231.75,1,7.7808,1,7.7808,0,OK
221,acid_upset,PLACEHOLDER,261,ACID,44.967,22.4837,2.3593,5.143,6,5,22.5778,20.0,171.88,171.88,1,7.6889,1,7.6889,0,OK
222,base_upset,PLACEHOLDER,261,BASE,55.769,27.8846,11.7585,4.8623,7,6,27.1118,20.0,168.85,201.67,1,7.726,1,7.726,0,OK
223,acid_upset,PLACEHOLDER,261,ACID,68.855,34.4273,2.1471,4.8301,8,5,33.8482,20.0,205.16,205.16,1,6.6332,1,6.6332,0,OK
224,acid_upset,PLACEHOLDER,261,ACID,68.999,34.4996,2.1655,5.0499,8,5,34.6986,20.0,209.14,209.14,1,7.7052,1,7.7052,0,OK
225,acid_upset,PLACEHOLDER,261,ACID,49.595,24.7974,2.3181,5.1578,7,5,24.6627,20.0,186.93,186.93,1,7.6867,1,7.6867,0,OK
226,base_upset,PLACEHOLDER,261,BASE,58.861,29.4303,11.7779,4.9079,8,5,29.2208,20.0,203.29,203.29,1,7.4787,1,7.4787,0,OK
227,base_upset,PLACEHOLDER,261,BASE,51.997,25.9987,11.7038,5.1426,7,5,25.9541,20.0,187.99,187.99,1,8.0814,1,8.0814,0,OK
228,acid_upset,PLACEHOLDER,261,ACID,75.199,37.5993,2.1095,4.8385,8,5,37.3419,20.0,216.71,216.71,1,7.1479,1,7.1479,0,OK
229,base_upset,PLACEHOLDER,261,BASE,50.077,25.0385,11.6873,5.1445,7,5,25.556,20.0,192.25,192.25,1,7.7584,1,7.7584,0,OK
230,acid_upset,PLACEHOLDER,261,ACID,41.605,20.8024,2.3659,4.8309,6,5,21.0241,20.0,169.77,169.77,1,7.8551,1,7.8551,0,OK
231,acid_upset,PLACEHOLDER,261,ACID,49.922,24.961,2.2868,4.8311,7,5,25.1838,20.0,193.27,193.27,1,6.4313,1,6.4313,0,OK
232,base_upset,PLACEHOLDER,261,BASE,63.629,31.8143,11.7889,5.173,9,5,31.6684,20.0,222.06,222.06,1,8.1702,1,8.1702,0,OK
233,base_upset,PLACEHOLDER,261,BASE,75.061,37.5307,11.8796,4.9522,8,5,37.5176,20.0,219.16,219.16,1,8.2263,1,8.2263,0,OK
234,acid_upset,PLACEHOLDER,261,ACID,67.434,33.7172,2.1587,4.8585,8,5,33.2208,20.0,211.61,211.61,1,7.9222,1,7.9222,0,OK
235,acid_upset,PLACEHOLDER,261,ACID,77.528,38.764,2.0985,4.863,8,5,38.3811,20.0,214.31,214.31,1,6.5241,1,6.5241,0,OK
236,acid_upset,PLACEHOLDER,261,ACID,45.442,22.7208,2.3504,5.0917,6,5,22.7356,20.0,170.27,170.27,1,7.8412,1,7.8412,0,OK
237,acid_upset,PLACEHOLDER,261,ACID,40.329,20.1647,2.4054,5.1284,7,5,20.5782,20.0,189.32,189.32,1,7.5997,1,7.5997,0,OK
238,base_upset,PLACEHOLDER,261,BASE,62.37,31.1848,11.7969,4.978,9,5,31.7377,20.0,222.45,222.45,1,7.977,1,7.977,0,OK
239,base_upset,PLACEHOLDER,261,BASE,67.736,33.8681,11.8231,5.0901,10,6,34.2239,20.0,225.93,253.68,1,7.686,1,7.686,0,OK
240,acid_upset,PLACEHOLDER,261,ACID,70.647,35.3236,2.1606,5.1133,8,5,35.2318,20.0,210.05,210.05,1,7.628,1,7.628,0,OK
241,acid_upset,PLACEHOLDER,261,ACID,45.978,22.9891,2.3302,4.917,6,5,23.1477,20.0,168.2,168.2,1,7.3309,1,7.3309,0,OK
242,acid_upset,PLACEHOLDER,261,ACID,62.248,31.1241,2.2089,5.0344,8,5,31.344,20.0,203.24,203.24,1,6.9102,1,6.9102,0,OK
243,base_upset,PLACEHOLDER,261,BASE,56.414,28.2069,11.7665,4.8289,7,5,27.698,20.0,186.08,186.08,1,7.8695,1,7.8695,0,OK
244,acid_upset,PLACEHOLDER,261,ACID,66.652,33.326,2.1593,4.809,8,5,33.3963,20.0,223.85,223.85,1,6.5565,1,6.5565,0,OK
245,acid_upset,PLACEHOLDER,261,ACID,72.861,36.4305,2.1365,4.988,8,6,36.5584,20.0,221.93,221.93,1,7.5597,1,7.5597,0,OK
246,acid_upset,PLACEHOLDER,261,ACID,69.802,34.9011,2.1699,5.1606,8,6,35.1149,20.0,215.56,215.56,1,7.7279,1,7.7279,0,OK
247,acid_upset,PLACEHOLDER,261,ACID,43.598,21.7989,2.3638,5.0378,7,5,21.6595,20.0,188.63,188.63,1,7.7142,1,7.7142,0,OK
248,acid_upset,PLACEHOLDER,261,ACID,50.566,25.2831,2.297,5.0095,7,5,25.4099,20.0,188.16,188.16,1,7.7442,1,7.7442,0,OK
249,base_upset,PLACEHOLDER,261,BASE,65.581,32.7906,11.8063,5.1217,8,5,32.7269,20.0,177.68,207.13,1,7.7853,1,7.7853,0,OK
250,acid_upset,PLACEHOLDER,261,ACID,49.752,24.876,2.2978,4.9386,7,5,25.0452,20.0,187.62,187.62,1,7.651,1,7.651,0,OK
251,base_upset,PLACEHOLDER,261,BASE,43.631,21.8153,11.6534,4.8452,6,5,21.7963,20.0,137.69,163.26,1,7.6971,1,7.6971,0,OK
252,base_upset,PLACEHOLDER,261,BASE,50.708,25.3538,11.7212,4.8174,7,5,25.3833,20.0,179.74,179.74,1,7.9355,1,7.9355,0,OK
253,acid_upset,PLACEHOLDER,261,ACID,63.088,31.5442,2.2056,5.0641,8,5,31.2145,20.0,204.49,204.49,1,7.7244,1,7.7244,0,OK
254,acid_upset,PLACEHOLDER,261,ACID,61.731,30.8653,2.213,5.0402,7,5,30.7149,20.0,188.16,188.16,1,7.8203,1,7.8203,0,OK
255,acid_upset,PLACEHOLDER,261,ACID,64.324,32.1619,2.1866,4.9421,8,6,32.6215,20.0,174.86,202.98,1,7.7533,1,7.7533,0,OK
256,acid_upset,PLACEHOLDER,261,ACID,60.02,30.0099,2.2344,5.1478,7,5,29.8637,20.0,182.18,182.18,1,7.5151,1,7.5151,0,OK
257,base_upset,PLACEHOLDER,261,BASE,47.985,23.9927,11.6901,4.8975,6,5,23.4898,20.0,174.86,174.86,1,7.6871,1,7.6871,0,OK
258,acid_upset,PLACEHOLDER,261,ACID,73.053,36.5267,2.1255,4.8768,8,6,36.5569,20.0,217.61,217.61,1,7.6611,1,7.6611,0,OK
259,acid_upset,PLACEHOLDER,261,ACID,58.81,29.405,2.2169,4.8455,8,5,29.679,20.0,208.53,208.53,1,7.7951,1,7.7951,0,OK
260,base_upset,PLACEHOLDER,261,BASE,54.244,27.122,11.7379,4.9591,7,6,27.2864,20.0,197.02,197.02,1,7.7089,1,7.7089,0,OK
261,acid_upset,PLACEHOLDER,261,ACID,77.14,38.5702,2.1124,4.9964,9,5,38.6446,20.0,231.31,231.31,1,7.7265,1,7.7265,0,OK
262,acid_upset,PLACEHOLDER,261,ACID,58.16,29.08,2.2517,5.1911,7,6,28.8069,20.0,200.04,200.04,1,7.7796,1,7.7796,0,OK
263,base_upset,PLACEHOLDER,261,BASE,56.279,28.1396,11.7359,5.169,7,5,28.008,20.0,164.64,193.14,1,7.7207,1,7.7207,0,OK
264,base_upset,PLACEHOLDER,261,BASE,68.712,34.356,11.847,4.8863,8,6,34.4673,20.0,185.84,213.62,1,7.5273,1,7.5273,0,OK
265,acid_upset,PLACEHOLDER,261,ACID,62.262,31.1312,2.2097,5.0451,8,5,31.0848,20.0,211.01,211.01,1,6.7045,1,6.7045,0,OK
266,base_upset,PLACEHOLDER,261,BASE,57.698,28.8491,11.7456,5.183,8,5,29.3755,20.0,212.03,212.03,1,7.4667,1,7.4667,0,OK
267,base_upset,PLACEHOLDER,261,BASE,69.551,34.7756,11.8297,5.147,8,6,35.0831,20.0,184.34,211.74,1,7.682,1,7.682,0,OK
268,acid_upset,PLACEHOLDER,261,ACID,72.201,36.1006,2.13,4.8698,8,5,35.5314,20.0,211.7,211.7,1,7.6398,1,7.6398,0,OK
269,acid_upset,PLACEHOLDER,261,ACID,45.038,22.5192,2.3537,5.0842,6,5,22.0514,20.0,167.81,167.81,1,7.9151,1,7.9151,0,OK
270,base_upset,PLACEHOLDER,261,BASE,55.894,27.9469,11.7359,5.1342,8,5,28.2821,20.0,209.82,209.82,1,7.7863,1,7.7863,0,OK
271,acid_upset,PLACEHOLDER,261,ACID,66.59,33.2948,2.1649,4.867,8,5,33.0232,20.0,218.55,218.55,1,7.2935,1,7.2935,0,OK
272,acid_upset,PLACEHOLDER,261,ACID,51.419,25.7093,2.2987,5.1146,7,5,25.1578,20.0,185.76,185.76,1,7.3321,1,7.3321,0,OK
273,acid_upset,PLACEHOLDER,261,ACID,59.286,29.6428,2.2376,5.1228,8,5,29.5512,20.0,212.38,212.38,1,7.6472,1,7.6472,0,OK
274,acid_upset,PLACEHOLDER,261,ACID,52.322,26.1608,2.2936,5.143,7,5,26.2128,20.0,190.84,190.84,1,6.5875,1,6.5875,0,OK
275,acid_upset,PLACEHOLDER,261,ACID,67.329,33.6644,2.1633,4.9031,8,6,34.3566,20.0,220.96,220.96,1,7.783,1,7.783,0,OK
276,acid_upset,PLACEHOLDER,261,ACID,64.352,32.1761,2.2082,5.1962,8,5,31.8191,20.0,205.76,205.76,1,7.8366,1,7.8366,0,OK
277,acid_upset,PLACEHOLDER,261,ACID,71.324,35.662,2.1634,5.1955,9,6,36.6517,20.0,237.96,237.96,1,7.6942,1,7.6942,0,OK
278,base_upset,PLACEHOLDER,261,BASE,51.274,25.6368,11.7059,5.0461,8,5,25.4006,20.0,196.24,196.24,1,8.1073,1,8.1073,0,OK
279,acid_upset,PLACEHOLDER,261,ACID,47.288,23.644,2.3315,5.072,7,5,23.5881,20.0,199.86,199.86,1,7.9608,1,7.9608,0,OK
280,acid_upset,PLACEHOLDER,261,ACID,42.682,21.3408,2.3612,4.9023,6,5,20.7153,20.0,170.52,170.52,1,7.8459,1,7.8459,0,OK
281,base_upset,PLACEHOLDER,261,BASE,66.114,33.0568,11.8294,4.8963,8,5,32.9684,20.0,202.39,202.39,1,8.1284,1,8.1284,0,OK
282,base_upset,PLACEHOLDER,261,BASE,56.126,28.0631,11.7633,4.8403,8,6,27.9768,20.0,183.12,210.41,1,7.7481,1,7.7481,0,OK
283,acid_upset,PLACEHOLDER,261,ACID,61.2,30.5998,2.2223,5.1047,8,5,30.8707,20.0,213.43,213.43,1,6.6707,1,6.6707,0,OK
284,base_upset,PLACEHOLDER,261,BASE,54.207,27.1033,11.7362,4.9752,7,5,26.9526,20.0,187.15,187.15,1,8.0488,1,8.0488,0,OK
285,acid_upset,PLACEHOLDER,261,ACID,66.932,33.466,2.1567,4.8007,8,5,33.52,20.0,213.31,213.31,1,7.9881,1,7.9881,0,OK
286,acid_upset,PLACEHOLDER,261,ACID,40.744,20.3722,2.4,5.1173,7,5,20.5857,20.0,190.56,190.56,1,7.8357,1,7.8357,0,OK
287,base_upset,PLACEHOLDER,261,BASE,64.592,32.2958,11.8209,4.8781,8,5,32.1431,20.0,210.86,210.86,1,7.7692,1,7.7692,0,OK
288,base_upset,PLACEHOLDER,261,BASE,67.02,33.5101,11.8189,5.0844,8,5,33.7394,20.0,213.81,213.81,1,7.9605,1,7.9605,0,OK
289,acid_upset,PLACEHOLDER,261,ACID,45.408,22.7039,2.3537,5.126,7,5,22.7377,20.0,183.11,183.11,1,7.5516,1,7.5516,0,OK
290,base_upset,PLACEHOLDER,261,BASE,48.037,24.0187,11.687,4.9378,6,5,23.8697,20.0,161.15,161.15,1,7.7554,1,7.7554,0,OK
291,acid_upset,PLACEHOLDER,261,ACID,44.437,22.2185,2.3359,4.815,7,5,22.1628,20.0,183.85,183.85,1,7.7343,1,7.7343,0,OK
292,acid_upset,PLACEHOLDER,261,ACID,53.017,26.5086,2.2921,5.1943,8,5,26.471,20.0,203.87,203.87,1,7.8019,1,7.8019,0,OK
293,acid_upset,PLACEHOLDER,261,ACID,77.342,38.6711,2.0953,4.8159,8,6,39.0647,20.0,216.69,216.69,1,7.7447,1,7.7447,0,OK
294,base_upset,PLACEHOLDER,261,BASE,42.746,21.3732,11.6377,4.922,7,5,21.658,20.0,183.61,183.61,1,8.0681,1,8.0681,0,OK
295,acid_upset,PLACEHOLDER,261,ACID,41.527,20.7636,2.3933,5.1362,6,5,20.3507,20.0,170.14,170.14,1,7.7458,1,7.7458,0,OK
296,base_upset,PLACEHOLDER,261,BASE,71.224,35.6122,11.8679,4.8268,9,6,35.6236,20.0,210.67,243.19,1,7.7124,1,7.7124,0,OK
297,acid_upset,PLACEHOLDER,261,ACID,43.826,21.9131,2.3585,5.0031,8,5,22.1802,20.0,204.96,204.96,1,7.1287,1,7.1287,0,OK
298,acid_upset,PLACEHOLDER,261,ACID,72.033,36.0167,2.1444,5.0228,8,5,36.5296,20.0,200.06,200.06,1,7.7527,1,7.7527,0,OK
299,base_upset,PLACEHOLDER,261,BASE,40.589,20.2945,11.6155,4.9185,7,5,20.2298,20.0,154.41,183.0,1,7.7976,1,7.7976,0,OK
300,base_upset,PLACEHOLDER,261,BASE,63.215,31.6076,11.8113,4.8807,9,5,31.1939,20.0,222.91,222.91,1,7.8396,1,7.8396,0,OK
301,base_upset,PLACEHOLDER,261,BASE,45.294,22.6469,11.6504,5.0656,7,5,22.6685,20.0,191.41,191.41,1,8.0842,1,8.0842,0,OK
302,acid_upset,PLACEHOLDER,261,ACID,42.758,21.379,2.3667,4.9735,6,5,21.364,20.0,166.36,166.36,1,7.6565,1,7.6565,0,OK
303,base_upset,PLACEHOLDER,261,BASE,71.787,35.8935,11.8595,4.9606,8,5,36.0446,20.0,220.95,220.95,1,8.0808,1,8.0808,0,OK
304,base_upset,PLACEHOLDER,261,BASE,63.364,31.6822,11.7891,5.1492,8,5,31.8793,20.0,180.13,212.74,1,7.732,1,7.732,0,OK
305,acid_upset,PLACEHOLDER,261,ACID,66.012,33.006,2.1954,5.1761,9,5,33.654,20.0,220.17,220.17,1,7.1536,1,7.1536,0,OK
306,base_upset,PLACEHOLDER,261,BASE,67.557,33.7787,11.813,5.1958,8,5,33.8378,20.0,211.33,211.33,1,7.6865,1,7.6865,0,OK
307,base_upset,PLACEHOLDER,261,BASE,47.996,23.9981,11.666,5.1781,7,5,24.1265,20.0,192.33,192.33,1,7.734,1,7.734,0,OK
308,acid_upset,PLACEHOLDER,261,ACID,52.274,26.137,2.2759,4.9331,7,5,26.1406,20.0,195.72,195.72,1,7.5708,1,7.5708,0,OK
309,base_upset,PLACEHOLDER,261,BASE,45.708,22.854,11.6649,4.9438,8,6,23.0698,20.0,184.99,213.71,1,7.6585,1,7.6585,0,OK
310,acid_upset,PLACEHOLDER,261,ACID,79.498,39.7491,2.1159,5.1911,8,5,40.2328,20.0,213.89,213.89,1,6.7055,1,6.7055,0,OK
311,base_upset,PLACEHOLDER,261,BASE,54.527,27.2636,11.7371,4.9946,7,5,26.9692,20.0,191.65,191.65,1,7.5444,1,7.5444,0,OK
312,acid_upset,PLACEHOLDER,261,ACID,49.288,24.6438,2.3159,5.0999,6,5,24.5866,20.0,168.26,168.26,1,7.7511,1,7.7511,0,OK
313,base_upset,PLACEHOLDER,261,BASE,49.649,24.8247,11.6977,4.9797,7,5,24.8924,20.0,193.93,193.93,1,8.0514,1,8.0514,0,OK
314,acid_upset,PLACEHOLDER,261,ACID,52.135,26.0677,2.2827,4.998,7,5,26.1663,20.0,190.42,190.42,1,7.1077,1,7.1077,0,OK
315,base_upset,PLACEHOLDER,261,BASE,40.811,20.4054,11.6271,4.8154,6,5,20.4026,20.0,134.98,165.72,1,7.8907,1,7.8907,0,OK
316,base_upset,PLACEHOLDER,261,BASE,59.299,29.6497,11.7867,4.8449,8,5,29.8808,20.0,214.05,214.05,1,7.9021,1,7.9021,0,OK
317,acid_upset,PLACEHOLDER,261,ACID,56.913,28.4566,2.2547,5.1159,8,5,28.0676,20.0,220.08,220.08,1,6.6446,1,6.6446,0,OK
318,acid_upset,PLACEHOLDER,261,ACID,58.6,29.2999,2.2292,4.9672,8,5,28.6773,20.0,217.94,217.94,1,6.7103,1,6.7103,0,OK
319,acid_upset,PLACEHOLDER,261,ACID,52.52,26.2602,2.267,4.8566,7,5,26.3911,20.0,187.81,187.81,1,7.4451,1,7.4451,0,OK
320,base_upset,PLACEHOLDER,261,BASE,40.07,20.0352,11.6054,4.9703,7,5,19.737,20.0,180.68,180.68,1,7.9221,1,7.9221,0,OK
321,acid_upset,PLACEHOLDER,261,ACID,42.086,21.043,2.369,4.9221,6,5,20.9271,20.0,166.04,166.04,1,7.6961,1,7.6961,0,OK
322,base_upset,PLACEHOLDER,261,BASE,68.284,34.142,11.8301,5.0484,7,5,33.5413,20.0,191.42,191.42,1,7.7096,1,7.7096,0,OK
323,acid_upset,PLACEHOLDER,261,ACID,74.739,37.3694,2.1397,5.1547,8,5,36.7226,20.0,211.87,211.87,1,7.6054,1,7.6054,0,OK
324,acid_upset,PLACEHOLDER,261,ACID,62.287,31.1434,2.1972,4.9047,8,5,30.7147,20.0,206.44,206.44,1,7.7894,1,7.7894,0,OK
325,base_upset,PLACEHOLDER,261,BASE,73.429,36.7144,11.8611,5.0551,9,6,36.5903,20.0,212.06,244.82,1,7.7719,1,7.7719,0,OK
326,base_upset,PLACEHOLDER,261,BASE,53.874,26.9368,11.7395,4.9069,9,6,27.7379,20.0,215.91,245.1,1,7.6303,1,7.6303,0,OK
327,acid_upset,PLACEHOLDER,261,ACID,67.302,33.6511,2.155,4.8088,8,5,33.6698,20.0,210.39,210.39,1,6.3087,1,6.3087,0,OK
328,base_upset,PLACEHOLDER,261,BASE,68.361,34.1806,11.8215,5.1553,8,5,33.1698,20.0,206.22,206.22,1,8.1131,1,8.1131,0,OK
329,acid_upset,PLACEHOLDER,261,ACID,48.911,24.4555,2.3241,5.1584,6,5,24.0787,20.0,181.91,181.91,1,7.644,1,7.644,0,OK
330,base_upset,PLACEHOLDER,261,BASE,78.99,39.4951,11.9141,4.8129,8,5,38.8731,20.0,210.6,210.6,1,7.7647,1,7.7647,0,OK
331,base_upset,PLACEHOLDER,261,BASE,43.81,21.9051,11.6541,4.8581,7,5,21.6271,20.0,180.34,180.34,1,7.7994,1,7.7994,0,OK
332,acid_upset,PLACEHOLDER,261,ACID,43.884,21.9421,2.3571,4.9929,7,5,22.197,20.0,188.56,188.56,1,7.5988,1,7.5988,0,OK
333,acid_upset,PLACEHOLDER,261,ACID,65.581,32.7906,2.1791,4.953,9,5,33.4368,20.0,227.97,227.97,1,7.6282,1,7.6282,0,OK
334,base_upset,PLACEHOLDER,261,BASE,63.876,31.9378,11.7969,5.0975,8,5,32.3087,20.0,216.09,216.09,1,7.3326,1,7.3326,0,OK
335,base_upset,PLACEHOLDER,261,BASE,78.979,39.4895,11.8921,5.0626,8,6,38.902,20.0,191.58,218.43,1,7.735,1,7.735,0,OK
336,acid_upset,PLACEHOLDER,261,ACID,42.916,21.4581,2.3753,5.0915,7,5,21.7261,20.0,197.88,197.88,1,7.7769,1,7.7769,0,OK
337,base_upset,PLACEHOLDER,261,BASE,74.174,37.0872,11.8692,5.0116,8,5,37.4391,20.0,206.94,206.94,1,7.9237,1,7.9237,0,OK
338,acid_upset,PLACEHOLDER,261,ACID,77.463,38.7317,2.1269,5.1879,8,5,39.2946,20.0,225.23,225.23,1,6.4495,1,6.4495,0,OK
339,base_upset,PLACEHOLDER,261,BASE,60.508,30.2542,11.7737,5.0946,8,6,30.2116,20.0,213.32,213.32,1,7.8455,1,7.8455,0,OK
340,base_upset,PLACEHOLDER,261,BASE,77.683,38.8413,11.8969,4.9253,8,6,38.6791,20.0,193.96,223.55,1,7.8509,1,7.8509,0,OK
341,acid_upset,PLACEHOLDER,261,ACID,51.134,25.5669,2.2875,4.9566,7,5,25.1666,20.0,194.09,194.09,1,7.6145,1,7.6145,0,OK
342,base_upset,PLACEHOLDER,261,BASE,47.865,23.9327,11.6898,4.889,7,5,24.0266,20.0,190.88,190.88,1,8.0108,1,8.0108,0,OK
343,acid_upset,PLACEHOLDER,261,ACID,59.097,29.5483,2.2134,4.8303,8,5,29.6564,20.0,205.88,205.88,1,7.5674,1,7.5674,0,OK
344,base_upset,PLACEHOLDER,261,BASE,75.83,37.9149,11.8797,5.0016,8,5,37.4749,20.0,214.74,214.74,1,8.1572,1,8.1572,0,OK
345,acid_upset,PLACEHOLDER,261,ACID,41.705,20.8523,2.3926,5.149,6,5,20.9664,20.0,169.35,169.35,1,7.6119,1,7.6119,0,OK
346,acid_upset,PLACEHOLDER,261,ACID,69.898,34.9489,2.1672,5.1362,7,5,35.4953,20.0,189.43,189.43,1,7.4933,1,7.4933,0,OK
347,acid_upset,PLACEHOLDER,261,ACID,67.178,33.5888,2.1711,4.9802,8,5,33.0916,20.0,212.75,212.75,1,7.3433,1,7.3433,0,OK
348,base_upset,PLACEHOLDER,261,BASE,61.889,30.9447,11.8005,4.8988,8,5,31.0223,20.0,213.32,213.32,1,7.6599,1,7.6599,0,OK
349,base_upset,PLACEHOLDER,261,BASE,59.294,29.6471,11.7809,4.9098,9,6,29.9276,20.0,208.73,237.91,1,7.7075,1,7.7075,0,OK
350,acid_upset,PLACEHOLDER,261,ACID,50.235,25.1176,2.284,4.8301,7,5,25.2696,20.0,185.48,185.48,1,7.7608,1,7.7608,0,OK
351,acid_upset,PLACEHOLDER,261,ACID,73.58,36.7899,2.1443,5.1288,8,5,36.4079,20.0,205.06,205.06,1,7.7076,1,7.7076,0,OK
352,acid_upset,PLACEHOLDER,261,ACID,60.045,30.0223,2.2161,4.9375,8,5,29.9401,20.0,209.5,209.5,1,7.4281,1,7.4281,0,OK
353,base_upset,PLACEHOLDER,261,BASE,79.008,39.5041,11.9021,4.9496,8,6,40.1774,20.0,192.95,220.29,1,7.5793,1,7.5793,0,OK
354,acid_upset,PLACEHOLDER,261,ACID,75.81,37.9048,2.1251,5.056,9,5,37.8308,20.0,238.92,238.92,1,7.275,1,7.275,0,OK
355,acid_upset,PLACEHOLDER,261,ACID,47.557,23.7786,2.324,5.0139,7,5,24.0859,20.0,192.76,192.76,1,7.3675,1,7.3675,0,OK
356,acid_upset,PLACEHOLDER,261,ACID,43.336,21.6678,2.3709,5.0898,6,5,21.6314,20.0,168.83,168.83,1,7.8054,1,7.8054,0,OK
357,acid_upset,PLACEHOLDER,261,ACID,65.684,32.8421,2.1849,5.0273,9,5,33.0656,20.0,227.94,227.94,1,7.455,1,7.455,0,OK
358,acid_upset,PLACEHOLDER,261,ACID,72.401,36.2005,2.1523,5.1404,8,5,36.2249,20.0,209.29,209.29,1,7.4512,1,7.4512,0,OK
359,acid_upset,PLACEHOLDER,261,ACID,51.963,25.9816,2.2924,5.0946,7,5,26.0523,20.0,201.44,201.44,1,6.6229,1,6.6229,0,OK
360,base_upset,PLACEHOLDER,261,BASE,64.894,32.4471,11.8288,4.8121,8,5,32.4617,20.0,217.3,217.3,1,7.9742,1,7.9742,0,OK
361,acid_upset,PLACEHOLDER,261,ACID,61.062,30.531,2.2239,5.1131,8,6,31.0409,20.0,191.56,220.75,1,7.7513,1,7.7513,0,OK
362,acid_upset,PLACEHOLDER,261,ACID,49.785,24.8924,2.2898,4.8508,8,5,24.8279,20.0,205.9,205.9,1,6.4672,1,6.4672,0,OK
363,acid_upset,PLACEHOLDER,261,ACID,54.026,27.0128,2.2768,5.1098,8,5,26.4917,20.0,213.82,213.82,1,7.8604,1,7.8604,0,OK
364,acid_upset,PLACEHOLDER,261,ACID,53.926,26.9628,2.2792,5.1287,6,5,27.2162,20.0,162.3,162.3,1,6.7061,1,6.7061,0,OK
365,acid_upset,PLACEHOLDER,261,ACID,75.726,37.8632,2.1374,5.1953,9,6,38.4868,20.0,239.76,239.76,1,7.9555,1,7.9555,0,OK
366,acid_upset,PLACEHOLDER,261,ACID,47.696,23.8481,2.3168,4.946,7,5,23.8563,20.0,184.26,184.26,1,6.7913,1,6.7913,0,OK
367,base_upset,PLACEHOLDER,261,BASE,68.449,34.2243,11.8249,5.122,8,6,34.2735,20.0,180.43,211.44,1,7.7211,1,7.7211,0,OK
368,base_upset,PLACEHOLDER,261,BASE,48.458,24.2289,11.6842,5.0136,6,5,23.964,20.0,144.5,173.58,1,7.7743,1,7.7743,0,OK
369,base_upset,PLACEHOLDER,261,BASE,79.087,39.5434,11.9025,4.9497,8,5,39.2178,20.0,215.91,215.91,1,7.9735,1,7.9735,0,OK
370,base_upset,PLACEHOLDER,261,BASE,51.334,25.6671,11.7115,4.9872,7,5,25.0551,20.0,200.1,200.1,1,8.0203,1,8.0203,0,OK
371,acid_upset,PLACEHOLDER,261,ACID,48.689,24.3444,2.3248,5.1423,6,5,24.2026,20.0,164.08,164.08,1,7.7144,1,7.7144,0,OK
372,acid_upset,PLACEHOLDER,261,ACID,42.032,21.0161,2.3613,4.8285,7,5,21.1957,20.0,189.74,189.74,1,7.5339,1,7.5339,0,OK
373,base_upset,PLACEHOLDER,261,BASE,74.98,37.49,11.8709,5.0467,8,5,37.3869,20.0,213.8,213.8,1,7.9851,1,7.9851,0,OK
374,base_upset,PLACEHOLDER,261,BASE,44.619,22.3095,11.6559,4.9271,7,5,22.3523,20.0,193.91,193.91,1,7.6772,1,7.6772,0,OK
375,acid_upset,PLACEHOLDER,261,ACID,67.723,33.8614,2.1683,4.9888,7,5,33.1009,20.0,198.66,198.66,1,7.7147,1,7.7147,0,OK
376,acid_upset,PLACEHOLDER,261,ACID,60.534,30.2668,2.2271,5.1053,8,5,29.9832,20.0,206.43,206.43,1,7.9451,1,7.9451,0,OK
377,base_upset,PLACEHOLDER,261,BASE,49.41,24.7052,11.6931,5.0085,6,5,24.4108,20.0,172.17,172.17,1,7.5534,1,7.5534,0,OK
378,base_upset,PLACEHOLDER,261,BASE,68.041,34.0205,11.8432,4.8818,8,6,33.945,20.0,198.9,225.45,1,7.7809,1,7.7809,0,OK
379,base_upset,PLACEHOLDER,261,BASE,50.454,25.2269,11.698,5.0564,6,5,25.0626,20.0,174.39,174.39,1,7.4033,1,7.4033,0,OK
380,acid_upset,PLACEHOLDER,261,ACID,61.746,30.8731,2.2073,4.9761,9,6,30.8225,20.0,218.18,245.81,1,7.8225,1,7.8225,0,OK
381,acid_upset,PLACEHOLDER,261,ACID,67.513,33.7566,2.1713,5.0084,9,5,34.4458,20.0,234.54,234.54,1,6.4543,1,6.4543,0,OK
382,base_upset,PLACEHOLDER,261,BASE,74.513,37.2565,11.8733,4.9877,9,6,37.1262,20.0,212.47,241.68,1,7.7376,1,7.7376,0,OK
383,base_upset,PLACEHOLDER,261,BASE,54.449,27.2247,11.7405,4.948,9,6,27.0348,20.0,211.2,237.62,1,7.7087,1,7.7087,0,OK
384,base_upset,PLACEHOLDER,261,BASE,55.205,27.6025,11.7414,5.0072,6,4,26.9102,20.0,159.19,159.19,1,8.0803,1,8.0803,0,OK
385,acid_upset,PLACEHOLDER,261,ACID,67.233,33.6166,2.1758,5.0397,9,6,34.0819,20.0,235.66,235.66,1,7.7876,1,7.7876,0,OK
386,base_upset,PLACEHOLDER,261,BASE,52.674,26.3372,11.7301,4.9032,8,6,26.4107,20.0,198.44,232.4,1,7.8056,1,7.8056,0,OK
387,acid_upset,PLACEHOLDER,261,ACID,77.709,38.8544,2.0939,4.8235,8,6,38.4419,20.0,215.36,215.36,1,7.6017,1,7.6017,0,OK
388,acid_upset,PLACEHOLDER,261,ACID,51.595,25.7973,2.2787,4.9005,7,5,26.0903,20.0,187.37,187.37,1,7.8599,1,7.8599,0,OK
389,acid_upset,PLACEHOLDER,261,ACID,47.168,23.584,2.309,4.8046,6,5,23.3692,20.0,171.29,171.29,1,7.746,1,7.746,0,OK
390,base_upset,PLACEHOLDER,261,BASE,77.14,38.5701,11.8732,5.165,8,5,37.5968,20.0,204.05,204.05,1,7.9225,1,7.9225,0,OK
391,acid_upset,PLACEHOLDER,261,ACID,45.447,22.7235,2.3542,5.1369,6,5,22.4654,20.0,144.83,172.94,1,7.7104,1,7.7104,0,OK
392,base_upset,PLACEHOLDER,261,BASE,65.175,32.5875,11.8025,5.1352,8,5,32.9243,20.0,209.71,209.71,1,7.8439,1,7.8439,0,OK
393,acid_upset,PLACEHOLDER,261,ACID,62.805,31.4026,2.2169,5.1743,8,5,31.3916,20.0,206.71,206.71,1,7.7888,1,7.7888,0,OK
394,acid_upset,PLACEHOLDER,261,ACID,41.106,20.5528,2.3886,5.0285,7,5,20.9297,20.0,193.08,193.08,1,7.7555,1,7.7555,0,OK
395,base_upset,PLACEHOLDER,261,BASE,74.379,37.1895,11.8799,4.9038,8,5,36.3197,20.0,208.66,208.66,1,8.0168,1,8.0168,0,OK
396,base_upset,PLACEHOLDER,261,BASE,58.476,29.2378,11.7539,5.1529,8,5,29.2295,20.0,210.65,210.65,1,7.8852,1,7.8852,0,OK
397,base_upset,PLACEHOLDER,261,BASE,65.26,32.6302,11.8107,5.0461,8,5,32.7254,20.0,173.92,199.89,1,7.559,1,7.559,0,OK
398,base_upset,PLACEHOLDER,261,BASE,44.321,22.1607,11.6504,4.9571,7,5,22.7511,20.0,157.66,185.4,1,7.733,1,7.733,0,OK
399,base_upset,PLACEHOLDER,261,BASE,68.672,34.336,11.832,5.0552,8,5,34.2572,20.0,205.04,205.04,1,7.9805,1,7.9805,0,OK
400,acid_upset,PLACEHOLDER,261,ACID,69.649,34.8247,2.1478,4.8941,10,6,35.0954,20.0,240.85,268.65,1,7.7748,1,7.7748,0,OK
401,acid_upset,PLACEHOLDER,261,ACID,67.084,33.5422,2.1718,4.9813,9,5,33.4646,20.0,229.17,229.17,1,7.8882,1,7.8882,0,OK
402,base_upset,PLACEHOLDER,261,BASE,63.532,31.7659,11.7984,5.053,7,5,32.0487,20.0,180.87,180.87,1,8.0049,1,8.0049,0,OK
403,base_upset,PLACEHOLDER,261,BASE,52.336,26.1682,11.7057,5.1536,8,6,26.3915,20.0,191.99,221.68,1,7.7159,1,7.7159,0,OK
404,base_upset,PLACEHOLDER,261,BASE,59.422,29.711,11.7777,4.9566,7,5,28.6682,20.0,188.36,188.36,1,7.7785,1,7.7785,0,OK
405,acid_upset,PLACEHOLDER,261,ACID,67.992,33.9962,2.1745,5.0814,8,5,34.3404,20.0,200.98,200.98,1,7.5384,1,7.5384,0,OK
406,base_upset,PLACEHOLDER,261,BASE,73.331,36.6657,11.8675,4.9749,9,5,37.278,20.0,227.46,227.46,1,7.9593,1,7.9593,0,OK
407,base_upset,PLACEHOLDER,261,BASE,67.59,33.795,11.8136,5.191,7,5,32.921,20.0,161.49,189.94,1,7.7698,1,7.7698,0,OK
408,acid_upset,PLACEHOLDER,261,ACID,73.501,36.7503,2.1191,4.8343,8,5,36.9904,20.0,211.02,211.02,1,7.8209,1,7.8209,0,OK
409,acid_upset,PLACEHOLDER,261,ACID,78.484,39.2419,2.1184,5.1536,9,6,39.4929,20.0,235.73,235.73,1,7.8304,1,7.8304,0,OK
410,acid_upset,PLACEHOLDER,261,ACID,55.327,27.6637,2.2481,4.898,9,6,27.9277,20.0,200.76,238.42,1,7.7537,1,7.7537,0,OK
411,base_upset,PLACEHOLDER,261,BASE,64.05,32.025,11.8068,4.9968,7,5,31.8108,20.0,198.87,198.87,1,7.7959,1,7.7959,0,OK
412,acid_upset,PLACEHOLDER,261,ACID,60.94,30.4699,2.2286,5.1578,8,6,30.6135,20.0,221.6,221.6,1,7.6547,1,7.6547,0,OK
413,base_upset,PLACEHOLDER,261,BASE,63.822,31.9112,11.8073,4.9734,7,5,30.9145,20.0,183.9,183.9,1,7.6976,1,7.6976,0,OK
414,acid_upset,PLACEHOLDER,261,ACID,78.076,39.0381,2.123,5.182,8,5,37.9553,20.0,213.68,213.68,1,7.2188,1,7.2188,0,OK
415,base_upset,PLACEHOLDER,261,BASE,70.597,35.2984,11.8394,5.1089,8,5,35.7222,20.0,211.12,211.12,1,7.6199,1,7.6199,0,OK
416,base_upset,PLACEHOLDER,261,BASE,54.983,27.4917,11.7439,4.9584,7,5,27.1961,20.0,194.49,194.49,1,7.8896,1,7.8896,0,OK
417,base_upset,PLACEHOLDER,261,BASE,48.754,24.3769,11.6738,5.1659,6,5,24.1228,20.0,142.2,167.94,1,7.7347,1,7.7347,0,OK
418,acid_upset,PLACEHOLDER,261,ACID,79.811,39.9055,2.1004,5.0286,8,6,40.6676,20.0,229.65,229.65,1,7.8128,1,7.8128,0,OK
419,base_upset,PLACEHOLDER,261,BASE,72.173,36.0867,11.8704,4.8638,8,5,37.0496,20.0,214.28,214.28,1,8.0092,1,8.0092,0,OK
420,acid_upset,PLACEHOLDER,261,ACID,49.542,24.7708,2.2881,4.8094,7,5,24.7666,20.0,194.0,194.0,1,7.7958,1,7.7958,0,OK
421,base_upset,PLACEHOLDER,261,BASE,70.837,35.4187,11.8415,5.1016,9,6,34.879,20.0,209.88,236.61,1,7.7887,1,7.7887,0,OK
422,base_upset,PLACEHOLDER,261,BASE,52.112,26.0558,11.7306,4.8447,7,5,26.0069,20.0,189.79,189.79,1,7.6909,1,7.6909,0,OK
423,base_upset,PLACEHOLDER,261,BASE,75.058,37.5289,11.8899,4.836,9,6,37.4491,20.0,209.75,245.05,1,7.8741,1,7.8741,0,OK
424,acid_upset,PLACEHOLDER,261,ACID,60.033,30.0166,2.2182,4.9607,9,5,30.1232,20.0,223.78,223.78,1,6.4275,1,6.4275,0,OK
425,acid_upset,PLACEHOLDER,261,ACID,64.287,32.1435,2.2082,5.192,8,5,32.5269,20.0,208.34,208.34,1,7.8109,1,7.8109,0,OK
426,acid_upset,PLACEHOLDER,261,ACID,64.124,32.0622,2.1771,4.8209,8,5,32.4567,20.0,210.58,210.58,1,7.8415,1,7.8415,0,OK
427,acid_upset,PLACEHOLDER,261,ACID,54.315,27.1573,2.2739,5.102,7,5,26.8555,20.0,195.77,195.77,1,7.1074,1,7.1074,0,OK
428,acid_upset,PLACEHOLDER,261,ACID,53.392,26.6958,2.2891,5.1942,7,5,26.7126,20.0,184.91,184.91,1,8.0833,1,8.0833,0,OK
429,base_upset,PLACEHOLDER,261,BASE,66.67,33.335,11.8298,4.9332,8,6,33.9392,20.0,234.34,234.34,1,7.9819,1,7.9819,0,OK
430,acid_upset,PLACEHOLDER,261,ACID,49.343,24.6717,2.3228,5.1877,7,5,24.9417,20.0,183.68,183.68,1,7.7816,1,7.7816,0,OK
431,acid_upset,PLACEHOLDER,261,ACID,43.638,21.8189,2.3655,5.0625,6,5,21.6731,20.0,178.41,178.41,1,7.6628,1,7.6628,0,OK
432,base_upset,PLACEHOLDER,261,BASE,61.277,30.6387,11.7866,5.0079,8,6,31.1529,20.0,186.43,220.05,1,7.7946,1,7.7946,0,OK
433,acid_upset,PLACEHOLDER,261,ACID,79.902,39.9511,2.0923,4.9407,8,6,40.3204,20.0,223.55,223.55,1,7.7187,1,7.7187,0,OK
434,base_upset,PLACEHOLDER,261,BASE,61.532,30.7658,11.779,5.1177,7,5,31.1333,20.0,185.75,185.75,1,7.9233,1,7.9233,0,OK
435,base_upset,PLACEHOLDER,261,BASE,42.824,21.4118,11.6432,4.8687,6,5,21.1284,20.0,169.61,169.61,1,7.7937,1,7.7937,0,OK
436,acid_upset,PLACEHOLDER,261,ACID,61.059,30.5294,2.2083,4.9324,8,5,31.1233,20.0,204.53,204.53,1,7.7849,1,7.7849,0,OK
437,base_upset,PLACEHOLDER,261,BASE,74.757,37.3784,11.8634,5.1198,7,5,37.4093,20.0,193.8,193.8,1,8.1355,1,8.1355,0,OK
438,base_upset,PLACEHOLDER,261,BASE,55.754,27.877,11.7532,4.9215,7,5,28.0459,20.0,191.56,191.56,1,7.6934,1,7.6934,0,OK
439,acid_upset,PLACEHOLDER,261,ACID,50.368,25.1839,2.2868,4.8747,7,5,25.0298,20.0,191.52,191.52,1,6.7647,1,6.7647,0,OK
440,base_upset,PLACEHOLDER,261,BASE,77.553,38.7764,11.8784,5.1306,9,6,39.0883,20.0,214.59,244.03,1,7.7882,1,7.7882,0,OK
441,acid_upset,PLACEHOLDER,261,ACID,43.218,21.6092,2.375,5.1243,6,5,21.1271,20.0,167.95,167.95,1,7.7373,1,7.7373,0,OK
442,acid_upset,PLACEHOLDER,261,ACID,77.719,38.8596,2.0962,4.8492,7,5,39.1418,20.0,184.87,184.87,1,7.4598,1,7.4598,0,OK
443,acid_upset,PLACEHOLDER,261,ACID,62.546,31.273,2.2006,4.9637,8,5,30.679,20.0,209.67,209.67,1,7.7287,1,7.7287,0,OK
444,acid_upset,PLACEHOLDER,261,ACID,78.908,39.4541,2.1039,5.012,9,5,39.7259,20.0,225.52,225.52,1,7.8997,1,7.8997,0,OK
445,acid_upset,PLACEHOLDER,261,ACID,54.523,27.2613,2.269,5.0641,8,6,26.6211,20.0,225.76,225.76,1,7.5759,1,7.5759,0,OK
446,acid_upset,PLACEHOLDER,261,ACID,73.834,36.9172,2.1188,4.8531,8,6,37.3055,20.0,216.92,216.92,1,7.7262,1,7.7262,0,OK
447,base_upset,PLACEHOLDER,261,BASE,48.584,24.2918,11.6797,5.0784,8,5,23.8943,20.0,217.48,217.48,1,7.842,1,7.842,0,OK
448,base_upset,PLACEHOLDER,261,BASE,49.273,24.6364,11.6756,5.1993,7,6,25.0948,20.0,167.42,192.93,1,7.6614,1,7.6614,0,OK
449,acid_upset,PLACEHOLDER,261,ACID,48.968,24.4839,2.3125,5.0277,7,5,24.0058,20.0,193.94,193.94,1,7.6112,1,7.6112,0,OK
450,base_upset,PLACEHOLDER,261,BASE,51.71,25.8549,11.7281,4.8353,9,6,25.9306,20.0,207.34,234.8,1,7.7718,1,7.7718,0,OK
451,base_upset,PLACEHOLDER,261,BASE,53.927,26.9633,11.7445,4.8564,7,5,27.2998,20.0,183.16,183.16,1,7.9964,1,7.9964,0,OK
452,base_upset,PLACEHOLDER,261,BASE,68.859,34.4295,11.8432,4.9397,8,5,34.4777,20.0,204.7,204.7,1,7.7759,1,7.7759,0,OK
453,acid_upset,PLACEHOLDER,261,ACID,41.13,20.5651,2.3847,4.9873,7,5,20.7033,20.0,193.39,193.39,1,7.7609,1,7.7609,0,OK
454,acid_upset,PLACEHOLDER,261,ACID,51.849,25.9246,2.2831,4.9748,7,5,25.8646,20.0,189.3,189.3,1,7.4237,1,7.4237,0,OK
455,base_upset,PLACEHOLDER,261,BASE,44.028,22.0139,11.6516,4.9099,7,5,21.69,20.0,205.4,205.4,1,7.8662,1,7.8662,0,OK
456,base_upset,PLACEHOLDER,261,BASE,78.789,39.3945,11.8872,5.1084,9,6,39.914,20.0,207.73,236.25,1,7.7104,1,7.7104,0,OK
457,base_upset,PLACEHOLDER,261,BASE,66.514,33.2572,11.8249,4.9772,8,6,33.1875,20.0,185.71,214.3,1,7.7425,1,7.7425,0,OK
458,base_upset,PLACEHOLDER,261,BASE,65.082,32.5409,11.7983,5.1777,7,5,32.8584,20.0,188.68,188.68,1,7.8245,1,7.8245,0,OK
459,acid_upset,PLACEHOLDER,261,ACID,40.947,20.4736,2.3784,4.8935,6,5,20.254,20.0,166.67,166.67,1,7.7038,1,7.7038,0,OK
460,acid_upset,PLACEHOLDER,261,ACID,48.315,24.1576,2.311,4.944,7,5,23.9834,20.0,194.56,194.56,1,7.3176,1,7.3176,0,OK
461,base_upset,PLACEHOLDER,261,BASE,48.341,24.1707,11.6844,4.9985,7,5,23.8547,20.0,184.24,184.24,1,7.9972,1,7.9972,0,OK
462,acid_upset,PLACEHOLDER,261,ACID,49.687,24.8433,2.3203,5.1943,7,5,24.6532,20.0,191.99,191.99,1,6.9023,1,6.9023,0,OK
463,base_upset,PLACEHOLDER,261,BASE,76.145,38.0723,11.8689,5.1493,8,5,38.3557,20.0,214.52,214.52,1,7.8707,1,7.8707,0,OK
464,base_upset,PLACEHOLDER,261,BASE,40.782,20.3909,11.6237,4.8496,6,5,20.2713,20.0,132.89,158.3,1,7.8519,1,7.8519,0,OK
465,base_upset,PLACEHOLDER,261,BASE,62.988,31.4939,11.7834,5.1862,8,6,31.2473,20.0,190.05,215.39,1,7.7653,1,7.7653,0,OK
466,acid_upset,PLACEHOLDER,261,ACID,41.2,20.6,2.3744,4.8787,7,5,21.3034,20.0,186.37,186.37,1,7.5917,1,7.5917,0,OK
467,base_upset,PLACEHOLDER,261,BASE,65.272,32.6361,11.8281,4.848,8,5,32.0554,20.0,202.58,202.58,1,8.025,1,8.025,0,OK
468,acid_upset,PLACEHOLDER,261,ACID,78.434,39.2171,2.0961,4.8931,8,6,38.9204,20.0,217.96,217.96,1,7.7308,1,7.7308,0,OK
469,base_upset,PLACEHOLDER,261,BASE,47.073,23.5366,11.6641,5.1009,8,6,23.2735,20.0,201.53,226.83,1,7.7601,1,7.7601,0,OK
470,base_upset,PLACEHOLDER,261,BASE,53.166,26.5829,11.7357,4.8858,7,5,26.8388,20.0,187.02,187.02,1,7.8249,1,7.8249,0,OK
471,acid_upset,PLACEHOLDER,261,ACID,44.652,22.3258,2.354,5.0444,6,5,21.8033,20.0,165.92,165.92,1,7.7135,1,7.7135,0,OK
472,acid_upset,PLACEHOLDER,261,ACID,77.61,38.8049,2.0947,4.8262,9,6,38.3483,20.0,245.19,245.19,1,7.8136,1,7.8136,0,OK
473,acid_upset,PLACEHOLDER,261,ACID,54.105,27.0525,2.2541,4.8559,8,5,27.2287,20.0,211.02,211.02,1,7.8517,1,7.8517,0,OK
474,base_upset,PLACEHOLDER,261,BASE,52.349,26.1744,11.7056,5.1551,6,5,26.3653,20.0,166.08,166.08,1,8.0186,1,8.0186,0,OK
475,acid_upset,PLACEHOLDER,261,ACID,77.948,38.9739,2.1058,4.9727,8,6,39.8971,20.0,216.54,216.54,1,7.7407,1,7.7407,0,OK
476,base_upset,PLACEHOLDER,261,BASE,48.38,24.19,11.6863,4.9813,7,5,23.8001,20.0,188.41,188.41,1,7.9898,1,7.9898,0,OK
477,acid_upset,PLACEHOLDER,261,ACID,73.681,36.8405,2.1284,4.9518,8,5,36.882,20.0,205.54,205.54,1,7.6928,1,7.6928,0,OK
478,acid_upset,PLACEHOLDER,261,ACID,70.504,35.2521,2.1526,5.0095,8,5,34.992,20.0,212.72,212.72,1,7.802,1,7.802,0,OK
479,acid_upset,PLACEHOLDER,261,ACID,62.983,31.4916,2.1993,4.9826,9,5,31.8722,20.0,241.01,241.01,1,6.6319,1,6.6319,0,OK
480,acid_upset,PLACEHOLDER,261,ACID,75.518,37.7589,2.1366,5.1709,9,5,38.4431,20.0,231.2,231.2,1,6.4135,1,6.4135,0,OK
481,base_upset,PLACEHOLDER,261,BASE,43.719,21.8595,11.6485,4.9105,7,5,21.9114,20.0,189.97,189.97,1,7.958,1,7.958,0,OK
482,acid_upset,PLACEHOLDER,261,ACID,76.585,38.2927,2.1295,5.1596,7,5,38.7589,20.0,194.65,194.65,1,6.9417,1,6.9417,0,OK
483,acid_upset,PLACEHOLDER,261,ACID,66.525,33.2624,2.1605,4.8132,9,5,33.234,20.0,221.55,221.55,1,6.9493,1,6.9493,0,OK
484,acid_upset,PLACEHOLDER,261,ACID,42.941,21.4703,2.3544,4.8556,7,5,21.6003,20.0,200.09,200.09,1,7.3572,1,7.3572,0,OK
485,acid_upset,PLACEHOLDER,261,ACID,62.457,31.2283,2.1989,4.9364,7,5,30.7788,20.0,189.19,189.19,1,7.7103,1,7.7103,0,OK
486,acid_upset,PLACEHOLDER,261,ACID,41.206,20.6029,2.3686,4.8137,6,5,20.344,20.0,159.07,159.07,1,7.7788,1,7.7788,0,OK
487,acid_upset,PLACEHOLDER,261,ACID,44.724,22.3618,2.3385,4.8748,6,5,22.465,20.0,165.31,165.31,1,8.0158,1,8.0158,0,OK
488,base_upset,PLACEHOLDER,261,BASE,73.293,36.6464,11.8804,4.8268,8,5,36.4517,20.0,214.05,214.05,1,8.1373,1,8.1373,0,OK
489,base_upset,PLACEHOLDER,261,BASE,52.012,26.0061,11.723,4.9211,8,6,25.8573,20.0,199.39,229.09,1,7.6843,1,7.6843,0,OK
490,base_upset,PLACEHOLDER,261,BASE,64.609,32.3043,11.8011,5.1065,7,5,32.0914,20.0,163.57,192.17,1,7.4334,1,7.4334,0,OK
491,acid_upset,PLACEHOLDER,261,ACID,57.48,28.7402,2.2404,4.9988,8,5,29.1792,20.0,220.03,220.03,1,7.9478,1,7.9478,0,OK
492,acid_upset,PLACEHOLDER,261,ACID,51.521,25.7605,2.2866,4.9836,7,5,25.3992,20.0,197.31,197.31,1,7.9375,1,7.9375,0,OK
493,acid_upset,PLACEHOLDER,261,ACID,41.709,20.8545,2.3722,4.9133,7,5,21.1614,20.0,185.24,185.24,1,7.478,1,7.478,0,OK
494,acid_upset,PLACEHOLDER,261,ACID,57.701,28.8506,2.227,4.8658,10,6,28.7988,20.0,226.62,256.03,1,7.7356,1,7.7356,0,OK
495,base_upset,PLACEHOLDER,261,BASE,41.498,20.7489,11.6353,4.805,6,5,20.1962,20.0,171.99,171.99,1,7.5626,1,7.5626,0,OK
496,base_upset,PLACEHOLDER,261,BASE,57.111,28.5553,11.7473,5.11,8,5,27.9139,20.0,211.7,211.7,1,7.7649,1,7.7649,0,OK
497,acid_upset,PLACEHOLDER,261,ACID,42.624,21.3122,2.3787,5.0972,6,5,21.6469,20.0,168.06,168.06,1,7.7714,1,7.7714,0,OK
498,acid_upset,PLACEHOLDER,261,ACID,60.013,30.0067,2.2085,4.8493,7,5,28.9597,20.0,157.0,183.08,1,7.8084,1,7.8084,0,OK
499,acid_upset,PLACEHOLDER,261,ACID,47.204,23.6018,2.342,5.1875,7,5,24.0176,20.0,186.28,186.28,1,6.4008,1,6.4008,0,OK
500,acid_upset,PLACEHOLDER,261,ACID,63.674,31.837,2.196,4.9998,8,5,31.6837,20.0,214.92,214.92,1,7.2351,1,7.2351,0,OK
501,acid_upset,PLACEHOLDER,261,ACID,42.005,21.0024,2.3757,4.9881,7,5,21.1831,20.0,184.42,184.42,1,6.8738,1,6.8738,0,OK
502,acid_upset,PLACEHOLDER,261,ACID,66.551,33.2753,2.187,5.1183,8,5,32.827,20.0,204.38,204.38,1,7.6883,1,7.6883,0,OK
503,acid_upset,PLACEHOLDER,261,ACID,77.561,38.7807,2.0989,4.8703,8,6,39.1166,20.0,184.57,216.47,1,7.7021,1,7.7021,0,OK
504,base_upset,PLACEHOLDER,261,BASE,60.787,30.3935,11.7912,4.916,8,5,30.3478,20.0,207.6,207.6,1,8.1344,1,8.1344,0,OK
505,acid_upset,PLACEHOLDER,261,ACID,43.388,21.6941,2.3721,5.1108,6,5,21.6745,20.0,139.38,169.94,1,7.7853,1,7.7853,0,OK
506,acid_upset,PLACEHOLDER,261,ACID,60.972,30.4862,2.2062,4.901,8,5,30.5647,20.0,213.79,213.79,1,7.2141,1,7.2141,0,OK
507,base_upset,PLACEHOLDER,261,BASE,45.662,22.8311,11.6581,5.0163,7,5,22.5357,20.0,184.98,184.98,1,7.7566,1,7.7566,0,OK
508,acid_upset,PLACEHOLDER,261,ACID,42.098,21.049,2.3791,5.0388,8,6,21.0259,20.0,191.09,218.57,1,7.7446,1,7.7446,0,OK
509,acid_upset,PLACEHOLDER,261,ACID,71.777,35.8884,2.1334,4.8797,8,5,35.9554,20.0,212.39,212.39,1,7.7246,1,7.7246,0,OK
510,base_upset,PLACEHOLDER,261,BASE,49.712,24.8561,11.6967,4.9977,6,5,24.9301,20.0,181.76,181.76,1,7.6595,1,7.6595,0,OK
511,base_upset,PLACEHOLDER,261,BASE,65.764,32.8821,11.8304,4.8596,8,5,32.8635,20.0,213.05,213.05,1,7.7638,1,7.7638,0,OK
512,acid_upset,PLACEHOLDER,261,ACID,72.814,36.4069,2.134,4.9564,8,5,36.0479,20.0,210.46,210.46,1,7.6488,1,7.6488,0,OK
513,acid_upset,PLACEHOLDER,261,ACID,59.808,29.9041,2.208,4.8277,7,5,29.6431,20.0,189.46,189.46,1,7.898,1,7.898,0,OK
514,acid_upset,PLACEHOLDER,261,ACID,67.517,33.7584,2.1826,5.1397,9,6,33.8027,20.0,237.48,237.48,1,7.7846,1,7.7846,0,OK
515,base_upset,PLACEHOLDER,261,BASE,51.694,25.847,11.7034,5.1172,6,5,25.6981,20.0,163.55,163.55,1,8.1414,1,8.1414,0,OK
516,acid_upset,PLACEHOLDER,261,ACID,63.585,31.7926,2.2035,5.08,9,6,32.1356,20.0,218.89,251.43,1,7.7039,1,7.7039,0,OK
517,acid_upset,PLACEHOLDER,261,ACID,61.503,30.7516,2.214,5.0336,9,5,30.7422,20.0,230.31,230.31,1,7.1025,1,7.1025,0,OK
518,base_upset,PLACEHOLDER,261,BASE,65.018,32.5089,11.798,5.1761,8,5,32.5572,20.0,216.22,216.22,1,8.0978,1,8.0978,0,OK
519,acid_upset,PLACEHOLDER,261,ACID,72.162,36.0811,2.144,5.0271,9,6,36.2128,20.0,211.91,237.73,1,7.7559,1,7.7559,0,OK
520,acid_upset,PLACEHOLDER,261,ACID,73.626,36.8131,2.1165,4.8144,8,5,36.8571,20.0,207.67,207.67,1,7.3442,1,7.3442,0,OK
521,base_upset,PLACEHOLDER,261,BASE,41.491,20.7455,11.6123,5.0654,7,5,20.7731,20.0,187.3,187.3,1,7.568,1,7.568,0,OK
522,acid_upset,PLACEHOLDER,261,ACID,45.972,22.9861,2.3325,4.9432,7,5,23.5756,20.0,198.82,198.82,1,6.3362,1,6.3362,0,OK
523,base_upset,PLACEHOLDER,261,BASE,47.375,23.6877,11.667,5.0996,6,5,23.893,20.0,167.47,167.47,1,7.8082,1,7.8082,0,OK
524,acid_upset,PLACEHOLDER,261,ACID,60.392,30.1959,2.2109,4.9076,8,5,30.399,20.0,210.64,210.64,1,6.3676,1,6.3676,0,OK
525,acid_upset,PLACEHOLDER,261,ACID,71.739,35.8695,2.1598,5.1827,8,5,35.2275,20.0,222.85,222.85,1,6.8317,1,6.8317,0,OK
526,acid_upset,PLACEHOLDER,261,ACID,59.095,29.5477,2.2385,5.1175,8,5,29.5819,20.0,209.61,209.61,1,7.7238,1,7.7238,0,OK
527,base_upset,PLACEHOLDER,261,BASE,77.737,38.8686,11.9082,4.8015,8,6,39.0175,20.0,194.68,221.69,1,7.7055,1,7.7055,0,OK
528,base_upset,PLACEHOLDER,261,BASE,67.021,33.5106,11.8146,5.1352,9,6,34.1858,20.0,203.62,230.64,1,7.6938,1,7.6938,0,OK
529,acid_upset,PLACEHOLDER,261,ACID,76.887,38.4435,2.1216,5.0869,7,5,38.0361,20.0,187.48,187.48,1,7.7026,1,7.7026,0,OK
530,acid_upset,PLACEHOLDER,261,ACID,78.938,39.4688,2.1073,5.0535,8,6,39.375,20.0,223.1,223.1,1,7.7414,1,7.7414,0,OK
531,acid_upset,PLACEHOLDER,261,ACID,50.257,25.1283,2.3049,5.0702,7,5,25.2951,20.0,188.57,188.57,1,7.1811,1,7.1811,0,OK
532,acid_upset,PLACEHOLDER,261,ACID,43.995,21.9974,2.3415,4.8296,7,5,21.9829,20.0,201.62,201.62,1,7.1802,1,7.1802,0,OK
533,acid_upset,PLACEHOLDER,261,ACID,50.161,25.0805,2.2824,4.8055,7,5,24.8473,20.0,178.12,178.12,1,7.6453,1,7.6453,0,OK
534,base_upset,PLACEHOLDER,261,BASE,71.953,35.9766,11.8746,4.8017,9,6,36.0374,20.0,243.84,243.84,1,7.5565,1,7.5565,0,OK
535,base_upset,PLACEHOLDER,261,BASE,60.197,30.0983,11.7836,4.9537,8,5,30.4254,20.0,211.98,211.98,1,7.8709,1,7.8709,0,OK
536,base_upset,PLACEHOLDER,261,BASE,53.245,26.6227,11.7115,5.1735,7,6,26.3613,20.0,167.23,195.37,1,7.7921,1,7.7921,0,OK
537,acid_upset,PLACEHOLDER,261,ACID,52.283,26.1413,2.2971,5.181,8,5,26.5415,20.0,209.52,209.52,1,7.9326,1,7.9326,0,OK
538,acid_upset,PLACEHOLDER,261,ACID,57.82,28.9099,2.2372,4.9912,8,5,28.6147,20.0,226.54,226.54,1,7.8207,1,7.8207,0,OK
539,base_upset,PLACEHOLDER,261,BASE,50.815,25.4075,11.7225,4.813,7,5,25.7184,20.0,185.99,185.99,1,7.8267,1,7.8267,0,OK
540,acid_upset,PLACEHOLDER,261,ACID,64.935,32.4677,2.1924,5.0564,8,5,33.0969,20.0,203.68,203.68,1,7.6555,1,7.6555,0,OK
541,base_upset,PLACEHOLDER,261,BASE,62.812,31.4058,11.8071,4.8968,9,6,31.2106,20.0,216.18,248.15,1,7.7409,1,7.7409,0,OK
542,acid_upset,PLACEHOLDER,261,ACID,59.703,29.8517,2.2108,4.8502,8,5,30.0402,20.0,201.36,201.36,1,7.6139,1,7.6139,0,OK
543,acid_upset,PLACEHOLDER,261,ACID,41.196,20.5978,2.371,4.8396,6,5,20.7134,20.0,166.6,166.6,1,7.6779,1,7.6779,0,OK
544,base_upset,PLACEHOLDER,261,BASE,51.503,25.7513,11.6955,5.1914,7,5,25.7769,20.0,189.83,189.83,1,8.0701,1,8.0701,0,OK
545,base_upset,PLACEHOLDER,261,BASE,60.086,30.0432,11.7912,4.8589,6,5,30.2596,20.0,163.15,163.15,1,8.142,1,8.142,0,OK
546,acid_upset,PLACEHOLDER,261,ACID,79.254,39.6268,2.09,4.8747,7,5,39.6384,20.0,201.99,201.99,1,7.2092,1,7.2092,0,OK
547,base_upset,PLACEHOLDER,261,BASE,70.877,35.4385,11.8408,5.1135,7,5,35.8825,20.0,183.53,183.53,1,8.0976,1,8.0976,0,OK
548,base_upset,PLACEHOLDER,261,BASE,78.404,39.2019,11.9088,4.8362,8,6,38.9706,20.0,218.69,218.69,1,7.8975,1,7.8975,0,OK
549,acid_upset,PLACEHOLDER,261,ACID,63.253,31.6265,2.1972,4.9802,9,6,31.2348,20.0,218.32,244.28,1,7.7529,1,7.7529,0,OK
550,acid_upset,PLACEHOLDER,261,ACID,45.159,22.5794,2.3612,5.1865,7,5,22.8255,20.0,186.31,186.31,1,7.8593,1,7.8593,0,OK
551,acid_upset,PLACEHOLDER,261,ACID,64.482,32.2408,2.1741,4.8139,8,5,33.5429,20.0,212.97,212.97,1,7.4311,1,7.4311,0,OK
552,acid_upset,PLACEHOLDER,261,ACID,45.536,22.768,2.3544,5.1485,6,5,22.7622,20.0,170.82,170.82,1,7.793,1,7.793,0,OK
553,acid_upset,PLACEHOLDER,261,ACID,57.536,28.7678,2.232,4.9078,7,5,29.1138,20.0,194.75,194.75,1,7.8402,1,7.8402,0,OK
554,acid_upset,PLACEHOLDER,261,ACID,48.809,24.4044,2.3046,4.9212,7,5,24.6798,20.0,186.76,186.76,1,7.3314,1,7.3314,0,OK
555,acid_upset,PLACEHOLDER,261,ACID,40.401,20.2003,2.4094,5.1846,6,5,19.9673,20.0,188.29,188.29,1,7.8095,1,7.8095,0,OK
556,base_upset,PLACEHOLDER,261,BASE,44.534,22.2671,11.6591,4.8819,6,5,22.1652,20.0,174.66,174.66,1,7.6886,1,7.6886,0,OK
557,acid_upset,PLACEHOLDER,261,ACID,43.917,21.9587,2.3498,4.914,6,5,21.9594,20.0,174.87,174.87,1,7.8594,1,7.8594,0,OK
558,acid_upset,PLACEHOLDER,261,ACID,68.843,34.4213,2.1571,4.942,8,5,34.6027,20.0,211.84,211.84,1,7.7743,1,7.7743,0,OK
559,base_upset,PLACEHOLDER,261,BASE,65.652,32.826,11.8158,5.0168,8,5,33.0915,20.0,203.34,203.34,1,7.9958,1,7.9958,0,OK
560,base_upset,PLACEHOLDER,261,BASE,49.438,24.7189,11.7028,4.9007,7,5,24.6734,20.0,192.61,192.61,1,7.7823,1,7.7823,0,OK
561,base_upset,PLACEHOLDER,261,BASE,75.409,37.7044,11.8712,5.0724,8,5,37.1024,20.0,212.88,212.88,1,8.0021,1,8.0021,0,OK
562,acid_upset,PLACEHOLDER,261,ACID,70.198,35.0989,2.1564,5.0318,9,6,35.404,20.0,250.46,250.46,1,7.5995,1,7.5995,0,OK
563,acid_upset,PLACEHOLDER,261,ACID,44.578,22.2889,2.3486,4.9733,7,5,22.063,20.0,183.41,183.41,1,7.7572,1,7.7572,0,OK
564,acid_upset,PLACEHOLDER,261,ACID,56.458,28.2288,2.2577,5.1098,8,5,27.4777,20.0,219.36,219.36,1,7.5062,1,7.5062,0,OK
565,base_upset,PLACEHOLDER,261,BASE,78.233,39.1164,11.8897,5.0423,8,6,39.0777,20.0,213.82,213.82,1,7.8626,1,7.8626,0,OK
566,acid_upset,PLACEHOLDER,261,ACID,45.172,22.5862,2.3534,5.096,8,5,23.0539,20.0,206.65,206.65,1,7.8554,1,7.8554,0,OK
567,acid_upset,PLACEHOLDER,261,ACID,50.192,25.0959,2.3103,5.1271,7,5,24.635,20.0,187.02,187.02,1,7.8528,1,7.8528,0,OK
568,base_upset,PLACEHOLDER,261,BASE,56.375,28.1877,11.751,5.0015,8,5,28.899,20.0,208.55,208.55,1,7.9835,1,7.9835,0,OK
569,acid_upset,PLACEHOLDER,261,ACID,69.334,34.6671,2.1668,5.0902,8,5,34.8634,20.0,215.85,215.85,1,7.9494,1,7.9494,0,OK
570,base_upset,PLACEHOLDER,261,BASE,58.116,29.0581,11.7811,4.8106,8,5,29.1608,20.0,201.75,201.75,1,8.1146,1,8.1146,0,OK
571,base_upset,PLACEHOLDER,261,BASE,40.335,20.1675,11.5944,5.1313,6,5,19.9041,20.0,164.14,164.14,1,7.8054,1,7.8054,0,OK
572,acid_upset,PLACEHOLDER,261,ACID,58.312,29.156,2.2214,4.854,8,5,28.8981,20.0,203.15,203.15,1,7.687,1,7.687,0,OK
573,acid_upset,PLACEHOLDER,261,ACID,66.094,33.0468,2.1742,4.9358,7,5,32.7402,20.0,189.18,189.18,1,7.7564,1,7.7564,0,OK
574,acid_upset,PLACEHOLDER,261,ACID,65.731,32.8653,2.1745,4.912,8,5,32.3972,20.0,207.5,207.5,1,7.6256,1,7.6256,0,OK
575,acid_upset,PLACEHOLDER,261,ACID,53.753,26.8763,2.2593,4.8824,7,5,26.5719,20.0,192.32,192.32,1,7.2931,1,7.2931,0,OK
576,base_upset,PLACEHOLDER,261,BASE,75.42,37.71,11.872,5.0638,8,6,37.4833,20.0,217.15,217.15,1,7.6961,1,7.6961,0,OK
577,acid_upset,PLACEHOLDER,261,ACID,40.309,20.1547,2.3822,4.859,7,5,20.6064,20.0,188.63,188.63,1,7.8453,1,7.8453,0,OK
578,base_upset,PLACEHOLDER,261,BASE,57.285,28.6427,11.7721,4.8403,9,6,28.8243,20.0,205.87,232.09,1,7.7085,1,7.7085,0,OK
579,acid_upset,PLACEHOLDER,261,ACID,52.768,26.3838,2.2872,5.1108,7,5,26.785,20.0,196.01,196.01,1,7.5258,1,7.5258,0,OK
580,base_upset,PLACEHOLDER,261,BASE,67.504,33.7521,11.8265,5.0325,7,5,33.5525,20.0,188.01,188.01,1,7.716,1,7.716,0,OK
581,acid_upset,PLACEHOLDER,261,ACID,46.68,23.34,2.3296,4.9853,7,5,23.2576,20.0,194.71,194.71,1,7.5711,1,7.5711,0,OK
582,acid_upset,PLACEHOLDER,261,ACID,67.965,33.9826,2.1708,5.036,8,6,35.0836,20.0,217.87,217.87,1,7.7106,1,7.7106,0,OK
583,base_upset,PLACEHOLDER,261,BASE,68.147,34.0737,11.8257,5.0897,8,5,34.0788,20.0,215.45,215.45,1,7.9961,1,7.9961,0,OK
584,acid_upset,PLACEHOLDER,261,ACID,45.092,22.5458,2.3405,4.9382,6,5,22.8486,20.0,170.64,170.64,1,7.7718,1,7.7718,0,OK
585,acid_upset,PLACEHOLDER,261,ACID,43.579,21.7895,2.3692,5.0981,6,5,21.305,20.0,170.1,170.1,1,7.7376,1,7.7376,0,OK
586,base_upset,PLACEHOLDER,261,BASE,47.671,23.8355,11.6929,4.8347,7,5,23.9268,20.0,196.52,196.52,1,7.9811,1,7.9811,0,OK
587,base_upset,PLACEHOLDER,261,BASE,42.682,21.3411,11.6258,5.0512,7,5,20.9269,20.0,183.07,183.07,1,7.7114,1,7.7114,0,OK
588,acid_upset,PLACEHOLDER,261,ACID,60.906,30.4531,2.2273,5.1397,7,5,30.2249,20.0,193.39,193.39,1,7.681,1,7.681,0,OK
589,base_upset,PLACEHOLDER,261,BASE,61.067,30.5335,11.7792,5.0772,8,6,31.3117,20.0,186.8,217.53,1,7.7133,1,7.7133,0,OK
590,acid_upset,PLACEHOLDER,261,ACID,46.767,23.3834,2.3315,5.0168,7,5,22.8459,20.0,186.19,186.19,1,6.5478,1,6.5478,0,OK
591,acid_upset,PLACEHOLDER,261,ACID,54.961,27.4804,2.2581,4.9783,8,5,27.5104,20.0,211.15,211.15,1,7.3594,1,7.3594,0,OK
592,base_upset,PLACEHOLDER,261,BASE,61.763,30.8813,11.7798,5.1272,7,5,30.7133,20.0,186.29,186.29,1,7.8721,1,7.8721,0,OK
593,acid_upset,PLACEHOLDER,261,ACID,68.004,34.002,2.1725,5.0588,8,5,33.1386,20.0,219.34,219.34,1,7.8052,1,7.8052,0,OK
594,base_upset,PLACEHOLDER,261,BASE,51.119,25.5597,11.7041,5.0521,6,5,25.5301,20.0,166.35,166.35,1,7.6729,1,7.6729,0,OK
595,base_upset,PLACEHOLDER,261,BASE,76.9,38.4502,11.8734,5.1459,8,5,38.2063,20.0,210.6,210.6,1,8.1948,1,8.1948,0,OK
596,acid_upset,PLACEHOLDER,261,ACID,61.95,30.9752,2.2013,4.924,8,6,31.6458,20.0,192.11,220.49,1,7.7806,1,7.7806,0,OK
597,base_upset,PLACEHOLDER,261,BASE,72.855,36.4277,11.8721,4.8905,9,6,36.3581,20.0,210.45,243.85,1,7.7678,1,7.7678,0,OK
598,acid_upset,PLACEHOLDER,261,ACID,77.907,38.9535,2.1071,4.9845,8,6,39.3999,20.0,220.66,220.66,1,7.6834,1,7.6834,0,OK
599,base_upset,PLACEHOLDER,261,BASE,78.061,39.0304,11.9042,4.8659,8,6,38.8656,20.0,185.67,212.38,1,7.7376,1,7.7376,0,OK
600,acid_upset,PLACEHOLDER,261,ACID,70.68,35.3401,2.1657,5.1755,8,5,34.7914,20.0,208.99,208.99,1,6.5742,1,6.5742,0,OK
