dose,tank_ph,predicted_post_ph,true_post_ph,truth,model_a,score,reason
2 mL BASE_BULK,3.0,3.1,3.1,ACCEPTABLE_CONTEXT,ACCEPTABLE_CONTEXT,0.016,OK
2 mL BASE_BULK,4.5,5.7,5.7,ACCEPTABLE_CONTEXT,ACCEPTABLE_CONTEXT,0.029,OK
2 mL BASE_BULK,5.8,6.21,6.21,ACCEPTABLE_CONTEXT,ACCEPTABLE_CONTEXT,0.035,OK
2 mL BASE_BULK,6.3,6.66,6.66,ACCEPTABLE_CONTEXT,ACCEPTABLE_CONTEXT,0.024,OK
2 mL BASE_BULK,7.0,8.61,8.61,HARMFUL_CONTEXT,HARMFUL_CONTEXT,1.0,PREDICTED_UNSAFE:d
2 mL BASE_BULK,7.7,9.5,9.5,HARMFUL_CONTEXT,HARMFUL_CONTEXT,1.0,"PREDICTED_UNSAFE:a,d"
2 mL BASE_BULK,8.3,9.61,9.61,HARMFUL_CONTEXT,HARMFUL_CONTEXT,1.0,"PREDICTED_UNSAFE:a,b,d"
2 mL BASE_BULK,9.0,9.73,9.73,HARMFUL_CONTEXT,HARMFUL_CONTEXT,1.0,"PREDICTED_UNSAFE:a,b"
2 mL BASE_BULK,10.0,10.24,10.24,HARMFUL_CONTEXT,HARMFUL_CONTEXT,1.0,"PREDICTED_UNSAFE:a,b"
2 mL BASE_BULK,11.0,11.07,11.07,HARMFUL_CONTEXT,HARMFUL_CONTEXT,1.0,PREDICTED_UNSAFE:a
2 mL ACID_BULK,3.0,2.92,2.92,HARMFUL_CONTEXT,HARMFUL_CONTEXT,1.0,PREDICTED_UNSAFE:a
2 mL ACID_BULK,4.5,3.66,3.66,HARMFUL_CONTEXT,HARMFUL_CONTEXT,1.0,"PREDICTED_UNSAFE:a,b"
2 mL ACID_BULK,5.8,4.87,4.87,HARMFUL_CONTEXT,HARMFUL_CONTEXT,1.0,"PREDICTED_UNSAFE:a,b"
2 mL ACID_BULK,6.3,5.92,5.92,HARMFUL_CONTEXT,HARMFUL_CONTEXT,1.0,"PREDICTED_UNSAFE:b,d"
2 mL ACID_BULK,7.0,6.56,6.56,ACCEPTABLE_CONTEXT,ACCEPTABLE_CONTEXT,0.014,OK
2 mL ACID_BULK,7.7,6.85,6.85,ACCEPTABLE_CONTEXT,ACCEPTABLE_CONTEXT,0.015,OK
2 mL ACID_BULK,8.3,6.95,6.95,ACCEPTABLE_CONTEXT,ACCEPTABLE_CONTEXT,0.014,OK
2 mL ACID_BULK,9.0,7.11,7.11,ACCEPTABLE_CONTEXT,ACCEPTABLE_CONTEXT,0.014,OK
2 mL ACID_BULK,10.0,9.65,9.65,ACCEPTABLE_CONTEXT,ACCEPTABLE_CONTEXT,0.009,OK
2 mL ACID_BULK,11.0,10.92,10.92,ACCEPTABLE_CONTEXT,ACCEPTABLE_CONTEXT,0.009,OK
10 mL BASE_FINE,3.0,3.01,3.01,ACCEPTABLE_CONTEXT,ACCEPTABLE_CONTEXT,0.007,OK
10 mL BASE_FINE,4.5,4.62,4.6,ACCEPTABLE_CONTEXT,ACCEPTABLE_CONTEXT,0.008,OK
10 mL BASE_FINE,5.8,5.83,5.82,ACCEPTABLE_CONTEXT,ACCEPTABLE_CONTEXT,0.017,OK
10 mL BASE_FINE,6.3,6.32,6.32,ACCEPTABLE_CONTEXT,ACCEPTABLE_CONTEXT,0.007,OK
10 mL BASE_FINE,7.0,7.03,7.03,ACCEPTABLE_CONTEXT,ACCEPTABLE_CONTEXT,0.004,OK
10 mL BASE_FINE,7.7,7.81,7.81,ACCEPTABLE_CONTEXT,ACCEPTABLE_CONTEXT,0.005,OK
10 mL BASE_FINE,8.3,8.49,8.49,ACCEPTABLE_CONTEXT,ACCEPTABLE_CONTEXT,0.018,OK
10 mL BASE_FINE,9.0,9.07,9.07,ACCEPTABLE_CONTEXT,ACCEPTABLE_CONTEXT,0.031,OK
10 mL BASE_FINE,10.0,10.01,10.01,HARMFUL_CONTEXT,HARMFUL_CONTEXT,1.0,PREDICTED_UNSAFE:a
10 mL BASE_FINE,11.0,11.0,11.0,HARMFUL_CONTEXT,HARMFUL_CONTEXT,1.0,PREDICTED_UNSAFE:a
