time_utc,ph,ph_mean_of_3,source
2026-10-04T14:16:02.473Z,6.46,6.46,PROBE
2026-10-04T14:16:03.474Z,7.0,6.73,PROBE
2026-10-04T14:16:04.474Z,7.34,6.933,PROBE
2026-10-04T14:16:05.475Z,6.79,7.043,PROBE
2026-10-04T14:16:06.476Z,7.2,7.11,PROBE
2026-10-04T14:16:07.477Z,6.66,6.883,PROBE
2026-10-04T14:16:08.477Z,7.34,7.067,PROBE
2026-10-04T14:16:09.578Z,6.97,6.99,PROBE
2026-10-04T14:16:10.579Z,6.53,6.947,PROBE
2026-10-04T14:16:11.579Z,7.5,7.0,PROBE
2026-10-04T14:16:12.580Z,6.74,6.923,PROBE
2026-10-04T14:16:13.581Z,6.91,7.05,PROBE
2026-10-04T14:16:14.581Z,6.95,6.867,PROBE
2026-10-04T14:16:15.582Z,6.91,6.923,PROBE
2026-10-04T14:16:16.583Z,6.99,6.95,PROBE
2026-10-04T14:16:17.584Z,6.71,6.87,PROBE
2026-10-04T14:16:18.584Z,7.22,6.973,PROBE
2026-10-04T14:16:19.585Z,7.04,6.99,PROBE
2026-10-04T14:16:20.586Z,6.46,6.907,PROBE
2026-10-04T14:16:21.586Z,7.06,6.853,PROBE
2026-10-04T14:16:22.587Z,6.69,6.737,PROBE
2026-10-04T14:16:23.588Z,7.47,7.073,PROBE
2026-10-04T14:16:24.589Z,6.75,6.97,PROBE
2026-10-04T14:16:25.589Z,7.25,7.157,PROBE
2026-10-04T14:16:26.590Z,7.12,7.04,PROBE
2026-10-04T14:16:27.591Z,6.87,7.08,PROBE
2026-10-04T14:16:28.591Z,6.93,6.973,PROBE
2026-10-04T14:16:29.592Z,7.11,6.97,PROBE
2026-10-04T14:16:30.593Z,7.18,7.073,PROBE
2026-10-04T14:16:31.594Z,6.98,7.09,PROBE
2026-10-04T14:16:32.594Z,6.97,7.043,PROBE
2026-10-04T14:16:33.595Z,6.53,6.827,PROBE
2026-10-04T14:16:34.596Z,6.99,6.83,PROBE
2026-10-04T14:16:35.596Z,6.75,6.757,PROBE
2026-10-04T14:16:36.597Z,7.22,6.987,PROBE
2026-10-04T14:16:37.598Z,6.68,6.883,PROBE
2026-10-04T14:16:38.598Z,6.92,6.94,PROBE
2026-10-04T14:16:39.599Z,6.58,6.727,PROBE
2026-10-04T14:16:40.600Z,7.25,6.917,PROBE
2026-10-04T14:16:41.600Z,6.8,6.877,PROBE
2026-10-04T14:16:42.601Z,7.2,7.083,PROBE
2026-10-04T14:16:43.602Z,6.74,6.913,PROBE
2026-10-04T14:16:44.603Z,7.2,7.047,PROBE
2026-10-04T14:16:45.603Z,6.87,6.937,PROBE
2026-10-04T14:16:46.604Z,7.29,7.12,PROBE
2026-10-04T14:16:47.605Z,6.58,6.913,PROBE
2026-10-04T14:16:48.606Z,7.21,7.027,PROBE
2026-10-04T14:16:49.606Z,6.62,6.803,PROBE
2026-10-04T14:16:50.607Z,7.27,7.033,PROBE
2026-10-04T14:16:51.608Z,6.78,6.89,PROBE
2026-10-04T14:16:52.608Z,7.25,7.1,PROBE
2026-10-04T14:16:53.609Z,6.62,6.883,PROBE
2026-10-04T14:16:54.610Z,6.97,6.947,PROBE
2026-10-04T14:16:55.610Z,6.64,6.743,PROBE
2026-10-04T14:16:56.611Z,6.88,6.83,PROBE
2026-10-04T14:16:57.612Z,6.82,6.78,PROBE
2026-10-04T14:16:58.612Z,6.84,6.847,PROBE
2026-10-04T14:16:59.613Z,6.93,6.863,PROBE
2026-10-04T14:17:00.614Z,6.76,6.843,PROBE
2026-10-04T14:17:01.615Z,7.35,7.013,PROBE
2026-10-04T14:17:02.615Z,6.77,6.96,PROBE
2026-10-04T14:17:03.616Z,7.18,7.1,PROBE
2026-10-04T14:17:04.617Z,6.89,6.947,PROBE
2026-10-04T14:17:05.618Z,6.82,6.963,PROBE
2026-10-04T14:17:06.618Z,6.74,6.817,PROBE
2026-10-04T14:17:07.619Z,6.78,6.78,PROBE
2026-10-04T14:17:08.620Z,6.93,6.817,PROBE
2026-10-04T14:17:09.620Z,6.72,6.81,PROBE
2026-10-04T14:17:10.621Z,6.86,6.837,PROBE
2026-10-04T14:17:11.622Z,6.72,6.767,PROBE
2026-10-04T14:17:12.623Z,7.07,6.883,PROBE
2026-10-04T14:17:13.623Z,6.8,6.863,PROBE
2026-10-04T14:17:14.624Z,7.26,7.043,PROBE
2026-10-04T14:17:15.625Z,6.77,6.943,PROBE
2026-10-04T14:17:16.626Z,7.14,7.057,PROBE
2026-10-04T14:17:17.626Z,6.73,6.88,PROBE
2026-10-04T14:17:18.727Z,7.28,7.05,PROBE
2026-10-04T14:17:19.728Z,6.7,6.903,PROBE
2026-10-04T14:17:20.728Z,6.87,6.95,PROBE
2026-10-04T14:17:21.729Z,6.77,6.78,PROBE
2026-10-04T14:17:22.730Z,6.83,6.823,PROBE
2026-10-04T14:17:23.730Z,6.99,6.863,PROBE
2026-10-04T14:17:24.731Z,7.06,6.96,PROBE
2026-10-04T14:17:25.732Z,6.86,6.97,PROBE
2026-10-04T14:17:26.732Z,6.78,6.9,PROBE
2026-10-04T14:17:27.733Z,7.07,6.903,PROBE
2026-10-04T14:17:28.734Z,6.64,6.83,PROBE
2026-10-04T14:17:29.734Z,7.3,7.003,PROBE
2026-10-04T14:17:30.735Z,6.47,6.803,PROBE
2026-10-04T14:17:31.736Z,7.3,7.023,PROBE
2026-10-04T14:17:32.736Z,6.82,6.863,PROBE
2026-10-04T14:17:33.737Z,6.9,7.007,PROBE
2026-10-04T14:17:34.738Z,6.75,6.823,PROBE
2026-10-04T14:17:35.739Z,6.8,6.817,PROBE
2026-10-04T14:17:36.739Z,7.1,6.883,PROBE
2026-10-04T14:17:37.740Z,6.49,6.797,PROBE
2026-10-04T14:17:38.741Z,7.42,7.003,PROBE
2026-10-04T14:17:39.741Z,6.66,6.857,PROBE
2026-10-04T14:17:40.742Z,6.88,6.987,PROBE
2026-10-04T14:17:41.743Z,6.99,6.843,PROBE
2026-10-04T14:17:42.743Z,6.89,6.92,PROBE
2026-10-04T14:17:43.744Z,7.27,7.05,PROBE
2026-10-04T14:17:44.745Z,6.68,6.947,PROBE
2026-10-04T14:17:45.745Z,7.02,6.99,PROBE
2026-10-04T14:17:46.746Z,6.6,6.767,PROBE
2026-10-04T14:17:47.747Z,6.87,6.83,PROBE
2026-10-04T14:17:48.747Z,7.16,6.877,PROBE
2026-10-04T14:17:49.748Z,6.68,6.903,PROBE
2026-10-04T14:17:50.749Z,7.16,7.0,PROBE
2026-10-04T14:17:51.749Z,6.73,6.857,PROBE
2026-10-04T14:17:52.750Z,7.26,7.05,PROBE
2026-10-04T14:17:53.751Z,6.93,6.973,PROBE
2026-10-04T14:17:54.751Z,6.83,7.007,PROBE
2026-10-04T14:17:55.752Z,6.95,6.903,PROBE
2026-10-04T14:17:56.753Z,6.68,6.82,PROBE
2026-10-04T14:17:57.754Z,7.19,6.94,PROBE
2026-10-04T14:17:58.754Z,6.66,6.843,PROBE
2026-10-04T14:17:59.755Z,7.26,7.037,PROBE
2026-10-04T14:18:00.756Z,6.84,6.92,PROBE
2026-10-04T14:18:01.756Z,7.1,7.067,PROBE
2026-10-04T14:18:02.757Z,6.95,6.963,PROBE
2026-10-04T14:18:03.757Z,6.62,6.89,PROBE
2026-10-04T14:18:04.758Z,7.03,6.867,PROBE
2026-10-04T14:18:05.759Z,6.49,6.713,PROBE
2026-10-04T14:18:06.759Z,7.02,6.847,PROBE
2026-10-04T14:18:07.760Z,6.77,6.76,PROBE
2026-10-04T14:18:08.761Z,7.02,6.937,PROBE
2026-10-04T14:18:09.761Z,7.0,6.93,PROBE
2026-10-04T14:18:10.762Z,6.68,6.9,PROBE
2026-10-04T14:18:11.763Z,7.03,6.903,PROBE
2026-10-04T14:18:12.764Z,6.58,6.763,PROBE
2026-10-04T14:18:13.764Z,6.8,6.803,PROBE
2026-10-04T14:18:14.765Z,6.96,6.78,PROBE
2026-10-04T14:18:15.766Z,6.73,6.83,PROBE
2026-10-04T14:18:16.766Z,7.18,6.957,PROBE
2026-10-04T14:18:17.767Z,6.8,6.903,PROBE
2026-10-04T14:18:18.768Z,6.78,6.92,PROBE
2026-10-04T14:18:19.768Z,7.04,6.873,PROBE
2026-10-04T14:18:20.769Z,6.76,6.86,PROBE
2026-10-04T14:18:21.770Z,7.06,6.953,PROBE
2026-10-04T14:18:22.771Z,7.01,6.943,PROBE
2026-10-04T14:18:23.771Z,6.53,6.867,PROBE
2026-10-04T14:18:24.772Z,7.0,6.847,PROBE
2026-10-04T14:18:25.773Z,6.81,6.78,PROBE
2026-10-04T14:18:26.873Z,7.06,6.957,PROBE
2026-10-04T14:18:27.874Z,6.91,6.927,PROBE
2026-10-04T14:18:28.875Z,6.67,6.88,PROBE
2026-10-04T14:18:29.875Z,7.13,6.903,PROBE
2026-10-04T14:18:30.876Z,6.54,6.78,PROBE
2026-10-04T14:18:31.877Z,7.01,6.893,PROBE
2026-10-04T14:18:32.877Z,6.91,6.82,PROBE
2026-10-04T14:18:33.878Z,6.7,6.873,PROBE
2026-10-04T14:18:34.879Z,6.99,6.867,PROBE
2026-10-04T14:18:35.879Z,6.76,6.817,PROBE
2026-10-04T14:18:36.880Z,6.81,6.853,PROBE
2026-10-04T14:18:37.880Z,6.93,6.833,PROBE
2026-10-04T14:18:38.881Z,6.85,6.863,PROBE
2026-10-04T14:18:39.882Z,6.88,6.887,PROBE
2026-10-04T14:18:40.883Z,7.0,6.91,PROBE
2026-10-04T14:18:41.883Z,6.63,6.837,PROBE
2026-10-04T14:18:42.884Z,6.96,6.863,PROBE
2026-10-04T14:18:43.885Z,6.86,6.817,PROBE
2026-10-04T14:18:44.886Z,6.69,6.837,PROBE
2026-10-04T14:18:45.886Z,7.07,6.873,PROBE
2026-10-04T14:18:46.887Z,6.77,6.843,PROBE
2026-10-04T14:18:47.888Z,6.86,6.9,PROBE
2026-10-04T14:18:48.888Z,7.0,6.877,PROBE
2026-10-04T14:18:49.889Z,6.88,6.913,PROBE
2026-10-04T14:18:50.890Z,6.95,6.943,PROBE
2026-10-04T14:18:51.890Z,6.72,6.85,PROBE
2026-10-04T14:18:52.891Z,6.82,6.83,PROBE
2026-10-04T14:18:53.892Z,7.02,6.853,PROBE
2026-10-04T14:18:54.892Z,6.83,6.89,PROBE
2026-10-04T14:18:55.893Z,6.77,6.873,PROBE
2026-10-04T14:18:56.894Z,7.06,6.887,PROBE
2026-10-04T14:18:57.894Z,6.43,6.753,PROBE
2026-10-04T14:18:58.895Z,7.05,6.847,PROBE
2026-10-04T14:18:59.895Z,6.97,6.817,PROBE
2026-10-04T14:19:00.896Z,6.8,6.94,PROBE
2026-10-04T14:19:01.897Z,7.06,6.943,PROBE
2026-10-04T14:19:02.898Z,6.78,6.88,PROBE
2026-10-04T14:19:03.898Z,6.67,6.837,PROBE
2026-10-04T14:19:04.899Z,7.01,6.82,PROBE
2026-10-04T14:19:05.900Z,7.02,6.9,PROBE
2026-10-04T14:19:06.900Z,6.51,6.847,PROBE
2026-10-04T14:19:07.901Z,7.05,6.86,PROBE
2026-10-04T14:19:08.902Z,6.97,6.843,PROBE
2026-10-04T14:19:09.902Z,6.69,6.903,PROBE
2026-10-04T14:19:10.903Z,7.18,6.947,PROBE
2026-10-04T14:19:11.904Z,6.95,6.94,PROBE
2026-10-04T14:19:12.905Z,6.79,6.973,PROBE
2026-10-04T14:19:13.905Z,7.05,6.93,PROBE
2026-10-04T14:19:14.906Z,6.98,6.94,PROBE
2026-10-04T14:19:15.907Z,6.59,6.873,PROBE
2026-10-04T14:19:16.907Z,6.76,6.777,PROBE
2026-10-04T14:19:17.908Z,7.04,6.797,PROBE
2026-10-04T14:19:18.909Z,6.71,6.837,PROBE
2026-10-04T14:19:19.909Z,6.74,6.83,PROBE
2026-10-04T14:19:20.910Z,7.14,6.863,PROBE
2026-10-04T14:19:21.911Z,6.74,6.873,PROBE
2026-10-04T14:19:22.911Z,6.56,6.813,PROBE
2026-10-04T14:19:23.912Z,7.15,6.817,PROBE
2026-10-04T14:19:24.913Z,7.0,6.903,PROBE
2026-10-04T14:19:25.913Z,6.61,6.92,PROBE
2026-10-04T14:19:26.914Z,7.08,6.897,PROBE
2026-10-04T14:19:27.915Z,7.02,6.903,PROBE
2026-10-04T14:19:28.916Z,6.61,6.903,PROBE
2026-10-04T14:19:29.916Z,6.96,6.863,PROBE
2026-10-04T14:19:30.917Z,6.91,6.827,PROBE
2026-10-04T14:19:31.918Z,6.7,6.857,PROBE
2026-10-04T14:19:32.918Z,7.0,6.87,PROBE
2026-10-04T14:19:34.019Z,6.89,6.863,PROBE
2026-10-04T14:19:34.920Z,6.49,6.793,PROBE
2026-10-04T14:19:36.021Z,6.94,6.773,PROBE
2026-10-04T14:19:37.021Z,6.81,6.747,PROBE
2026-10-04T14:19:38.022Z,6.76,6.837,PROBE
2026-10-04T14:19:39.023Z,7.01,6.86,PROBE
2026-10-04T14:19:40.023Z,7.0,6.923,PROBE
2026-10-04T14:19:41.024Z,6.69,6.9,PROBE
2026-10-04T14:19:42.025Z,6.99,6.893,PROBE
2026-10-04T14:19:43.025Z,7.09,6.923,PROBE
2026-10-04T14:19:44.026Z,6.72,6.933,PROBE
2026-10-04T14:19:45.027Z,6.8,6.87,PROBE
2026-10-04T14:19:46.027Z,7.08,6.867,PROBE
2026-10-04T14:19:47.028Z,6.62,6.833,PROBE
2026-10-04T14:19:48.029Z,6.89,6.863,PROBE
2026-10-04T14:19:49.029Z,7.01,6.84,PROBE
2026-10-04T14:19:50.030Z,6.6,6.833,PROBE
2026-10-04T14:19:51.031Z,6.64,6.75,PROBE
2026-10-04T14:19:52.031Z,6.99,6.743,PROBE
2026-10-04T14:19:53.032Z,6.72,6.783,PROBE
2026-10-04T14:19:54.033Z,6.78,6.83,PROBE
2026-10-04T14:19:55.034Z,7.2,6.9,PROBE
2026-10-04T14:19:56.034Z,6.84,6.94,PROBE
2026-10-04T14:19:57.035Z,6.91,6.983,PROBE
2026-10-04T14:19:58.036Z,6.97,6.907,PROBE
2026-10-04T14:19:59.036Z,6.65,6.843,PROBE
2026-10-04T14:20:00.037Z,7.01,6.877,PROBE
2026-10-04T14:20:01.038Z,6.94,6.867,PROBE
2026-10-04T14:20:02.039Z,6.64,6.863,PROBE
2026-10-04T14:20:03.039Z,6.77,6.783,PROBE
2026-10-04T14:20:04.040Z,7.01,6.807,PROBE
2026-10-04T14:20:05.041Z,6.62,6.8,PROBE
2026-10-04T14:20:06.041Z,7.05,6.893,PROBE
2026-10-04T14:20:07.042Z,6.89,6.853,PROBE
2026-10-04T14:20:08.043Z,6.77,6.903,PROBE
2026-10-04T14:20:09.043Z,6.95,6.87,PROBE
2026-10-04T14:20:10.044Z,6.95,6.89,PROBE
2026-10-04T14:20:11.045Z,6.51,6.803,PROBE
2026-10-04T14:20:12.045Z,7.1,6.853,PROBE
2026-10-04T14:20:13.046Z,7.02,6.877,PROBE
2026-10-04T14:20:14.047Z,6.67,6.93,PROBE
2026-10-04T14:20:15.047Z,7.12,6.937,PROBE
2026-10-04T14:20:16.048Z,6.77,6.853,PROBE
2026-10-04T14:20:17.049Z,6.88,6.923,PROBE
2026-10-04T14:20:18.050Z,6.91,6.853,PROBE
2026-10-04T14:20:19.050Z,7.04,6.943,PROBE
2026-10-04T14:20:20.051Z,6.67,6.873,PROBE
2026-10-04T14:20:21.052Z,7.03,6.913,PROBE
2026-10-04T14:20:22.052Z,6.75,6.817,PROBE
2026-10-04T14:20:23.053Z,6.85,6.877,PROBE
2026-10-04T14:20:24.054Z,6.85,6.817,PROBE
2026-10-04T14:20:25.054Z,6.77,6.823,PROBE
2026-10-04T14:20:26.055Z,6.55,6.723,PROBE
2026-10-04T14:20:27.056Z,7.04,6.787,PROBE
2026-10-04T14:20:28.057Z,6.69,6.76,PROBE
2026-10-04T14:20:29.057Z,6.69,6.807,PROBE
2026-10-04T14:20:30.058Z,7.19,6.857,PROBE
2026-10-04T14:20:31.059Z,6.69,6.857,PROBE
2026-10-04T14:20:32.059Z,6.68,6.853,PROBE
2026-10-04T14:20:33.060Z,6.97,6.78,PROBE
2026-10-04T14:20:34.061Z,6.5,6.717,PROBE
2026-10-04T14:20:35.061Z,6.86,6.777,PROBE
2026-10-04T14:20:36.062Z,7.13,6.83,PROBE
2026-10-04T14:20:37.063Z,6.71,6.9,PROBE
2026-10-04T14:20:38.064Z,6.95,6.93,PROBE
2026-10-04T14:20:39.064Z,6.86,6.84,PROBE
2026-10-04T14:20:40.065Z,6.51,6.773,PROBE
2026-10-04T14:20:41.066Z,7.17,6.847,PROBE
2026-10-04T14:20:42.066Z,7.08,6.92,PROBE
2026-10-04T14:20:43.167Z,6.64,6.963,PROBE
2026-10-04T14:20:44.068Z,7.12,6.947,PROBE
2026-10-04T14:20:45.169Z,6.77,6.843,PROBE
2026-10-04T14:20:46.169Z,6.63,6.84,PROBE
2026-10-04T14:20:47.170Z,7.02,6.807,PROBE
2026-10-04T14:20:48.171Z,6.69,6.78,PROBE
2026-10-04T14:20:49.172Z,6.6,6.77,PROBE
2026-10-04T14:20:50.172Z,7.08,6.79,PROBE
2026-10-04T14:20:51.173Z,6.65,6.777,PROBE
2026-10-04T14:20:52.174Z,6.6,6.777,PROBE
2026-10-04T14:20:53.175Z,7.09,6.78,PROBE
2026-10-04T14:20:54.175Z,6.87,6.853,PROBE
2026-10-04T14:20:55.176Z,6.67,6.877,PROBE
2026-10-04T14:20:56.177Z,7.06,6.867,PROBE
2026-10-04T14:20:57.178Z,6.52,6.75,PROBE
2026-10-04T14:20:58.178Z,6.67,6.75,PROBE
2026-10-04T14:20:59.179Z,7.18,6.79,PROBE
2026-10-04T14:21:00.180Z,6.48,6.777,PROBE
2026-10-04T14:21:01.180Z,6.92,6.86,PROBE
2026-10-04T14:21:02.181Z,6.85,6.75,PROBE
2026-10-04T14:21:03.182Z,6.63,6.8,PROBE
2026-10-04T14:21:04.183Z,6.98,6.82,PROBE
2026-10-04T14:21:05.183Z,6.93,6.847,PROBE
2026-10-04T14:21:06.184Z,6.55,6.82,PROBE
2026-10-04T14:21:07.185Z,7.09,6.857,PROBE
2026-10-04T14:21:08.186Z,6.69,6.777,PROBE
2026-10-04T14:21:09.187Z,6.95,6.91,PROBE
2026-10-04T14:21:10.188Z,7.07,6.903,PROBE
2026-10-04T14:21:11.188Z,6.85,6.957,PROBE
2026-10-04T14:21:12.189Z,6.67,6.863,PROBE
2026-10-04T14:21:13.190Z,7.12,6.88,PROBE
2026-10-04T14:21:14.191Z,6.47,6.753,PROBE
2026-10-04T14:21:15.191Z,6.66,6.75,PROBE
2026-10-04T14:21:16.192Z,7.15,6.76,PROBE
2026-10-04T14:21:17.193Z,6.67,6.827,PROBE
2026-10-04T14:21:18.194Z,6.64,6.82,PROBE
2026-10-04T14:21:19.194Z,7.02,6.777,PROBE
2026-10-04T14:21:20.195Z,6.59,6.75,PROBE
2026-10-04T14:21:21.196Z,6.8,6.803,PROBE
2026-10-04T14:21:22.196Z,7.01,6.8,PROBE
2026-10-04T14:21:23.197Z,6.81,6.873,PROBE
2026-10-04T14:21:24.198Z,6.57,6.797,PROBE
2026-10-04T14:21:25.198Z,6.89,6.757,PROBE
2026-10-04T14:21:26.199Z,7.01,6.823,PROBE
2026-10-04T14:21:27.200Z,6.39,6.763,PROBE
2026-10-04T14:21:28.200Z,6.93,6.777,PROBE
2026-10-04T14:21:29.201Z,7.22,6.847,PROBE
2026-10-04T14:21:30.202Z,6.5,6.883,PROBE
2026-10-04T14:21:31.203Z,7.02,6.913,PROBE
2026-10-04T14:21:32.203Z,7.06,6.86,PROBE
2026-10-04T14:21:33.204Z,6.45,6.843,PROBE
2026-10-04T14:21:34.205Z,6.63,6.713,PROBE
2026-10-04T14:21:35.205Z,6.94,6.673,PROBE
2026-10-04T14:21:36.206Z,6.68,6.75,PROBE
2026-10-04T14:21:37.207Z,6.71,6.777,PROBE
2026-10-04T14:21:38.208Z,7.09,6.827,PROBE
2026-10-04T14:21:39.208Z,6.81,6.87,PROBE
2026-10-04T14:21:40.209Z,6.65,6.85,PROBE
2026-10-04T14:21:41.210Z,7.12,6.86,PROBE
2026-10-04T14:21:42.211Z,6.74,6.837,PROBE
2026-10-04T14:21:43.211Z,6.79,6.883,PROBE
2026-10-04T14:21:44.212Z,7.07,6.867,PROBE
2026-10-04T14:21:45.213Z,6.88,6.913,PROBE
2026-10-04T14:21:46.213Z,6.87,6.94,PROBE
2026-10-04T14:21:47.214Z,7.06,6.937,PROBE
2026-10-04T14:21:48.215Z,6.62,6.85,PROBE
2026-10-04T14:21:49.215Z,6.68,6.787,PROBE
2026-10-04T14:21:50.216Z,7.1,6.8,PROBE
2026-10-04T14:21:51.217Z,6.62,6.8,PROBE
2026-10-04T14:21:52.217Z,6.78,6.833,PROBE
2026-10-04T14:21:53.218Z,7.04,6.813,PROBE
2026-10-04T14:21:54.219Z,6.77,6.863,PROBE
2026-10-04T14:21:55.320Z,6.54,6.783,PROBE
2026-10-04T14:21:56.321Z,7.17,6.827,PROBE
2026-10-04T14:21:57.321Z,6.6,6.77,PROBE
2026-10-04T14:21:58.322Z,6.96,6.91,PROBE
2026-10-04T14:21:59.323Z,6.92,6.827,PROBE
2026-10-04T14:22:00.324Z,6.79,6.89,PROBE
2026-10-04T14:22:01.324Z,6.42,6.71,PROBE
2026-10-04T14:22:02.325Z,7.06,6.757,PROBE
2026-10-04T14:22:03.326Z,6.72,6.733,PROBE
2026-10-04T14:22:04.326Z,6.73,6.837,PROBE
2026-10-04T14:22:05.327Z,6.93,6.793,PROBE
2026-10-04T14:22:06.328Z,6.92,6.86,PROBE
2026-10-04T14:22:07.328Z,6.51,6.787,PROBE
2026-10-04T14:22:08.329Z,6.87,6.767,PROBE
2026-10-04T14:22:09.330Z,6.98,6.787,PROBE
2026-10-04T14:22:10.330Z,6.67,6.84,PROBE
2026-10-04T14:22:11.331Z,6.66,6.77,PROBE
2026-10-04T14:22:12.332Z,7.06,6.797,PROBE
2026-10-04T14:22:13.333Z,6.47,6.73,PROBE
2026-10-04T14:22:14.333Z,6.8,6.777,PROBE
2026-10-04T14:22:15.334Z,7.11,6.793,PROBE
2026-10-04T14:22:16.335Z,6.77,6.893,PROBE
2026-10-04T14:22:17.336Z,6.66,6.847,PROBE
2026-10-04T14:22:18.337Z,7.11,6.847,PROBE
2026-10-04T14:22:19.338Z,6.56,6.777,PROBE
2026-10-04T14:22:20.338Z,6.65,6.773,PROBE
2026-10-04T14:22:21.339Z,7.01,6.74,PROBE
2026-10-04T14:22:22.340Z,6.84,6.833,PROBE
2026-10-04T14:22:23.340Z,6.72,6.857,PROBE
2026-10-04T14:22:24.341Z,7.15,6.903,PROBE
2026-10-04T14:22:25.342Z,6.91,6.927,PROBE
2026-10-04T14:22:26.342Z,6.72,6.927,PROBE
2026-10-04T14:22:27.343Z,6.98,6.87,PROBE
2026-10-04T14:22:28.344Z,6.9,6.867,PROBE
2026-10-04T14:22:29.345Z,6.59,6.823,PROBE
2026-10-04T14:22:30.345Z,7.11,6.867,PROBE
2026-10-04T14:22:31.346Z,6.91,6.87,PROBE
2026-10-04T14:22:32.347Z,6.55,6.857,PROBE
2026-10-04T14:22:33.348Z,6.86,6.773,PROBE
2026-10-04T14:22:34.348Z,6.79,6.733,PROBE
2026-10-04T14:22:35.349Z,6.63,6.76,PROBE
2026-10-04T14:22:36.350Z,6.91,6.777,PROBE
2026-10-04T14:22:37.350Z,6.69,6.743,PROBE
2026-10-04T14:22:38.351Z,6.57,6.723,PROBE
2026-10-04T14:22:39.352Z,7.05,6.77,PROBE
2026-10-04T14:22:40.353Z,6.8,6.807,PROBE
2026-10-04T14:22:41.353Z,6.68,6.843,PROBE
2026-10-04T14:22:42.354Z,7.27,6.917,PROBE
2026-10-04T14:22:43.355Z,6.52,6.823,PROBE
2026-10-04T14:22:44.355Z,6.56,6.783,PROBE
2026-10-04T14:22:45.356Z,6.98,6.687,PROBE
2026-10-04T14:22:46.357Z,6.67,6.737,PROBE
2026-10-04T14:22:47.357Z,6.57,6.74,PROBE
2026-10-04T14:22:48.358Z,7.09,6.777,PROBE
2026-10-04T14:22:49.359Z,6.91,6.857,PROBE
2026-10-04T14:22:50.359Z,6.52,6.84,PROBE
2026-10-04T14:22:51.360Z,7.08,6.837,PROBE
2026-10-04T14:22:52.361Z,6.79,6.797,PROBE
2026-10-04T14:22:53.361Z,6.5,6.79,PROBE
2026-10-04T14:22:54.362Z,7.0,6.763,PROBE
2026-10-04T14:22:55.364Z,6.84,6.78,PROBE
2026-10-04T14:22:56.364Z,6.59,6.81,PROBE
2026-10-04T14:22:57.365Z,7.13,6.853,PROBE
2026-10-04T14:22:58.366Z,6.63,6.783,PROBE
2026-10-04T14:22:59.367Z,6.7,6.82,PROBE
2026-10-04T14:23:00.368Z,6.93,6.753,PROBE
2026-10-04T14:23:01.369Z,6.56,6.73,PROBE
2026-10-04T14:23:02.370Z,6.8,6.763,PROBE
2026-10-04T14:23:03.370Z,6.77,6.71,PROBE
2026-10-04T14:23:04.371Z,6.36,6.643,PROBE
2026-10-04T14:23:05.371Z,6.98,6.703,PROBE
2026-10-04T14:23:06.472Z,6.91,6.75,PROBE
2026-10-04T14:23:07.473Z,6.63,6.84,PROBE
2026-10-04T14:23:08.474Z,6.89,6.81,PROBE
2026-10-04T14:23:09.475Z,6.82,6.78,PROBE
2026-10-04T14:23:10.475Z,6.66,6.79,PROBE
2026-10-04T14:23:11.476Z,7.23,6.903,PROBE
2026-10-04T14:23:12.477Z,6.77,6.887,PROBE
2026-10-04T14:23:13.477Z,6.72,6.907,PROBE
2026-10-04T14:23:14.478Z,6.95,6.813,PROBE
2026-10-04T14:23:15.479Z,6.51,6.727,PROBE
2026-10-04T14:23:16.479Z,7.04,6.833,PROBE
2026-10-04T14:23:17.480Z,6.9,6.817,PROBE
2026-10-04T14:23:18.481Z,6.45,6.797,PROBE
2026-10-04T14:23:19.481Z,6.96,6.77,PROBE
2026-10-04T14:23:20.482Z,6.71,6.707,PROBE
2026-10-04T14:23:21.483Z,6.56,6.743,PROBE
2026-10-04T14:23:22.484Z,7.16,6.81,PROBE
2026-10-04T14:23:23.485Z,6.52,6.747,PROBE
2026-10-04T14:23:24.485Z,6.72,6.8,PROBE
2026-10-04T14:23:25.486Z,6.89,6.71,PROBE
2026-10-04T14:23:26.487Z,6.44,6.683,PROBE
2026-10-04T14:23:27.488Z,7.14,6.823,PROBE
2026-10-04T14:23:28.489Z,6.5,6.693,PROBE
2026-10-04T14:23:29.489Z,6.83,6.823,PROBE
2026-10-04T14:23:30.490Z,6.82,6.717,PROBE
2026-10-04T14:23:31.491Z,6.7,6.783,PROBE
2026-10-04T14:23:32.492Z,6.67,6.73,PROBE
2026-10-04T14:23:33.492Z,6.94,6.77,PROBE
2026-10-04T14:23:34.493Z,6.58,6.73,PROBE
2026-10-04T14:23:35.494Z,6.94,6.82,PROBE
2026-10-04T14:23:36.495Z,6.53,6.683,PROBE
2026-10-04T14:23:37.495Z,6.64,6.703,PROBE
2026-10-04T14:23:38.496Z,7.07,6.747,PROBE
2026-10-04T14:23:39.497Z,6.42,6.71,PROBE
2026-10-04T14:23:40.497Z,6.89,6.793,PROBE
2026-10-04T14:23:41.498Z,6.8,6.703,PROBE
2026-10-04T14:23:42.499Z,6.38,6.69,PROBE
2026-10-04T14:23:43.499Z,7.03,6.737,PROBE
2026-10-04T14:23:44.500Z,6.27,6.56,PROBE
2026-10-04T14:23:45.501Z,6.71,6.67,PROBE
2026-10-04T14:23:46.501Z,6.63,6.537,PROBE
2026-10-04T14:23:47.502Z,5.41,6.25,PROBE
2026-10-04T14:23:48.503Z,6.98,6.34,PROBE
2026-10-04T14:23:49.504Z,6.42,6.27,PROBE
2026-10-04T14:23:50.504Z,5.52,6.307,PROBE
2026-10-04T14:23:51.505Z,6.06,6.0,PROBE
2026-10-04T14:23:52.506Z,5.6,5.727,PROBE
2026-10-04T14:23:53.506Z,5.16,5.607,PROBE
2026-10-04T14:23:54.507Z,5.19,5.317,PROBE
2026-10-04T14:23:55.509Z,5.08,5.143,PROBE
2026-10-04T14:23:56.510Z,4.47,4.913,PROBE
2026-10-04T14:23:57.511Z,4.75,4.767,PROBE
2026-10-04T14:23:58.511Z,4.22,4.48,PROBE
2026-10-04T14:23:59.512Z,4.04,4.337,PROBE
2026-10-04T14:24:00.513Z,4.61,4.29,PROBE
2026-10-04T14:24:01.514Z,4.31,4.32,PROBE
2026-10-04T14:24:02.515Z,4.15,4.357,PROBE
2026-10-04T14:24:03.515Z,4.34,4.267,PROBE
2026-10-04T14:24:04.516Z,4.04,4.177,PROBE
2026-10-04T14:24:05.517Z,4.15,4.177,PROBE
2026-10-04T14:24:06.519Z,4.29,4.16,PROBE
2026-10-04T14:24:07.520Z,4.0,4.147,PROBE
2026-10-04T14:24:08.520Z,4.14,4.143,PROBE
2026-10-04T14:24:09.521Z,4.09,4.077,PROBE
2026-10-04T14:24:10.522Z,4.17,4.133,PROBE
2026-10-04T14:24:11.523Z,4.12,4.127,PROBE
2026-10-04T14:24:12.524Z,4.11,4.133,PROBE
2026-10-04T14:24:13.549Z,3.9,4.043,PROBE
2026-10-04T14:24:14.549Z,4.26,4.09,PROBE
2026-10-04T14:24:15.550Z,3.93,4.03,PROBE
2026-10-04T14:24:16.551Z,4.04,4.077,PROBE
2026-10-04T14:24:17.551Z,4.06,4.01,PROBE
2026-10-04T14:24:18.552Z,3.84,3.98,PROBE
2026-10-04T14:24:19.553Z,4.1,4.0,PROBE
2026-10-04T14:24:20.554Z,4.06,4.0,PROBE
2026-10-04T14:24:21.554Z,3.96,4.04,PROBE
2026-10-04T14:24:22.555Z,4.27,4.097,PROBE
2026-10-04T14:24:23.556Z,3.81,4.013,PROBE
2026-10-04T14:24:24.556Z,4.12,4.067,PROBE
2026-10-04T14:24:25.557Z,4.17,4.033,PROBE
2026-10-04T14:24:26.558Z,3.78,4.023,PROBE
2026-10-04T14:24:27.558Z,4.05,4.0,PROBE
2026-10-04T14:24:28.559Z,4.09,3.973,PROBE
2026-10-04T14:24:29.560Z,4.0,4.047,PROBE
2026-10-04T14:24:30.560Z,4.0,4.03,PROBE
2026-10-04T14:24:31.561Z,3.86,3.953,PROBE
2026-10-04T14:24:32.562Z,4.0,3.953,PROBE
2026-10-04T14:24:33.562Z,4.12,3.993,PROBE
2026-10-04T14:24:34.563Z,3.82,3.98,PROBE
2026-10-04T14:24:35.664Z,4.19,4.043,PROBE
2026-10-04T14:24:36.665Z,4.01,4.007,PROBE
2026-10-04T14:24:37.665Z,3.95,4.05,PROBE
2026-10-04T14:24:38.666Z,3.97,3.977,PROBE
2026-10-04T14:24:39.667Z,3.87,3.93,PROBE
2026-10-04T14:24:40.668Z,4.09,3.977,PROBE
2026-10-04T14:24:41.669Z,4.04,4.0,PROBE
2026-10-04T14:24:42.669Z,3.79,3.973,PROBE
2026-10-04T14:24:43.670Z,3.94,3.923,PROBE
2026-10-04T14:24:44.671Z,4.05,3.927,PROBE
2026-10-04T14:24:45.672Z,3.91,3.967,PROBE
2026-10-04T14:24:46.673Z,4.09,4.017,PROBE
2026-10-04T14:24:47.674Z,3.8,3.933,PROBE
2026-10-04T14:24:48.674Z,3.84,3.91,PROBE
2026-10-04T14:24:49.675Z,3.95,3.863,PROBE
2026-10-04T14:24:50.676Z,3.96,3.917,PROBE
2026-10-04T14:24:51.677Z,3.87,3.927,PROBE
2026-10-04T14:24:52.677Z,3.98,3.937,PROBE
2026-10-04T14:24:53.678Z,3.83,3.893,PROBE
2026-10-04T14:24:54.679Z,4.09,3.967,PROBE
2026-10-04T14:24:55.680Z,3.82,3.913,PROBE
2026-10-04T14:24:56.681Z,3.94,3.95,PROBE
2026-10-04T14:24:57.682Z,4.05,3.937,PROBE
2026-10-04T14:24:58.682Z,3.84,3.943,PROBE
2026-10-04T14:24:59.683Z,4.03,3.973,PROBE
2026-10-04T14:25:00.684Z,3.81,3.893,PROBE
2026-10-04T14:25:01.685Z,3.95,3.93,PROBE
2026-10-04T14:25:02.686Z,4.01,3.923,PROBE
2026-10-04T14:25:03.686Z,3.72,3.893,PROBE
2026-10-04T14:25:04.687Z,3.91,3.88,PROBE
2026-10-04T14:25:05.688Z,3.78,3.803,PROBE
2026-10-04T14:25:06.689Z,3.89,3.86,PROBE
2026-10-04T14:25:07.690Z,3.74,3.803,PROBE
2026-10-04T14:25:08.690Z,3.91,3.847,PROBE
2026-10-04T14:25:09.691Z,3.88,3.843,PROBE
2026-10-04T14:25:10.692Z,3.87,3.887,PROBE
2026-10-04T14:25:11.693Z,3.91,3.887,PROBE
2026-10-04T14:25:12.694Z,3.92,3.9,PROBE
2026-10-04T14:25:13.694Z,3.86,3.897,PROBE
2026-10-04T14:25:14.695Z,3.89,3.89,PROBE
2026-10-04T14:25:15.696Z,3.86,3.87,PROBE
2026-10-04T14:25:16.697Z,3.84,3.863,PROBE
2026-10-04T14:25:17.697Z,4.02,3.907,PROBE
2026-10-04T14:25:18.698Z,3.88,3.913,PROBE
2026-10-04T14:25:19.699Z,4.01,3.97,PROBE
2026-10-04T14:25:20.700Z,3.86,3.917,PROBE
2026-10-04T14:25:21.700Z,3.97,3.947,PROBE
2026-10-04T14:25:22.701Z,3.86,3.897,PROBE
2026-10-04T14:25:23.702Z,3.89,3.907,PROBE
2026-10-04T14:25:24.703Z,4.06,3.937,PROBE
2026-10-04T14:25:25.704Z,3.77,3.907,PROBE
2026-10-04T14:25:26.704Z,3.8,3.877,PROBE
2026-10-04T14:25:27.705Z,3.94,3.837,PROBE
2026-10-04T14:25:28.706Z,3.92,3.887,PROBE
2026-10-04T14:25:29.706Z,3.83,3.897,PROBE
2026-10-04T14:25:30.707Z,3.74,3.83,PROBE
2026-10-04T14:25:31.708Z,3.97,3.847,PROBE
2026-10-04T14:25:32.709Z,3.86,3.857,PROBE
2026-10-04T14:25:33.709Z,4.01,3.947,PROBE
2026-10-04T14:25:34.710Z,3.92,3.93,PROBE
2026-10-04T14:25:35.711Z,3.92,3.95,PROBE
2026-10-04T14:25:36.712Z,3.84,3.893,PROBE
2026-10-04T14:25:37.713Z,3.93,3.897,PROBE
2026-10-04T14:25:38.713Z,3.85,3.873,PROBE
2026-10-04T14:25:39.714Z,3.71,3.83,PROBE
2026-10-04T14:25:40.715Z,4.08,3.88,PROBE
2026-10-04T14:25:41.716Z,3.6,3.797,PROBE
2026-10-04T14:25:42.716Z,3.92,3.867,PROBE
2026-10-04T14:25:43.717Z,3.75,3.757,PROBE
2026-10-04T14:25:44.718Z,3.96,3.877,PROBE
2026-10-04T14:25:45.718Z,3.83,3.847,PROBE
2026-10-04T14:25:46.719Z,3.94,3.91,PROBE
2026-10-04T14:25:47.820Z,3.88,3.883,PROBE
2026-10-04T14:25:48.821Z,4.03,3.95,PROBE
2026-10-04T14:25:49.821Z,3.83,3.913,PROBE
2026-10-04T14:25:50.822Z,3.8,3.887,PROBE
2026-10-04T14:25:51.823Z,3.67,3.767,PROBE
2026-10-04T14:25:52.824Z,3.86,3.777,PROBE
2026-10-04T14:25:53.824Z,3.77,3.767,PROBE
2026-10-04T14:25:54.825Z,3.96,3.863,PROBE
2026-10-04T14:25:55.826Z,3.74,3.823,PROBE
2026-10-04T14:25:56.827Z,4.02,3.907,PROBE
2026-10-04T14:25:57.827Z,3.81,3.857,PROBE
2026-10-04T14:25:58.828Z,4.05,3.96,PROBE
2026-10-04T14:25:59.829Z,3.7,3.853,PROBE
2026-10-04T14:26:00.829Z,3.9,3.883,PROBE
2026-10-04T14:26:01.830Z,3.78,3.793,PROBE
2026-10-04T14:26:02.831Z,3.81,3.83,PROBE
2026-10-04T14:26:03.831Z,3.7,3.763,PROBE
2026-10-04T14:26:04.832Z,3.84,3.783,PROBE
2026-10-04T14:26:05.833Z,3.86,3.8,PROBE
2026-10-04T14:26:06.834Z,3.96,3.887,PROBE
2026-10-04T14:26:07.834Z,3.85,3.89,PROBE
2026-10-04T14:26:08.835Z,3.92,3.91,PROBE
2026-10-04T14:26:09.836Z,3.76,3.843,PROBE
2026-10-04T14:26:10.837Z,3.97,3.883,PROBE
2026-10-04T14:26:11.837Z,3.72,3.817,PROBE
2026-10-04T14:26:12.839Z,3.96,3.883,PROBE
2026-10-04T14:26:13.840Z,3.9,3.86,PROBE
2026-10-04T14:26:14.861Z,3.97,3.943,PROBE
2026-10-04T14:26:15.862Z,3.72,3.863,PROBE
2026-10-04T14:26:16.863Z,4.0,3.897,PROBE
2026-10-04T14:26:17.864Z,3.89,3.87,PROBE
2026-10-04T14:26:18.865Z,3.88,3.923,PROBE
2026-10-04T14:26:19.866Z,3.93,3.9,PROBE
2026-10-04T14:26:20.867Z,3.88,3.897,PROBE
2026-10-04T14:26:21.871Z,4.0,3.937,PROBE
2026-10-04T14:26:22.872Z,3.7,3.86,PROBE
2026-10-04T14:26:23.874Z,3.98,3.893,PROBE
2026-10-04T14:26:24.875Z,3.77,3.817,PROBE
2026-10-04T14:26:25.875Z,3.91,3.887,PROBE
2026-10-04T14:26:26.876Z,3.83,3.837,PROBE
2026-10-04T14:26:27.877Z,3.84,3.86,PROBE
2026-10-04T14:26:28.878Z,3.77,3.813,PROBE
2026-10-04T14:26:29.878Z,4.0,3.87,PROBE
2026-10-04T14:26:30.879Z,3.82,3.863,PROBE
2026-10-04T14:26:31.880Z,3.98,3.933,PROBE
2026-10-04T14:26:32.880Z,3.97,3.923,PROBE
2026-10-04T14:26:33.881Z,3.87,3.94,PROBE
2026-10-04T14:26:34.882Z,4.11,3.983,PROBE
2026-10-04T14:26:35.883Z,3.71,3.897,PROBE
2026-10-04T14:26:36.884Z,3.76,3.86,PROBE
2026-10-04T14:26:37.884Z,3.83,3.767,PROBE
2026-10-04T14:26:38.885Z,3.86,3.817,PROBE
2026-10-04T14:26:39.886Z,3.92,3.87,PROBE
2026-10-04T14:26:40.886Z,3.82,3.867,PROBE
2026-10-04T14:26:41.887Z,3.94,3.893,PROBE
2026-10-04T14:26:42.888Z,3.89,3.883,PROBE
2026-10-04T14:26:43.889Z,3.85,3.893,PROBE
2026-10-04T14:26:44.889Z,3.94,3.893,PROBE
2026-10-04T14:26:45.890Z,3.86,3.883,PROBE
2026-10-04T14:26:46.891Z,3.9,3.9,PROBE
2026-10-04T14:26:47.892Z,3.94,3.9,PROBE
2026-10-04T14:26:48.892Z,3.8,3.88,PROBE
2026-10-04T14:26:49.893Z,3.95,3.897,PROBE
2026-10-04T14:26:50.894Z,3.88,3.877,PROBE
2026-10-04T14:26:51.895Z,3.79,3.873,PROBE
2026-10-04T14:26:52.895Z,3.87,3.847,PROBE
2026-10-04T14:26:53.896Z,3.86,3.84,PROBE
2026-10-04T14:26:54.897Z,3.93,3.887,PROBE
2026-10-04T14:26:55.898Z,3.8,3.863,PROBE
2026-10-04T14:26:56.898Z,3.86,3.863,PROBE
2026-10-04T14:26:57.899Z,3.83,3.83,PROBE
2026-10-04T14:26:58.900Z,3.81,3.833,PROBE
2026-10-04T14:26:59.900Z,3.91,3.85,PROBE
2026-10-04T14:27:00.901Z,3.73,3.817,PROBE
2026-10-04T14:27:01.902Z,3.98,3.873,PROBE
2026-10-04T14:27:02.903Z,3.8,3.837,PROBE
2026-10-04T14:27:03.903Z,3.81,3.863,PROBE
2026-10-04T14:27:04.904Z,3.81,3.807,PROBE
2026-10-04T14:27:05.905Z,3.93,3.85,PROBE
2026-10-04T14:27:06.906Z,3.68,3.807,PROBE
2026-10-04T14:27:07.906Z,3.86,3.823,PROBE
2026-10-04T14:27:08.907Z,3.88,3.807,PROBE
2026-10-04T14:27:09.908Z,3.88,3.873,PROBE
2026-10-04T14:27:10.908Z,4.01,3.923,PROBE
2026-10-04T14:27:11.909Z,3.8,3.897,PROBE
2026-10-04T14:27:12.910Z,3.72,3.843,PROBE
2026-10-04T14:27:13.911Z,3.79,3.77,PROBE
2026-10-04T14:27:14.911Z,3.94,3.817,PROBE
2026-10-04T14:27:15.912Z,3.89,3.873,PROBE
2026-10-04T14:27:17.013Z,4.0,3.943,PROBE
2026-10-04T14:27:17.913Z,3.86,3.917,PROBE
2026-10-04T14:27:19.014Z,3.87,3.91,PROBE
2026-10-04T14:27:20.015Z,3.99,3.907,PROBE
2026-10-04T14:27:21.016Z,3.97,3.943,PROBE
2026-10-04T14:27:22.017Z,3.96,3.973,PROBE
2026-10-04T14:27:23.018Z,3.78,3.903,PROBE
2026-10-04T14:27:24.018Z,3.86,3.867,PROBE
2026-10-04T14:27:25.019Z,3.7,3.78,PROBE
2026-10-04T14:27:26.020Z,3.99,3.85,PROBE
2026-10-04T14:27:27.021Z,3.89,3.86,PROBE
2026-10-04T14:27:28.021Z,3.83,3.903,PROBE
2026-10-04T14:27:29.022Z,3.95,3.89,PROBE
2026-10-04T14:27:30.023Z,3.89,3.89,PROBE
2026-10-04T14:27:31.023Z,3.73,3.857,PROBE
2026-10-04T14:27:32.024Z,3.81,3.81,PROBE
2026-10-04T14:27:33.025Z,4.01,3.85,PROBE
2026-10-04T14:27:34.026Z,3.68,3.833,PROBE
2026-10-04T14:27:35.026Z,3.9,3.863,PROBE
2026-10-04T14:27:36.027Z,3.92,3.833,PROBE
2026-10-04T14:27:37.028Z,3.86,3.893,PROBE
2026-10-04T14:27:38.029Z,3.89,3.89,PROBE
2026-10-04T14:27:39.029Z,3.71,3.82,PROBE
2026-10-04T14:27:40.030Z,3.89,3.83,PROBE
2026-10-04T14:27:41.031Z,3.88,3.827,PROBE
2026-10-04T14:27:42.032Z,3.88,3.883,PROBE
2026-10-04T14:27:43.033Z,3.86,3.873,PROBE
2026-10-04T14:27:44.033Z,3.8,3.847,PROBE
2026-10-04T14:27:45.034Z,3.94,3.867,PROBE
2026-10-04T14:27:46.035Z,3.84,3.86,PROBE
2026-10-04T14:27:47.035Z,4.01,3.93,PROBE
2026-10-04T14:27:48.036Z,3.78,3.877,PROBE
2026-10-04T14:27:49.037Z,3.75,3.847,PROBE
2026-10-04T14:27:50.037Z,3.89,3.807,PROBE
2026-10-04T14:27:51.038Z,3.77,3.803,PROBE
2026-10-04T14:27:52.039Z,3.77,3.81,PROBE
2026-10-04T14:27:53.040Z,3.83,3.79,PROBE
2026-10-04T14:27:54.040Z,3.91,3.837,PROBE
2026-10-04T14:27:55.041Z,3.89,3.877,PROBE
2026-10-04T14:27:56.042Z,3.85,3.883,PROBE
2026-10-04T14:27:57.043Z,3.99,3.91,PROBE
2026-10-04T14:27:58.044Z,3.76,3.867,PROBE
2026-10-04T14:27:59.044Z,3.96,3.903,PROBE
2026-10-04T14:28:00.045Z,3.88,3.867,PROBE
2026-10-04T14:28:01.046Z,3.86,3.9,PROBE
2026-10-04T14:28:02.047Z,3.9,3.88,PROBE
2026-10-04T14:28:03.047Z,3.92,3.893,PROBE
2026-10-04T14:28:04.048Z,3.9,3.907,PROBE
2026-10-04T14:28:05.049Z,3.6,3.807,PROBE
2026-10-04T14:28:06.050Z,3.81,3.77,PROBE
2026-10-04T14:28:07.050Z,3.78,3.73,PROBE
2026-10-04T14:28:08.051Z,3.95,3.847,PROBE
2026-10-04T14:28:09.052Z,3.8,3.843,PROBE
2026-10-04T14:28:10.053Z,3.82,3.857,PROBE
2026-10-04T14:28:11.054Z,3.95,3.857,PROBE
2026-10-04T14:28:12.055Z,3.89,3.887,PROBE
2026-10-04T14:28:13.056Z,3.94,3.927,PROBE
2026-10-04T14:28:14.056Z,3.77,3.867,PROBE
2026-10-04T14:28:15.057Z,3.87,3.86,PROBE
2026-10-04T14:28:16.058Z,3.88,3.84,PROBE
2026-10-04T14:28:17.059Z,3.78,3.843,PROBE
2026-10-04T14:28:18.060Z,3.91,3.857,PROBE
2026-10-04T14:28:19.061Z,3.69,3.793,PROBE
2026-10-04T14:28:20.062Z,4.06,3.887,PROBE
2026-10-04T14:28:21.063Z,3.85,3.867,PROBE
2026-10-04T14:28:22.063Z,3.84,3.917,PROBE
2026-10-04T14:28:23.084Z,3.79,3.827,PROBE
2026-10-04T14:28:24.085Z,3.69,3.773,PROBE
2026-10-04T14:28:25.086Z,3.98,3.82,PROBE
2026-10-04T14:28:26.087Z,3.69,3.787,PROBE
2026-10-04T14:28:27.088Z,3.79,3.82,PROBE
2026-10-04T14:28:28.089Z,3.95,3.81,PROBE
2026-10-04T14:28:29.090Z,3.93,3.89,PROBE
2026-10-04T14:28:30.091Z,3.95,3.943,PROBE
2026-10-04T14:28:31.091Z,3.7,3.86,PROBE
2026-10-04T14:28:32.092Z,3.73,3.793,PROBE
2026-10-04T14:28:33.093Z,3.99,3.807,PROBE
2026-10-04T14:28:34.094Z,3.74,3.82,PROBE
2026-10-04T14:28:35.095Z,3.83,3.853,PROBE
2026-10-04T14:28:36.096Z,3.98,3.85,PROBE
2026-10-04T14:28:37.097Z,3.82,3.877,PROBE
2026-10-04T14:28:38.098Z,3.96,3.92,PROBE
2026-10-04T14:28:39.098Z,3.92,3.9,PROBE
2026-10-04T14:28:40.099Z,3.89,3.923,PROBE
2026-10-04T14:28:41.100Z,3.86,3.89,PROBE
2026-10-04T14:28:42.104Z,3.71,3.82,PROBE
2026-10-04T14:28:43.105Z,3.78,3.783,PROBE
2026-10-04T14:28:44.105Z,3.88,3.79,PROBE
2026-10-04T14:28:45.106Z,3.91,3.857,PROBE
2026-10-04T14:28:46.107Z,3.87,3.887,PROBE
2026-10-04T14:28:47.108Z,3.75,3.843,PROBE
2026-10-04T14:28:48.209Z,3.83,3.817,PROBE
2026-10-04T14:28:49.209Z,3.81,3.797,PROBE
2026-10-04T14:28:50.210Z,3.82,3.82,PROBE
2026-10-04T14:28:51.211Z,3.92,3.85,PROBE
2026-10-04T14:28:52.211Z,3.79,3.843,PROBE
2026-10-04T14:28:53.212Z,3.68,3.797,PROBE
2026-10-04T14:28:54.213Z,3.9,3.79,PROBE
2026-10-04T14:28:55.214Z,3.84,3.807,PROBE
2026-10-04T14:28:56.214Z,3.8,3.847,PROBE
2026-10-04T14:28:57.215Z,3.87,3.837,PROBE
2026-10-04T14:28:58.216Z,3.9,3.857,PROBE
2026-10-04T14:28:59.217Z,3.9,3.89,PROBE
2026-10-04T14:29:00.217Z,3.89,3.897,PROBE
2026-10-04T14:29:01.218Z,3.79,3.86,PROBE
2026-10-04T14:29:02.219Z,3.83,3.837,PROBE
2026-10-04T14:29:03.220Z,3.69,3.77,PROBE
2026-10-04T14:29:04.221Z,3.89,3.803,PROBE
2026-10-04T14:29:05.221Z,3.81,3.797,PROBE
2026-10-04T14:29:06.222Z,3.9,3.867,PROBE
2026-10-04T14:29:07.223Z,3.85,3.853,PROBE
2026-10-04T14:29:08.224Z,3.79,3.847,PROBE
2026-10-04T14:29:09.225Z,4.0,3.88,PROBE
2026-10-04T14:29:10.225Z,3.95,3.913,PROBE
2026-10-04T14:29:11.226Z,3.67,3.873,PROBE
2026-10-04T14:29:12.227Z,3.88,3.833,PROBE
2026-10-04T14:29:13.227Z,3.83,3.793,PROBE
2026-10-04T14:29:14.228Z,3.69,3.8,PROBE
2026-10-04T14:29:15.229Z,4.01,3.843,PROBE
2026-10-04T14:29:16.230Z,4.07,3.923,PROBE
2026-10-04T14:29:17.230Z,3.74,3.94,PROBE
2026-10-04T14:29:18.231Z,3.86,3.89,PROBE
2026-10-04T14:29:19.232Z,3.77,3.79,PROBE
2026-10-04T14:29:20.232Z,3.68,3.77,PROBE
2026-10-04T14:29:21.233Z,3.73,3.727,PROBE
2026-10-04T14:29:22.234Z,3.76,3.723,PROBE
2026-10-04T14:29:23.235Z,3.89,3.793,PROBE
2026-10-04T14:29:24.235Z,3.95,3.867,PROBE
2026-10-04T14:29:25.236Z,3.8,3.88,PROBE
2026-10-04T14:29:26.237Z,4.01,3.92,PROBE
2026-10-04T14:29:27.238Z,3.86,3.89,PROBE
2026-10-04T14:29:28.238Z,3.66,3.843,PROBE
2026-10-04T14:29:29.239Z,3.74,3.753,PROBE
2026-10-04T14:29:30.240Z,3.76,3.72,PROBE
2026-10-04T14:29:31.240Z,3.77,3.757,PROBE
2026-10-04T14:29:32.241Z,3.9,3.81,PROBE
2026-10-04T14:29:33.242Z,3.93,3.867,PROBE
2026-10-04T14:29:34.243Z,3.86,3.897,PROBE
2026-10-04T14:29:35.243Z,3.8,3.863,PROBE
2026-10-04T14:29:36.244Z,3.79,3.817,PROBE
2026-10-04T14:29:37.245Z,3.87,3.82,PROBE
2026-10-04T14:29:38.245Z,3.91,3.857,PROBE
2026-10-04T14:29:39.246Z,3.88,3.887,PROBE
2026-10-04T14:29:40.247Z,3.9,3.897,PROBE
2026-10-04T14:29:41.247Z,3.77,3.85,PROBE
2026-10-04T14:29:42.248Z,4.09,3.92,PROBE
2026-10-04T14:29:43.249Z,3.83,3.897,PROBE
2026-10-04T14:29:44.250Z,3.79,3.903,PROBE
2026-10-04T14:29:45.250Z,3.91,3.843,PROBE
2026-10-04T14:29:46.251Z,3.85,3.85,PROBE
2026-10-04T14:29:47.252Z,3.77,3.843,PROBE
2026-10-04T14:29:48.252Z,3.83,3.817,PROBE
2026-10-04T14:29:49.253Z,3.68,3.76,PROBE
2026-10-04T14:29:50.254Z,3.89,3.8,PROBE
2026-10-04T14:29:51.254Z,3.96,3.843,PROBE
2026-10-04T14:29:52.255Z,3.64,3.83,PROBE
2026-10-04T14:29:53.256Z,3.65,3.75,PROBE
2026-10-04T14:29:54.256Z,3.62,3.637,PROBE
2026-10-04T14:29:55.257Z,3.8,3.69,PROBE
2026-10-04T14:29:56.258Z,3.94,3.787,PROBE
2026-10-04T14:29:57.259Z,3.97,3.903,PROBE
2026-10-04T14:29:58.259Z,3.84,3.917,PROBE
2026-10-04T14:29:59.360Z,3.82,3.877,PROBE
2026-10-04T14:30:00.361Z,3.68,3.78,PROBE
2026-10-04T14:30:01.362Z,3.87,3.79,PROBE
2026-10-04T14:30:02.362Z,3.82,3.79,PROBE
2026-10-04T14:30:03.363Z,3.74,3.81,PROBE
2026-10-04T14:30:04.364Z,3.73,3.763,PROBE
2026-10-04T14:30:05.365Z,3.63,3.7,PROBE
2026-10-04T14:30:06.365Z,3.66,3.673,PROBE
2026-10-04T14:30:07.366Z,3.85,3.713,PROBE
2026-10-04T14:30:08.367Z,3.63,3.713,PROBE
2026-10-04T14:30:09.368Z,3.83,3.77,PROBE
2026-10-04T14:30:10.368Z,3.94,3.8,PROBE
2026-10-04T14:30:11.369Z,3.87,3.88,PROBE
2026-10-04T14:30:12.370Z,3.96,3.923,PROBE
2026-10-04T14:30:13.370Z,3.76,3.863,PROBE
2026-10-04T14:30:14.371Z,3.8,3.84,PROBE
2026-10-04T14:30:15.372Z,3.75,3.77,PROBE
2026-10-04T14:30:16.372Z,3.84,3.797,PROBE
2026-10-04T14:30:17.373Z,4.05,3.88,PROBE
2026-10-04T14:30:18.374Z,4.07,3.987,PROBE
2026-10-04T14:30:19.374Z,3.66,3.927,PROBE
2026-10-04T14:30:20.375Z,3.78,3.837,PROBE
2026-10-04T14:30:21.376Z,3.77,3.737,PROBE
2026-10-04T14:30:22.376Z,3.91,3.82,PROBE
2026-10-04T14:30:23.377Z,3.77,3.817,PROBE
2026-10-04T14:30:24.378Z,3.86,3.847,PROBE
2026-10-04T14:30:25.378Z,3.94,3.857,PROBE
2026-10-04T14:30:26.379Z,3.96,3.92,PROBE
2026-10-04T14:30:27.380Z,3.7,3.867,PROBE
2026-10-04T14:30:28.380Z,3.77,3.81,PROBE
2026-10-04T14:30:29.381Z,3.76,3.743,PROBE
2026-10-04T14:30:30.382Z,3.83,3.787,PROBE
2026-10-04T14:30:31.382Z,3.86,3.817,PROBE
2026-10-04T14:30:32.383Z,3.8,3.83,PROBE
2026-10-04T14:30:33.384Z,3.92,3.86,PROBE
2026-10-04T14:30:34.385Z,3.74,3.82,PROBE
2026-10-04T14:30:35.385Z,3.93,3.863,PROBE
2026-10-04T14:30:36.386Z,3.85,3.84,PROBE
2026-10-04T14:30:37.387Z,3.82,3.867,PROBE
2026-10-04T14:30:38.387Z,3.68,3.783,PROBE
2026-10-04T14:30:39.388Z,3.82,3.773,PROBE
2026-10-04T14:30:40.389Z,3.83,3.777,PROBE
2026-10-04T14:30:41.389Z,3.69,3.78,PROBE
2026-10-04T14:30:42.390Z,3.88,3.8,PROBE
2026-10-04T14:30:43.391Z,3.83,3.8,PROBE
2026-10-04T14:30:44.392Z,3.79,3.833,PROBE
2026-10-04T14:30:45.392Z,3.85,3.823,PROBE
2026-10-04T14:30:46.393Z,3.84,3.827,PROBE
2026-10-04T14:30:47.394Z,3.79,3.827,PROBE
2026-10-04T14:30:48.395Z,3.78,3.803,PROBE
2026-10-04T14:30:49.395Z,3.8,3.79,PROBE
2026-10-04T14:30:50.396Z,3.95,3.843,PROBE
2026-10-04T14:30:51.397Z,3.81,3.853,PROBE
2026-10-04T14:30:52.397Z,3.89,3.883,PROBE
2026-10-04T14:30:53.398Z,3.98,3.893,PROBE
2026-10-04T14:30:54.399Z,3.8,3.89,PROBE
2026-10-04T14:30:55.399Z,3.77,3.85,PROBE
2026-10-04T14:30:56.400Z,3.84,3.803,PROBE
2026-10-04T14:30:57.401Z,3.85,3.82,PROBE
2026-10-04T14:30:58.401Z,3.87,3.853,PROBE
2026-10-04T14:30:59.402Z,3.8,3.84,PROBE
2026-10-04T14:31:00.403Z,3.93,3.867,PROBE
2026-10-04T14:31:01.403Z,3.79,3.84,PROBE
2026-10-04T14:31:02.404Z,4.02,3.913,PROBE
2026-10-04T14:31:03.405Z,3.68,3.83,PROBE
2026-10-04T14:31:04.406Z,4.0,3.9,PROBE
2026-10-04T14:31:05.406Z,3.78,3.82,PROBE
2026-10-04T14:31:06.407Z,3.84,3.873,PROBE
2026-10-04T14:31:07.408Z,3.83,3.817,PROBE
2026-10-04T14:31:08.508Z,3.79,3.82,PROBE
2026-10-04T14:31:09.509Z,3.79,3.803,PROBE
2026-10-04T14:31:10.510Z,3.83,3.803,PROBE
2026-10-04T14:31:11.511Z,3.77,3.797,PROBE
