case,temp_c,excess_mmol,ph
P1,20.0,-60.000000,1.920819
P1,20.0,-59.000000,1.928118
P1,20.0,-58.000000,1.935542
P1,20.0,-57.000000,1.943095
P1,20.0,-56.000000,1.950782
P1,20.0,-55.000000,1.958607
P1,20.0,-54.000000,1.966576
P1,20.0,-53.000000,1.974694
P1,20.0,-52.000000,1.982967
P1,20.0,-51.000000,1.991400
P1,20.0,-50.000000,2.000000
P1,20.0,-49.000000,2.008774
P1,20.0,-48.000000,2.017729
P1,20.0,-47.000000,2.026872
P1,20.0,-46.000000,2.036212
P1,20.0,-45.000000,2.045757
P1,20.0,-44.000000,2.055517
P1,20.0,-43.000000,2.065502
P1,20.0,-42.000000,2.075721
P1,20.0,-41.000000,2.086186
P1,20.0,-40.000000,2.096910
P1,20.0,-39.000000,2.107905
P1,20.0,-38.000000,2.119186
P1,20.0,-37.000000,2.130768
P1,20.0,-36.000000,2.142668
P1,20.0,-35.000000,2.154902
P1,20.0,-34.000000,2.167491
P1,20.0,-33.000000,2.180456
P1,20.0,-32.000000,2.193820
P1,20.0,-31.000000,2.207608
P1,20.0,-30.000000,2.221849
P1,20.0,-29.000000,2.236572
P1,20.0,-28.000000,2.251812
P1,20.0,-27.000000,2.267606
P1,20.0,-26.000000,2.283997
P1,20.0,-25.000000,2.301030
P1,20.0,-24.000000,2.318759
P1,20.0,-23.000000,2.337242
P1,20.0,-22.000000,2.356547
P1,20.0,-21.000000,2.376751
P1,20.0,-20.000000,2.397940
P1,20.0,-19.000000,2.420216
P1,20.0,-18.000000,2.443697
P1,20.0,-17.000000,2.468521
P1,20.0,-16.000000,2.494850
P1,20.0,-15.000000,2.522879
P1,20.0,-14.000000,2.552842
P1,20.0,-13.000000,2.585027
P1,20.0,-12.000000,2.619789
P1,20.0,-11.000000,2.657577
P1,20.0,-10.000000,2.698970
P1,20.0,-9.000000,2.744727
P1,20.0,-8.000000,2.795880
P1,20.0,-7.000000,2.853872
P1,20.0,-6.000000,2.920819
P1,20.0,-5.000000,3.000000
P1,20.0,-4.000000,3.096910
P1,20.0,-3.000000,3.221849
P1,20.0,-2.000000,3.397940
P1,20.0,-1.950000,3.408935
P1,20.0,-1.900000,3.420216
P1,20.0,-1.850000,3.431798
P1,20.0,-1.800000,3.443697
P1,20.0,-1.750000,3.455932
P1,20.0,-1.700000,3.468521
P1,20.0,-1.650000,3.481486
P1,20.0,-1.600000,3.494850
P1,20.0,-1.550000,3.508638
P1,20.0,-1.500000,3.522879
P1,20.0,-1.450000,3.537602
P1,20.0,-1.400000,3.552842
P1,20.0,-1.350000,3.568636
P1,20.0,-1.300000,3.585027
P1,20.0,-1.250000,3.602060
P1,20.0,-1.200000,3.619789
P1,20.0,-1.150000,3.638272
P1,20.0,-1.100000,3.657577
P1,20.0,-1.050000,3.677781
P1,20.0,-1.000000,3.698970
P1,20.0,-0.950000,3.721246
P1,20.0,-0.900000,3.744727
P1,20.0,-0.850000,3.769551
P1,20.0,-0.800000,3.795880
P1,20.0,-0.750000,3.823909
P1,20.0,-0.700000,3.853872
P1,20.0,-0.650000,3.886056
P1,20.0,-0.600000,3.920819
P1,20.0,-0.550000,3.958607
P1,20.0,-0.500000,4.000000
P1,20.0,-0.450000,4.045757
P1,20.0,-0.400000,4.096910
P1,20.0,-0.350000,4.154901
P1,20.0,-0.300000,4.221848
P1,20.0,-0.250000,4.301029
P1,20.0,-0.200000,4.397938
P1,20.0,-0.198000,4.402303
P1,20.0,-0.196000,4.406712
P1,20.0,-0.194000,4.411166
P1,20.0,-0.192000,4.415667
P1,20.0,-0.190000,4.420214
P1,20.0,-0.188000,4.424810
P1,20.0,-0.186000,4.429455
P1,20.0,-0.184000,4.434150
P1,20.0,-0.182000,4.438896
P1,20.0,-0.180000,4.443695
P1,20.0,-0.178000,4.448548
P1,20.0,-0.176000,4.453455
P1,20.0,-0.174000,4.458418
P1,20.0,-0.172000,4.463439
P1,20.0,-0.170000,4.468519
P1,20.0,-0.168000,4.473658
P1,20.0,-0.166000,4.478859
P1,20.0,-0.164000,4.484123
P1,20.0,-0.162000,4.489452
P1,20.0,-0.160000,4.494847
P1,20.0,-0.158000,4.500310
P1,20.0,-0.156000,4.505842
P1,20.0,-0.154000,4.511446
P1,20.0,-0.152000,4.517123
P1,20.0,-0.150000,4.522875
P1,20.0,-0.148000,4.528705
P1,20.0,-0.146000,4.534614
P1,20.0,-0.144000,4.540604
P1,20.0,-0.142000,4.546678
P1,20.0,-0.140000,4.552838
P1,20.0,-0.138000,4.559087
P1,20.0,-0.136000,4.565427
P1,20.0,-0.134000,4.571861
P1,20.0,-0.132000,4.578392
P1,20.0,-0.130000,4.585022
P1,20.0,-0.128000,4.591756
P1,20.0,-0.126000,4.598595
P1,20.0,-0.124000,4.605544
P1,20.0,-0.122000,4.612605
P1,20.0,-0.120000,4.619784
P1,20.0,-0.118000,4.627083
P1,20.0,-0.116000,4.634507
P1,20.0,-0.114000,4.642060
P1,20.0,-0.112000,4.649746
P1,20.0,-0.110000,4.657571
P1,20.0,-0.108000,4.665540
P1,20.0,-0.106000,4.673658
P1,20.0,-0.104000,4.681930
P1,20.0,-0.102000,4.690363
P1,20.0,-0.100000,4.698963
P1,20.0,-0.098000,4.707736
P1,20.0,-0.096000,4.716691
P1,20.0,-0.094000,4.725834
P1,20.0,-0.092000,4.735174
P1,20.0,-0.090000,4.744718
P1,20.0,-0.088000,4.754478
P1,20.0,-0.086000,4.764462
P1,20.0,-0.084000,4.774680
P1,20.0,-0.082000,4.785145
P1,20.0,-0.080000,4.795869
P1,20.0,-0.078000,4.806863
P1,20.0,-0.076000,4.818144
P1,20.0,-0.074000,4.829725
P1,20.0,-0.072000,4.841623
P1,20.0,-0.070000,4.853857
P1,20.0,-0.068000,4.866445
P1,20.0,-0.066000,4.879409
P1,20.0,-0.064000,4.892772
P1,20.0,-0.062000,4.906559
P1,20.0,-0.060000,4.920798
P1,20.0,-0.058000,4.935520
P1,20.0,-0.056000,4.950759
P1,20.0,-0.054000,4.966551
P1,20.0,-0.052000,4.982940
P1,20.0,-0.050000,4.999971
P1,20.0,-0.048000,5.017697
P1,20.0,-0.046000,5.036178
P1,20.0,-0.044000,5.055480
P1,20.0,-0.042000,5.075679
P1,20.0,-0.040000,5.096864
P1,20.0,-0.038000,5.119136
P1,20.0,-0.036000,5.142611
P1,20.0,-0.034000,5.167428
P1,20.0,-0.032000,5.193749
P1,20.0,-0.030000,5.221768
P1,20.0,-0.028000,5.251719
P1,20.0,-0.026000,5.283889
P1,20.0,-0.024000,5.318632
P1,20.0,-0.022000,5.356396
P1,20.0,-0.020000,5.397757
P1,20.0,-0.018000,5.443472
P1,20.0,-0.016000,5.494565
P1,20.0,-0.014000,5.552470
P1,20.0,-0.012000,5.619282
P1,20.0,-0.010000,5.698241
P1,20.0,-0.008000,5.794743
P1,20.0,-0.006000,5.918803
P1,20.0,-0.004000,6.092414
P1,20.0,-0.002000,6.380729
P2,20.0,-0.000000,7.086000
P2,20.0,0.002000,7.791271
P2,20.0,0.004000,8.079586
P2,20.0,0.006000,8.253197
P2,20.0,0.008000,8.377257
P2,20.0,0.010000,8.473759
P2,20.0,0.012000,8.552718
P2,20.0,0.014000,8.619530
P2,20.0,0.016000,8.677435
P2,20.0,0.018000,8.728528
P2,20.0,0.020000,8.774243
P2,20.0,0.022000,8.815604
P2,20.0,0.024000,8.853368
P2,20.0,0.026000,8.888111
P2,20.0,0.028000,8.920281
P2,20.0,0.030000,8.950232
P2,20.0,0.032000,8.978251
P2,20.0,0.034000,9.004572
P2,20.0,0.036000,9.029389
P2,20.0,0.038000,9.052864
P2,20.0,0.040000,9.075136
P2,20.0,0.042000,9.096321
P2,20.0,0.044000,9.116520
P2,20.0,0.046000,9.135822
P2,20.0,0.048000,9.154303
P2,20.0,0.050000,9.172029
P2,20.0,0.052000,9.189060
P2,20.0,0.054000,9.205449
P2,20.0,0.056000,9.221241
P2,20.0,0.058000,9.236480
P2,20.0,0.060000,9.251202
P2,20.0,0.062000,9.265441
P2,20.0,0.064000,9.279228
P2,20.0,0.066000,9.292591
P2,20.0,0.068000,9.305555
P2,20.0,0.070000,9.318143
P2,20.0,0.072000,9.330377
P2,20.0,0.074000,9.342275
P2,20.0,0.076000,9.353856
P2,20.0,0.078000,9.365137
P2,20.0,0.080000,9.376131
P2,20.0,0.082000,9.386855
P2,20.0,0.084000,9.397320
P2,20.0,0.086000,9.407538
P2,20.0,0.088000,9.417522
P2,20.0,0.090000,9.427282
P2,20.0,0.092000,9.436826
P2,20.0,0.094000,9.446166
P2,20.0,0.096000,9.455309
P2,20.0,0.098000,9.464264
P2,20.0,0.100000,9.473037
P2,20.0,0.102000,9.481637
P2,20.0,0.104000,9.490070
P2,20.0,0.106000,9.498342
P2,20.0,0.108000,9.506460
P2,20.0,0.110000,9.514429
P2,20.0,0.112000,9.522254
P2,20.0,0.114000,9.529940
P2,20.0,0.116000,9.537493
P2,20.0,0.118000,9.544917
P2,20.0,0.120000,9.552216
P2,20.0,0.122000,9.559395
P2,20.0,0.124000,9.566456
P2,20.0,0.126000,9.573405
P2,20.0,0.128000,9.580244
P2,20.0,0.130000,9.586978
P2,20.0,0.132000,9.593608
P2,20.0,0.134000,9.600139
P2,20.0,0.136000,9.606573
P2,20.0,0.138000,9.612913
P2,20.0,0.140000,9.619162
P2,20.0,0.142000,9.625322
P2,20.0,0.144000,9.631396
P2,20.0,0.146000,9.637386
P2,20.0,0.148000,9.643295
P2,20.0,0.150000,9.649125
P2,20.0,0.152000,9.654877
P2,20.0,0.154000,9.660554
P2,20.0,0.156000,9.666158
P2,20.0,0.158000,9.671690
P2,20.0,0.160000,9.677153
P2,20.0,0.162000,9.682548
P2,20.0,0.164000,9.687877
P2,20.0,0.166000,9.693141
P2,20.0,0.168000,9.698342
P2,20.0,0.170000,9.703481
P2,20.0,0.172000,9.708561
P2,20.0,0.174000,9.713582
P2,20.0,0.176000,9.718545
P2,20.0,0.178000,9.723452
P2,20.0,0.180000,9.728305
P2,20.0,0.182000,9.733104
P2,20.0,0.184000,9.737850
P2,20.0,0.186000,9.742545
P2,20.0,0.188000,9.747190
P2,20.0,0.190000,9.751786
P2,20.0,0.192000,9.756333
P2,20.0,0.194000,9.760834
P2,20.0,0.196000,9.765288
P2,20.0,0.198000,9.769697
P2,20.0,0.200000,9.774062
P2,20.0,0.250000,9.870971
P2,20.0,0.300000,9.950152
P2,20.0,0.350000,10.017099
P2,20.0,0.400000,10.075090
P2,20.0,0.450000,10.126243
P2,20.0,0.500000,10.172000
P2,20.0,0.550000,10.213393
P2,20.0,0.600000,10.251181
P2,20.0,0.650000,10.285944
P2,20.0,0.700000,10.318128
P2,20.0,0.750000,10.348091
P2,20.0,0.800000,10.376120
P2,20.0,0.850000,10.402449
P2,20.0,0.900000,10.427273
P2,20.0,0.950000,10.450754
P2,20.0,1.000000,10.473030
P2,20.0,1.050000,10.494219
P2,20.0,1.100000,10.514423
P2,20.0,1.150000,10.533728
P2,20.0,1.200000,10.552211
P2,20.0,1.250000,10.569940
P2,20.0,1.300000,10.586973
P2,20.0,1.350000,10.603364
P2,20.0,1.400000,10.619158
P2,20.0,1.450000,10.634398
P2,20.0,1.500000,10.649121
P2,20.0,1.550000,10.663362
P2,20.0,1.600000,10.677150
P2,20.0,1.650000,10.690514
P2,20.0,1.700000,10.703479
P2,20.0,1.750000,10.716068
P2,20.0,1.800000,10.728303
P2,20.0,1.850000,10.740202
P2,20.0,1.900000,10.751784
P2,20.0,1.950000,10.763065
P2,20.0,2.000000,10.774060
P2,20.0,3.000000,10.950151
P2,20.0,4.000000,11.075090
P2,20.0,5.000000,11.172000
P2,20.0,6.000000,11.251181
P2,20.0,7.000000,11.318128
P2,20.0,8.000000,11.376120
P2,20.0,9.000000,11.427273
P2,20.0,10.000000,11.473030
P2,20.0,11.000000,11.514423
P2,20.0,12.000000,11.552211
P2,20.0,13.000000,11.586973
P2,20.0,14.000000,11.619158
P2,20.0,15.000000,11.649121
P2,20.0,16.000000,11.677150
P2,20.0,17.000000,11.703479
P2,20.0,18.000000,11.728303
P2,20.0,19.000000,11.751784
P2,20.0,20.000000,11.774060
P2,20.0,21.000000,11.795249
P2,20.0,22.000000,11.815453
P2,20.0,23.000000,11.834758
P2,20.0,24.000000,11.853241
P2,20.0,25.000000,11.870970
P2,20.0,26.000000,11.888003
P2,20.0,27.000000,11.904394
P2,20.0,28.000000,11.920188
P2,20.0,29.000000,11.935428
P2,20.0,30.000000,11.950151
P2,20.0,31.000000,11.964392
P2,20.0,32.000000,11.978180
P2,20.0,33.000000,11.991544
P2,20.0,34.000000,12.004509
P2,20.0,35.000000,12.017098
P2,20.0,36.000000,12.029332
P2,20.0,37.000000,12.041232
P2,20.0,38.000000,12.052814
P2,20.0,39.000000,12.064095
P2,20.0,40.000000,12.075090
P2,20.0,41.000000,12.085814
P2,20.0,42.000000,12.096279
P2,20.0,43.000000,12.106498
P2,20.0,44.000000,12.116483
P2,20.0,45.000000,12.126243
P2,20.0,46.000000,12.135788
P2,20.0,47.000000,12.145128
P2,20.0,48.000000,12.154271
P2,20.0,49.000000,12.163226
P2,20.0,50.000000,12.172000
P2,20.0,51.000000,12.180600
P2,20.0,52.000000,12.189033
P2,20.0,53.000000,12.197306
P2,20.0,54.000000,12.205424
P2,20.0,55.000000,12.213393
P2,20.0,56.000000,12.221218
P2,20.0,57.000000,12.228905
P2,20.0,58.000000,12.236458
P2,20.0,59.000000,12.243882
P2,20.0,60.000000,12.251181
P1,25.0,-60.000000,1.920819
P1,25.0,-59.000000,1.928118
P1,25.0,-58.000000,1.935542
P1,25.0,-57.000000,1.943095
P1,25.0,-56.000000,1.950782
P1,25.0,-55.000000,1.958607
P1,25.0,-54.000000,1.966576
P1,25.0,-53.000000,1.974694
P1,25.0,-52.000000,1.982967
P1,25.0,-51.000000,1.991400
P1,25.0,-50.000000,2.000000
P1,25.0,-49.000000,2.008774
P1,25.0,-48.000000,2.017729
P1,25.0,-47.000000,2.026872
P1,25.0,-46.000000,2.036212
P1,25.0,-45.000000,2.045757
P1,25.0,-44.000000,2.055517
P1,25.0,-43.000000,2.065502
P1,25.0,-42.000000,2.075721
P1,25.0,-41.000000,2.086186
P1,25.0,-40.000000,2.096910
P1,25.0,-39.000000,2.107905
P1,25.0,-38.000000,2.119186
P1,25.0,-37.000000,2.130768
P1,25.0,-36.000000,2.142668
P1,25.0,-35.000000,2.154902
P1,25.0,-34.000000,2.167491
P1,25.0,-33.000000,2.180456
P1,25.0,-32.000000,2.193820
P1,25.0,-31.000000,2.207608
P1,25.0,-30.000000,2.221849
P1,25.0,-29.000000,2.236572
P1,25.0,-28.000000,2.251812
P1,25.0,-27.000000,2.267606
P1,25.0,-26.000000,2.283997
P1,25.0,-25.000000,2.301030
P1,25.0,-24.000000,2.318759
P1,25.0,-23.000000,2.337242
P1,25.0,-22.000000,2.356547
P1,25.0,-21.000000,2.376751
P1,25.0,-20.000000,2.397940
P1,25.0,-19.000000,2.420216
P1,25.0,-18.000000,2.443697
P1,25.0,-17.000000,2.468521
P1,25.0,-16.000000,2.494850
P1,25.0,-15.000000,2.522879
P1,25.0,-14.000000,2.552842
P1,25.0,-13.000000,2.585027
P1,25.0,-12.000000,2.619789
P1,25.0,-11.000000,2.657577
P1,25.0,-10.000000,2.698970
P1,25.0,-9.000000,2.744727
P1,25.0,-8.000000,2.795880
P1,25.0,-7.000000,2.853872
P1,25.0,-6.000000,2.920819
P1,25.0,-5.000000,3.000000
P1,25.0,-4.000000,3.096910
P1,25.0,-3.000000,3.221849
P1,25.0,-2.000000,3.397940
P1,25.0,-1.950000,3.408935
P1,25.0,-1.900000,3.420216
P1,25.0,-1.850000,3.431798
P1,25.0,-1.800000,3.443697
P1,25.0,-1.750000,3.455932
P1,25.0,-1.700000,3.468521
P1,25.0,-1.650000,3.481486
P1,25.0,-1.600000,3.494850
P1,25.0,-1.550000,3.508638
P1,25.0,-1.500000,3.522879
P1,25.0,-1.450000,3.537602
P1,25.0,-1.400000,3.552842
P1,25.0,-1.350000,3.568636
P1,25.0,-1.300000,3.585027
P1,25.0,-1.250000,3.602060
P1,25.0,-1.200000,3.619789
P1,25.0,-1.150000,3.638272
P1,25.0,-1.100000,3.657577
P1,25.0,-1.050000,3.677781
P1,25.0,-1.000000,3.698970
P1,25.0,-0.950000,3.721246
P1,25.0,-0.900000,3.744727
P1,25.0,-0.850000,3.769551
P1,25.0,-0.800000,3.795880
P1,25.0,-0.750000,3.823909
P1,25.0,-0.700000,3.853872
P1,25.0,-0.650000,3.886056
P1,25.0,-0.600000,3.920818
P1,25.0,-0.550000,3.958607
P1,25.0,-0.500000,4.000000
P1,25.0,-0.450000,4.045757
P1,25.0,-0.400000,4.096909
P1,25.0,-0.350000,4.154901
P1,25.0,-0.300000,4.221848
P1,25.0,-0.250000,4.301028
P1,25.0,-0.200000,4.397937
P1,25.0,-0.198000,4.402302
P1,25.0,-0.196000,4.406711
P1,25.0,-0.194000,4.411165
P1,25.0,-0.192000,4.415666
P1,25.0,-0.190000,4.420213
P1,25.0,-0.188000,4.424809
P1,25.0,-0.186000,4.429454
P1,25.0,-0.184000,4.434149
P1,25.0,-0.182000,4.438895
P1,25.0,-0.180000,4.443694
P1,25.0,-0.178000,4.448547
P1,25.0,-0.176000,4.453454
P1,25.0,-0.174000,4.458417
P1,25.0,-0.172000,4.463438
P1,25.0,-0.170000,4.468517
P1,25.0,-0.168000,4.473657
P1,25.0,-0.166000,4.478858
P1,25.0,-0.164000,4.484122
P1,25.0,-0.162000,4.489451
P1,25.0,-0.160000,4.494846
P1,25.0,-0.158000,4.500309
P1,25.0,-0.156000,4.505841
P1,25.0,-0.154000,4.511445
P1,25.0,-0.152000,4.517122
P1,25.0,-0.150000,4.522874
P1,25.0,-0.148000,4.528703
P1,25.0,-0.146000,4.534612
P1,25.0,-0.144000,4.540602
P1,25.0,-0.142000,4.546676
P1,25.0,-0.140000,4.552836
P1,25.0,-0.138000,4.559085
P1,25.0,-0.136000,4.565425
P1,25.0,-0.134000,4.571859
P1,25.0,-0.132000,4.578390
P1,25.0,-0.130000,4.585020
P1,25.0,-0.128000,4.591753
P1,25.0,-0.126000,4.598593
P1,25.0,-0.124000,4.605541
P1,25.0,-0.122000,4.612603
P1,25.0,-0.120000,4.619781
P1,25.0,-0.118000,4.627080
P1,25.0,-0.116000,4.634504
P1,25.0,-0.114000,4.642057
P1,25.0,-0.112000,4.649743
P1,25.0,-0.110000,4.657568
P1,25.0,-0.108000,4.665537
P1,25.0,-0.106000,4.673654
P1,25.0,-0.104000,4.681927
P1,25.0,-0.102000,4.690359
P1,25.0,-0.100000,4.698959
P1,25.0,-0.098000,4.707733
P1,25.0,-0.096000,4.716687
P1,25.0,-0.094000,4.725830
P1,25.0,-0.092000,4.735169
P1,25.0,-0.090000,4.744714
P1,25.0,-0.088000,4.754473
P1,25.0,-0.086000,4.764457
P1,25.0,-0.084000,4.774675
P1,25.0,-0.082000,4.785140
P1,25.0,-0.080000,4.795863
P1,25.0,-0.078000,4.806858
P1,25.0,-0.076000,4.818138
P1,25.0,-0.074000,4.829718
P1,25.0,-0.072000,4.841617
P1,25.0,-0.070000,4.853850
P1,25.0,-0.068000,4.866438
P1,25.0,-0.066000,4.879401
P1,25.0,-0.064000,4.892764
P1,25.0,-0.062000,4.906550
P1,25.0,-0.060000,4.920789
P1,25.0,-0.058000,4.935510
P1,25.0,-0.056000,4.950747
P1,25.0,-0.054000,4.966539
P1,25.0,-0.052000,4.982927
P1,25.0,-0.050000,4.999957
P1,25.0,-0.048000,5.017682
P1,25.0,-0.046000,5.036161
P1,25.0,-0.044000,5.055461
P1,25.0,-0.042000,5.075659
P1,25.0,-0.040000,5.096842
P1,25.0,-0.038000,5.119111
P1,25.0,-0.036000,5.142584
P1,25.0,-0.034000,5.167397
P1,25.0,-0.032000,5.193714
P1,25.0,-0.030000,5.221728
P1,25.0,-0.028000,5.251674
P1,25.0,-0.026000,5.283836
P1,25.0,-0.024000,5.318570
P1,25.0,-0.022000,5.356323
P1,25.0,-0.020000,5.397669
P1,25.0,-0.018000,5.443363
P1,25.0,-0.016000,5.494427
P1,25.0,-0.014000,5.552289
P1,25.0,-0.012000,5.619037
P1,25.0,-0.010000,5.697888
P1,25.0,-0.008000,5.794193
P1,25.0,-0.006000,5.917834
P1,25.0,-0.004000,6.090278
P1,25.0,-0.002000,6.373037
P2,25.0,-0.000000,7.000000
P2,25.0,0.002000,7.626963
P2,25.0,0.004000,7.909722
P2,25.0,0.006000,8.082166
P2,25.0,0.008000,8.205807
P2,25.0,0.010000,8.302112
P2,25.0,0.012000,8.380963
P2,25.0,0.014000,8.447711
P2,25.0,0.016000,8.505573
P2,25.0,0.018000,8.556637
P2,25.0,0.020000,8.602331
P2,25.0,0.022000,8.643677
P2,25.0,0.024000,8.681430
P2,25.0,0.026000,8.716164
P2,25.0,0.028000,8.748326
P2,25.0,0.030000,8.778272
P2,25.0,0.032000,8.806286
P2,25.0,0.034000,8.832603
P2,25.0,0.036000,8.857416
P2,25.0,0.038000,8.880889
P2,25.0,0.040000,8.903158
P2,25.0,0.042000,8.924341
P2,25.0,0.044000,8.944539
P2,25.0,0.046000,8.963839
P2,25.0,0.048000,8.982318
P2,25.0,0.050000,9.000043
P2,25.0,0.052000,9.017073
P2,25.0,0.054000,9.033461
P2,25.0,0.056000,9.049253
P2,25.0,0.058000,9.064490
P2,25.0,0.060000,9.079211
P2,25.0,0.062000,9.093450
P2,25.0,0.064000,9.107236
P2,25.0,0.066000,9.120599
P2,25.0,0.068000,9.133562
P2,25.0,0.070000,9.146150
P2,25.0,0.072000,9.158383
P2,25.0,0.074000,9.170282
P2,25.0,0.076000,9.181862
P2,25.0,0.078000,9.193142
P2,25.0,0.080000,9.204137
P2,25.0,0.082000,9.214860
P2,25.0,0.084000,9.225325
P2,25.0,0.086000,9.235543
P2,25.0,0.088000,9.245527
P2,25.0,0.090000,9.255286
P2,25.0,0.092000,9.264831
P2,25.0,0.094000,9.274170
P2,25.0,0.096000,9.283313
P2,25.0,0.098000,9.292267
P2,25.0,0.100000,9.301041
P2,25.0,0.102000,9.309641
P2,25.0,0.104000,9.318073
P2,25.0,0.106000,9.326346
P2,25.0,0.108000,9.334463
P2,25.0,0.110000,9.342432
P2,25.0,0.112000,9.350257
P2,25.0,0.114000,9.357943
P2,25.0,0.116000,9.365496
P2,25.0,0.118000,9.372920
P2,25.0,0.120000,9.380219
P2,25.0,0.122000,9.387397
P2,25.0,0.124000,9.394459
P2,25.0,0.126000,9.401407
P2,25.0,0.128000,9.408247
P2,25.0,0.130000,9.414980
P2,25.0,0.132000,9.421610
P2,25.0,0.134000,9.428141
P2,25.0,0.136000,9.434575
P2,25.0,0.138000,9.440915
P2,25.0,0.140000,9.447164
P2,25.0,0.142000,9.453324
P2,25.0,0.144000,9.459398
P2,25.0,0.146000,9.465388
P2,25.0,0.148000,9.471297
P2,25.0,0.150000,9.477126
P2,25.0,0.152000,9.482878
P2,25.0,0.154000,9.488555
P2,25.0,0.156000,9.494159
P2,25.0,0.158000,9.499691
P2,25.0,0.160000,9.505154
P2,25.0,0.162000,9.510549
P2,25.0,0.164000,9.515878
P2,25.0,0.166000,9.521142
P2,25.0,0.168000,9.526343
P2,25.0,0.170000,9.531483
P2,25.0,0.172000,9.536562
P2,25.0,0.174000,9.541583
P2,25.0,0.176000,9.546546
P2,25.0,0.178000,9.551453
P2,25.0,0.180000,9.556306
P2,25.0,0.182000,9.561105
P2,25.0,0.184000,9.565851
P2,25.0,0.186000,9.570546
P2,25.0,0.188000,9.575191
P2,25.0,0.190000,9.579787
P2,25.0,0.192000,9.584334
P2,25.0,0.194000,9.588835
P2,25.0,0.196000,9.593289
P2,25.0,0.198000,9.597698
P2,25.0,0.200000,9.602063
P2,25.0,0.250000,9.698972
P2,25.0,0.300000,9.778152
P2,25.0,0.350000,9.845099
P2,25.0,0.400000,9.903091
P2,25.0,0.450000,9.954243
P2,25.0,0.500000,10.000000
P2,25.0,0.550000,10.041393
P2,25.0,0.600000,10.079182
P2,25.0,0.650000,10.113944
P2,25.0,0.700000,10.146128
P2,25.0,0.750000,10.176091
P2,25.0,0.800000,10.204120
P2,25.0,0.850000,10.230449
P2,25.0,0.900000,10.255273
P2,25.0,0.950000,10.278754
P2,25.0,1.000000,10.301030
P2,25.0,1.050000,10.322219
P2,25.0,1.100000,10.342423
P2,25.0,1.150000,10.361728
P2,25.0,1.200000,10.380211
P2,25.0,1.250000,10.397940
P2,25.0,1.300000,10.414973
P2,25.0,1.350000,10.431364
P2,25.0,1.400000,10.447158
P2,25.0,1.450000,10.462398
P2,25.0,1.500000,10.477121
P2,25.0,1.550000,10.491362
P2,25.0,1.600000,10.505150
P2,25.0,1.650000,10.518514
P2,25.0,1.700000,10.531479
P2,25.0,1.750000,10.544068
P2,25.0,1.800000,10.556303
P2,25.0,1.850000,10.568202
P2,25.0,1.900000,10.579784
P2,25.0,1.950000,10.591065
P2,25.0,2.000000,10.602060
P2,25.0,3.000000,10.778151
P2,25.0,4.000000,10.903090
P2,25.0,5.000000,11.000000
P2,25.0,6.000000,11.079181
P2,25.0,7.000000,11.146128
P2,25.0,8.000000,11.204120
P2,25.0,9.000000,11.255273
P2,25.0,10.000000,11.301030
P2,25.0,11.000000,11.342423
P2,25.0,12.000000,11.380211
P2,25.0,13.000000,11.414973
P2,25.0,14.000000,11.447158
P2,25.0,15.000000,11.477121
P2,25.0,16.000000,11.505150
P2,25.0,17.000000,11.531479
P2,25.0,18.000000,11.556303
P2,25.0,19.000000,11.579784
P2,25.0,20.000000,11.602060
P2,25.0,21.000000,11.623249
P2,25.0,22.000000,11.643453
P2,25.0,23.000000,11.662758
P2,25.0,24.000000,11.681241
P2,25.0,25.000000,11.698970
P2,25.0,26.000000,11.716003
P2,25.0,27.000000,11.732394
P2,25.0,28.000000,11.748188
P2,25.0,29.000000,11.763428
P2,25.0,30.000000,11.778151
P2,25.0,31.000000,11.792392
P2,25.0,32.000000,11.806180
P2,25.0,33.000000,11.819544
P2,25.0,34.000000,11.832509
P2,25.0,35.000000,11.845098
P2,25.0,36.000000,11.857332
P2,25.0,37.000000,11.869232
P2,25.0,38.000000,11.880814
P2,25.0,39.000000,11.892095
P2,25.0,40.000000,11.903090
P2,25.0,41.000000,11.913814
P2,25.0,42.000000,11.924279
P2,25.0,43.000000,11.934498
P2,25.0,44.000000,11.944483
P2,25.0,45.000000,11.954243
P2,25.0,46.000000,11.963788
P2,25.0,47.000000,11.973128
P2,25.0,48.000000,11.982271
P2,25.0,49.000000,11.991226
P2,25.0,50.000000,12.000000
P2,25.0,51.000000,12.008600
P2,25.0,52.000000,12.017033
P2,25.0,53.000000,12.025306
P2,25.0,54.000000,12.033424
P2,25.0,55.000000,12.041393
P2,25.0,56.000000,12.049218
P2,25.0,57.000000,12.056905
P2,25.0,58.000000,12.064458
P2,25.0,59.000000,12.071882
P2,25.0,60.000000,12.079181
P1,30.0,-60.000000,1.920819
P1,30.0,-59.000000,1.928118
P1,30.0,-58.000000,1.935542
P1,30.0,-57.000000,1.943095
P1,30.0,-56.000000,1.950782
P1,30.0,-55.000000,1.958607
P1,30.0,-54.000000,1.966576
P1,30.0,-53.000000,1.974694
P1,30.0,-52.000000,1.982967
P1,30.0,-51.000000,1.991400
P1,30.0,-50.000000,2.000000
P1,30.0,-49.000000,2.008774
P1,30.0,-48.000000,2.017729
P1,30.0,-47.000000,2.026872
P1,30.0,-46.000000,2.036212
P1,30.0,-45.000000,2.045757
P1,30.0,-44.000000,2.055517
P1,30.0,-43.000000,2.065502
P1,30.0,-42.000000,2.075721
P1,30.0,-41.000000,2.086186
P1,30.0,-40.000000,2.096910
P1,30.0,-39.000000,2.107905
P1,30.0,-38.000000,2.119186
P1,30.0,-37.000000,2.130768
P1,30.0,-36.000000,2.142668
P1,30.0,-35.000000,2.154902
P1,30.0,-34.000000,2.167491
P1,30.0,-33.000000,2.180456
P1,30.0,-32.000000,2.193820
P1,30.0,-31.000000,2.207608
P1,30.0,-30.000000,2.221849
P1,30.0,-29.000000,2.236572
P1,30.0,-28.000000,2.251812
P1,30.0,-27.000000,2.267606
P1,30.0,-26.000000,2.283997
P1,30.0,-25.000000,2.301030
P1,30.0,-24.000000,2.318759
P1,30.0,-23.000000,2.337242
P1,30.0,-22.000000,2.356547
P1,30.0,-21.000000,2.376751
P1,30.0,-20.000000,2.397940
P1,30.0,-19.000000,2.420216
P1,30.0,-18.000000,2.443697
P1,30.0,-17.000000,2.468521
P1,30.0,-16.000000,2.494850
P1,30.0,-15.000000,2.522879
P1,30.0,-14.000000,2.552842
P1,30.0,-13.000000,2.585027
P1,30.0,-12.000000,2.619789
P1,30.0,-11.000000,2.657577
P1,30.0,-10.000000,2.698970
P1,30.0,-9.000000,2.744727
P1,30.0,-8.000000,2.795880
P1,30.0,-7.000000,2.853872
P1,30.0,-6.000000,2.920819
P1,30.0,-5.000000,3.000000
P1,30.0,-4.000000,3.096910
P1,30.0,-3.000000,3.221849
P1,30.0,-2.000000,3.397940
P1,30.0,-1.950000,3.408935
P1,30.0,-1.900000,3.420216
P1,30.0,-1.850000,3.431798
P1,30.0,-1.800000,3.443697
P1,30.0,-1.750000,3.455932
P1,30.0,-1.700000,3.468521
P1,30.0,-1.650000,3.481486
P1,30.0,-1.600000,3.494850
P1,30.0,-1.550000,3.508638
P1,30.0,-1.500000,3.522879
P1,30.0,-1.450000,3.537602
P1,30.0,-1.400000,3.552842
P1,30.0,-1.350000,3.568636
P1,30.0,-1.300000,3.585027
P1,30.0,-1.250000,3.602060
P1,30.0,-1.200000,3.619789
P1,30.0,-1.150000,3.638272
P1,30.0,-1.100000,3.657577
P1,30.0,-1.050000,3.677781
P1,30.0,-1.000000,3.698970
P1,30.0,-0.950000,3.721246
P1,30.0,-0.900000,3.744727
P1,30.0,-0.850000,3.769551
P1,30.0,-0.800000,3.795880
P1,30.0,-0.750000,3.823908
P1,30.0,-0.700000,3.853872
P1,30.0,-0.650000,3.886056
P1,30.0,-0.600000,3.920818
P1,30.0,-0.550000,3.958607
P1,30.0,-0.500000,3.999999
P1,30.0,-0.450000,4.045757
P1,30.0,-0.400000,4.096909
P1,30.0,-0.350000,4.154901
P1,30.0,-0.300000,4.221847
P1,30.0,-0.250000,4.301027
P1,30.0,-0.200000,4.397936
P1,30.0,-0.198000,4.402301
P1,30.0,-0.196000,4.406710
P1,30.0,-0.194000,4.411164
P1,30.0,-0.192000,4.415664
P1,30.0,-0.190000,4.420212
P1,30.0,-0.188000,4.424808
P1,30.0,-0.186000,4.429452
P1,30.0,-0.184000,4.434148
P1,30.0,-0.182000,4.438894
P1,30.0,-0.180000,4.443693
P1,30.0,-0.178000,4.448545
P1,30.0,-0.176000,4.453452
P1,30.0,-0.174000,4.458416
P1,30.0,-0.172000,4.463436
P1,30.0,-0.170000,4.468516
P1,30.0,-0.168000,4.473655
P1,30.0,-0.166000,4.478856
P1,30.0,-0.164000,4.484120
P1,30.0,-0.162000,4.489449
P1,30.0,-0.160000,4.494844
P1,30.0,-0.158000,4.500307
P1,30.0,-0.156000,4.505839
P1,30.0,-0.154000,4.511443
P1,30.0,-0.152000,4.517120
P1,30.0,-0.150000,4.522872
P1,30.0,-0.148000,4.528701
P1,30.0,-0.146000,4.534610
P1,30.0,-0.144000,4.540600
P1,30.0,-0.142000,4.546674
P1,30.0,-0.140000,4.552834
P1,30.0,-0.138000,4.559083
P1,30.0,-0.136000,4.565423
P1,30.0,-0.134000,4.571856
P1,30.0,-0.132000,4.578387
P1,30.0,-0.130000,4.585017
P1,30.0,-0.128000,4.591750
P1,30.0,-0.126000,4.598589
P1,30.0,-0.124000,4.605538
P1,30.0,-0.122000,4.612600
P1,30.0,-0.120000,4.619778
P1,30.0,-0.118000,4.627077
P1,30.0,-0.116000,4.634500
P1,30.0,-0.114000,4.642053
P1,30.0,-0.112000,4.649739
P1,30.0,-0.110000,4.657564
P1,30.0,-0.108000,4.665533
P1,30.0,-0.106000,4.673650
P1,30.0,-0.104000,4.681922
P1,30.0,-0.102000,4.690355
P1,30.0,-0.100000,4.698954
P1,30.0,-0.098000,4.707727
P1,30.0,-0.096000,4.716682
P1,30.0,-0.094000,4.725824
P1,30.0,-0.092000,4.735163
P1,30.0,-0.090000,4.744708
P1,30.0,-0.088000,4.754467
P1,30.0,-0.086000,4.764450
P1,30.0,-0.084000,4.774668
P1,30.0,-0.082000,4.785133
P1,30.0,-0.080000,4.795855
P1,30.0,-0.078000,4.806849
P1,30.0,-0.076000,4.818129
P1,30.0,-0.074000,4.829709
P1,30.0,-0.072000,4.841607
P1,30.0,-0.070000,4.853840
P1,30.0,-0.068000,4.866427
P1,30.0,-0.066000,4.879390
P1,30.0,-0.064000,4.892751
P1,30.0,-0.062000,4.906537
P1,30.0,-0.060000,4.920775
P1,30.0,-0.058000,4.935495
P1,30.0,-0.056000,4.950731
P1,30.0,-0.054000,4.966522
P1,30.0,-0.052000,4.982908
P1,30.0,-0.050000,4.999937
P1,30.0,-0.048000,5.017660
P1,30.0,-0.046000,5.036137
P1,30.0,-0.044000,5.055436
P1,30.0,-0.042000,5.075631
P1,30.0,-0.040000,5.096811
P1,30.0,-0.038000,5.119077
P1,30.0,-0.036000,5.142545
P1,30.0,-0.034000,5.167354
P1,30.0,-0.032000,5.193665
P1,30.0,-0.030000,5.221673
P1,30.0,-0.028000,5.251610
P1,30.0,-0.026000,5.283763
P1,30.0,-0.024000,5.318484
P1,30.0,-0.022000,5.356220
P1,30.0,-0.020000,5.397545
P1,30.0,-0.018000,5.443209
P1,30.0,-0.016000,5.494233
P1,30.0,-0.014000,5.552036
P1,30.0,-0.012000,5.618693
P1,30.0,-0.010000,5.697395
P1,30.0,-0.008000,5.793426
P1,30.0,-0.006000,5.916484
P1,30.0,-0.004000,6.087333
P1,30.0,-0.002000,6.362870
P2,30.0,-0.000000,6.918000
P2,30.0,0.002000,7.473130
P2,30.0,0.004000,7.748667
P2,30.0,0.006000,7.919516
P2,30.0,0.008000,8.042574
P2,30.0,0.010000,8.138605
P2,30.0,0.012000,8.217307
P2,30.0,0.014000,8.283964
P2,30.0,0.016000,8.341767
P2,30.0,0.018000,8.392791
P2,30.0,0.020000,8.438455
P2,30.0,0.022000,8.479780
P2,30.0,0.024000,8.517516
P2,30.0,0.026000,8.552237
P2,30.0,0.028000,8.584390
P2,30.0,0.030000,8.614327
P2,30.0,0.032000,8.642335
P2,30.0,0.034000,8.668646
P2,30.0,0.036000,8.693455
P2,30.0,0.038000,8.716923
P2,30.0,0.040000,8.739189
P2,30.0,0.042000,8.760369
P2,30.0,0.044000,8.780564
P2,30.0,0.046000,8.799863
P2,30.0,0.048000,8.818340
P2,30.0,0.050000,8.836063
P2,30.0,0.052000,8.853092
P2,30.0,0.054000,8.869478
P2,30.0,0.056000,8.885269
P2,30.0,0.058000,8.900505
P2,30.0,0.060000,8.915225
P2,30.0,0.062000,8.929463
P2,30.0,0.064000,8.943249
P2,30.0,0.066000,8.956610
P2,30.0,0.068000,8.969573
P2,30.0,0.070000,8.982160
P2,30.0,0.072000,8.994393
P2,30.0,0.074000,9.006291
P2,30.0,0.076000,9.017871
P2,30.0,0.078000,9.029151
P2,30.0,0.080000,9.040145
P2,30.0,0.082000,9.050867
P2,30.0,0.084000,9.061332
P2,30.0,0.086000,9.071550
P2,30.0,0.088000,9.081533
P2,30.0,0.090000,9.091292
P2,30.0,0.092000,9.100837
P2,30.0,0.094000,9.110176
P2,30.0,0.096000,9.119318
P2,30.0,0.098000,9.128273
P2,30.0,0.100000,9.137046
P2,30.0,0.102000,9.145645
P2,30.0,0.104000,9.154078
P2,30.0,0.106000,9.162350
P2,30.0,0.108000,9.170467
P2,30.0,0.110000,9.178436
P2,30.0,0.112000,9.186261
P2,30.0,0.114000,9.193947
P2,30.0,0.116000,9.201500
P2,30.0,0.118000,9.208923
P2,30.0,0.120000,9.216222
P2,30.0,0.122000,9.223400
P2,30.0,0.124000,9.230462
P2,30.0,0.126000,9.237411
P2,30.0,0.128000,9.244250
P2,30.0,0.130000,9.250983
P2,30.0,0.132000,9.257613
P2,30.0,0.134000,9.264144
P2,30.0,0.136000,9.270577
P2,30.0,0.138000,9.276917
P2,30.0,0.140000,9.283166
P2,30.0,0.142000,9.289326
P2,30.0,0.144000,9.295400
P2,30.0,0.146000,9.301390
P2,30.0,0.148000,9.307299
P2,30.0,0.150000,9.313128
P2,30.0,0.152000,9.318880
P2,30.0,0.154000,9.324557
P2,30.0,0.156000,9.330161
P2,30.0,0.158000,9.335693
P2,30.0,0.160000,9.341156
P2,30.0,0.162000,9.346551
P2,30.0,0.164000,9.351880
P2,30.0,0.166000,9.357144
P2,30.0,0.168000,9.362345
P2,30.0,0.170000,9.367484
P2,30.0,0.172000,9.372564
P2,30.0,0.174000,9.377584
P2,30.0,0.176000,9.382548
P2,30.0,0.178000,9.387455
P2,30.0,0.180000,9.392307
P2,30.0,0.182000,9.397106
P2,30.0,0.184000,9.401852
P2,30.0,0.186000,9.406548
P2,30.0,0.188000,9.411192
P2,30.0,0.190000,9.415788
P2,30.0,0.192000,9.420336
P2,30.0,0.194000,9.424836
P2,30.0,0.196000,9.429290
P2,30.0,0.198000,9.433699
P2,30.0,0.200000,9.438064
P2,30.0,0.250000,9.534973
P2,30.0,0.300000,9.614153
P2,30.0,0.350000,9.681099
P2,30.0,0.400000,9.739091
P2,30.0,0.450000,9.790243
P2,30.0,0.500000,9.836001
P2,30.0,0.550000,9.877393
P2,30.0,0.600000,9.915182
P2,30.0,0.650000,9.949944
P2,30.0,0.700000,9.982128
P2,30.0,0.750000,10.012092
P2,30.0,0.800000,10.040120
P2,30.0,0.850000,10.066449
P2,30.0,0.900000,10.091273
P2,30.0,0.950000,10.114754
P2,30.0,1.000000,10.137030
P2,30.0,1.050000,10.158219
P2,30.0,1.100000,10.178423
P2,30.0,1.150000,10.197728
P2,30.0,1.200000,10.216211
P2,30.0,1.250000,10.233940
P2,30.0,1.300000,10.250973
P2,30.0,1.350000,10.267364
P2,30.0,1.400000,10.283158
P2,30.0,1.450000,10.298398
P2,30.0,1.500000,10.313121
P2,30.0,1.550000,10.327362
P2,30.0,1.600000,10.341150
P2,30.0,1.650000,10.354514
P2,30.0,1.700000,10.367479
P2,30.0,1.750000,10.380068
P2,30.0,1.800000,10.392303
P2,30.0,1.850000,10.404202
P2,30.0,1.900000,10.415784
P2,30.0,1.950000,10.427065
P2,30.0,2.000000,10.438060
P2,30.0,3.000000,10.614151
P2,30.0,4.000000,10.739090
P2,30.0,5.000000,10.836000
P2,30.0,6.000000,10.915181
P2,30.0,7.000000,10.982128
P2,30.0,8.000000,11.040120
P2,30.0,9.000000,11.091273
P2,30.0,10.000000,11.137030
P2,30.0,11.000000,11.178423
P2,30.0,12.000000,11.216211
P2,30.0,13.000000,11.250973
P2,30.0,14.000000,11.283158
P2,30.0,15.000000,11.313121
P2,30.0,16.000000,11.341150
P2,30.0,17.000000,11.367479
P2,30.0,18.000000,11.392303
P2,30.0,19.000000,11.415784
P2,30.0,20.000000,11.438060
P2,30.0,21.000000,11.459249
P2,30.0,22.000000,11.479453
P2,30.0,23.000000,11.498758
P2,30.0,24.000000,11.517241
P2,30.0,25.000000,11.534970
P2,30.0,26.000000,11.552003
P2,30.0,27.000000,11.568394
P2,30.0,28.000000,11.584188
P2,30.0,29.000000,11.599428
P2,30.0,30.000000,11.614151
P2,30.0,31.000000,11.628392
P2,30.0,32.000000,11.642180
P2,30.0,33.000000,11.655544
P2,30.0,34.000000,11.668509
P2,30.0,35.000000,11.681098
P2,30.0,36.000000,11.693332
P2,30.0,37.000000,11.705232
P2,30.0,38.000000,11.716814
P2,30.0,39.000000,11.728095
P2,30.0,40.000000,11.739090
P2,30.0,41.000000,11.749814
P2,30.0,42.000000,11.760279
P2,30.0,43.000000,11.770498
P2,30.0,44.000000,11.780483
P2,30.0,45.000000,11.790243
P2,30.0,46.000000,11.799788
P2,30.0,47.000000,11.809128
P2,30.0,48.000000,11.818271
P2,30.0,49.000000,11.827226
P2,30.0,50.000000,11.836000
P2,30.0,51.000000,11.844600
P2,30.0,52.000000,11.853033
P2,30.0,53.000000,11.861306
P2,30.0,54.000000,11.869424
P2,30.0,55.000000,11.877393
P2,30.0,56.000000,11.885218
P2,30.0,57.000000,11.892905
P2,30.0,58.000000,11.900458
P2,30.0,59.000000,11.907882
P2,30.0,60.000000,11.915181
P1,35.0,-60.000000,1.920819
P1,35.0,-59.000000,1.928118
P1,35.0,-58.000000,1.935542
P1,35.0,-57.000000,1.943095
P1,35.0,-56.000000,1.950782
P1,35.0,-55.000000,1.958607
P1,35.0,-54.000000,1.966576
P1,35.0,-53.000000,1.974694
P1,35.0,-52.000000,1.982967
P1,35.0,-51.000000,1.991400
P1,35.0,-50.000000,2.000000
P1,35.0,-49.000000,2.008774
P1,35.0,-48.000000,2.017729
P1,35.0,-47.000000,2.026872
P1,35.0,-46.000000,2.036212
P1,35.0,-45.000000,2.045757
P1,35.0,-44.000000,2.055517
P1,35.0,-43.000000,2.065502
P1,35.0,-42.000000,2.075721
P1,35.0,-41.000000,2.086186
P1,35.0,-40.000000,2.096910
P1,35.0,-39.000000,2.107905
P1,35.0,-38.000000,2.119186
P1,35.0,-37.000000,2.130768
P1,35.0,-36.000000,2.142668
P1,35.0,-35.000000,2.154902
P1,35.0,-34.000000,2.167491
P1,35.0,-33.000000,2.180456
P1,35.0,-32.000000,2.193820
P1,35.0,-31.000000,2.207608
P1,35.0,-30.000000,2.221849
P1,35.0,-29.000000,2.236572
P1,35.0,-28.000000,2.251812
P1,35.0,-27.000000,2.267606
P1,35.0,-26.000000,2.283997
P1,35.0,-25.000000,2.301030
P1,35.0,-24.000000,2.318759
P1,35.0,-23.000000,2.337242
P1,35.0,-22.000000,2.356547
P1,35.0,-21.000000,2.376751
P1,35.0,-20.000000,2.397940
P1,35.0,-19.000000,2.420216
P1,35.0,-18.000000,2.443697
P1,35.0,-17.000000,2.468521
P1,35.0,-16.000000,2.494850
P1,35.0,-15.000000,2.522879
P1,35.0,-14.000000,2.552842
P1,35.0,-13.000000,2.585027
P1,35.0,-12.000000,2.619789
P1,35.0,-11.000000,2.657577
P1,35.0,-10.000000,2.698970
P1,35.0,-9.000000,2.744727
P1,35.0,-8.000000,2.795880
P1,35.0,-7.000000,2.853872
P1,35.0,-6.000000,2.920819
P1,35.0,-5.000000,3.000000
P1,35.0,-4.000000,3.096910
P1,35.0,-3.000000,3.221849
P1,35.0,-2.000000,3.397940
P1,35.0,-1.950000,3.408935
P1,35.0,-1.900000,3.420216
P1,35.0,-1.850000,3.431798
P1,35.0,-1.800000,3.443697
P1,35.0,-1.750000,3.455932
P1,35.0,-1.700000,3.468521
P1,35.0,-1.650000,3.481486
P1,35.0,-1.600000,3.494850
P1,35.0,-1.550000,3.508638
P1,35.0,-1.500000,3.522879
P1,35.0,-1.450000,3.537602
P1,35.0,-1.400000,3.552842
P1,35.0,-1.350000,3.568636
P1,35.0,-1.300000,3.585027
P1,35.0,-1.250000,3.602060
P1,35.0,-1.200000,3.619789
P1,35.0,-1.150000,3.638272
P1,35.0,-1.100000,3.657577
P1,35.0,-1.050000,3.677780
P1,35.0,-1.000000,3.698970
P1,35.0,-0.950000,3.721246
P1,35.0,-0.900000,3.744727
P1,35.0,-0.850000,3.769551
P1,35.0,-0.800000,3.795880
P1,35.0,-0.750000,3.823908
P1,35.0,-0.700000,3.853872
P1,35.0,-0.650000,3.886056
P1,35.0,-0.600000,3.920818
P1,35.0,-0.550000,3.958607
P1,35.0,-0.500000,3.999999
P1,35.0,-0.450000,4.045756
P1,35.0,-0.400000,4.096909
P1,35.0,-0.350000,4.154900
P1,35.0,-0.300000,4.221846
P1,35.0,-0.250000,4.301026
P1,35.0,-0.200000,4.397934
P1,35.0,-0.198000,4.402299
P1,35.0,-0.196000,4.406708
P1,35.0,-0.194000,4.411162
P1,35.0,-0.192000,4.415663
P1,35.0,-0.190000,4.420210
P1,35.0,-0.188000,4.424806
P1,35.0,-0.186000,4.429451
P1,35.0,-0.184000,4.434145
P1,35.0,-0.182000,4.438892
P1,35.0,-0.180000,4.443690
P1,35.0,-0.178000,4.448543
P1,35.0,-0.176000,4.453450
P1,35.0,-0.174000,4.458413
P1,35.0,-0.172000,4.463434
P1,35.0,-0.170000,4.468513
P1,35.0,-0.168000,4.473653
P1,35.0,-0.166000,4.478854
P1,35.0,-0.164000,4.484118
P1,35.0,-0.162000,4.489446
P1,35.0,-0.160000,4.494841
P1,35.0,-0.158000,4.500304
P1,35.0,-0.156000,4.505836
P1,35.0,-0.154000,4.511440
P1,35.0,-0.152000,4.517117
P1,35.0,-0.150000,4.522869
P1,35.0,-0.148000,4.528698
P1,35.0,-0.146000,4.534607
P1,35.0,-0.144000,4.540597
P1,35.0,-0.142000,4.546670
P1,35.0,-0.140000,4.552830
P1,35.0,-0.138000,4.559079
P1,35.0,-0.136000,4.565419
P1,35.0,-0.134000,4.571853
P1,35.0,-0.132000,4.578383
P1,35.0,-0.130000,4.585013
P1,35.0,-0.128000,4.591746
P1,35.0,-0.126000,4.598585
P1,35.0,-0.124000,4.605534
P1,35.0,-0.122000,4.612595
P1,35.0,-0.120000,4.619773
P1,35.0,-0.118000,4.627072
P1,35.0,-0.116000,4.634495
P1,35.0,-0.114000,4.642048
P1,35.0,-0.112000,4.649734
P1,35.0,-0.110000,4.657559
P1,35.0,-0.108000,4.665527
P1,35.0,-0.106000,4.673644
P1,35.0,-0.104000,4.681916
P1,35.0,-0.102000,4.690348
P1,35.0,-0.100000,4.698947
P1,35.0,-0.098000,4.707720
P1,35.0,-0.096000,4.716674
P1,35.0,-0.094000,4.725816
P1,35.0,-0.092000,4.735155
P1,35.0,-0.090000,4.744699
P1,35.0,-0.088000,4.754458
P1,35.0,-0.086000,4.764441
P1,35.0,-0.084000,4.774659
P1,35.0,-0.082000,4.785122
P1,35.0,-0.080000,4.795845
P1,35.0,-0.078000,4.806838
P1,35.0,-0.076000,4.818117
P1,35.0,-0.074000,4.829697
P1,35.0,-0.072000,4.841594
P1,35.0,-0.070000,4.853826
P1,35.0,-0.068000,4.866412
P1,35.0,-0.066000,4.879374
P1,35.0,-0.064000,4.892735
P1,35.0,-0.062000,4.906519
P1,35.0,-0.060000,4.920756
P1,35.0,-0.058000,4.935475
P1,35.0,-0.056000,4.950710
P1,35.0,-0.054000,4.966498
P1,35.0,-0.052000,4.982883
P1,35.0,-0.050000,4.999909
P1,35.0,-0.048000,5.017630
P1,35.0,-0.046000,5.036105
P1,35.0,-0.044000,5.055400
P1,35.0,-0.042000,5.075592
P1,35.0,-0.040000,5.096768
P1,35.0,-0.038000,5.119029
P1,35.0,-0.036000,5.142493
P1,35.0,-0.034000,5.167295
P1,35.0,-0.032000,5.193599
P1,35.0,-0.030000,5.221597
P1,35.0,-0.028000,5.251523
P1,35.0,-0.026000,5.283661
P1,35.0,-0.024000,5.318365
P1,35.0,-0.022000,5.356079
P1,35.0,-0.020000,5.397374
P1,35.0,-0.018000,5.442999
P1,35.0,-0.016000,5.493967
P1,35.0,-0.014000,5.551689
P1,35.0,-0.012000,5.618222
P1,35.0,-0.010000,5.696719
P1,35.0,-0.008000,5.792378
P1,35.0,-0.006000,5.914650
P1,35.0,-0.004000,6.083380
P1,35.0,-0.002000,6.349921
P2,35.0,-0.000000,6.840000
P2,35.0,0.002000,7.330079
P2,35.0,0.004000,7.596620
P2,35.0,0.006000,7.765350
P2,35.0,0.008000,7.887622
P2,35.0,0.010000,7.983281
P2,35.0,0.012000,8.061778
P2,35.0,0.014000,8.128311
P2,35.0,0.016000,8.186033
P2,35.0,0.018000,8.237001
P2,35.0,0.020000,8.282626
P2,35.0,0.022000,8.323921
P2,35.0,0.024000,8.361635
P2,35.0,0.026000,8.396339
P2,35.0,0.028000,8.428477
P2,35.0,0.030000,8.458403
P2,35.0,0.032000,8.486401
P2,35.0,0.034000,8.512705
P2,35.0,0.036000,8.537507
P2,35.0,0.038000,8.560971
P2,35.0,0.040000,8.583232
P2,35.0,0.042000,8.604408
P2,35.0,0.044000,8.624600
P2,35.0,0.046000,8.643895
P2,35.0,0.048000,8.662370
P2,35.0,0.050000,8.680091
P2,35.0,0.052000,8.697117
P2,35.0,0.054000,8.713502
P2,35.0,0.056000,8.729290
P2,35.0,0.058000,8.744525
P2,35.0,0.060000,8.759244
P2,35.0,0.062000,8.773481
P2,35.0,0.064000,8.787265
P2,35.0,0.066000,8.800626
P2,35.0,0.068000,8.813588
P2,35.0,0.070000,8.826174
P2,35.0,0.072000,8.838406
P2,35.0,0.074000,8.850303
P2,35.0,0.076000,8.861883
P2,35.0,0.078000,8.873162
P2,35.0,0.080000,8.884155
P2,35.0,0.082000,8.894878
P2,35.0,0.084000,8.905341
P2,35.0,0.086000,8.915559
P2,35.0,0.088000,8.925542
P2,35.0,0.090000,8.935301
P2,35.0,0.092000,8.944845
P2,35.0,0.094000,8.954184
P2,35.0,0.096000,8.963326
P2,35.0,0.098000,8.972280
P2,35.0,0.100000,8.981053
P2,35.0,0.102000,8.989652
P2,35.0,0.104000,8.998084
P2,35.0,0.106000,9.006356
P2,35.0,0.108000,9.014473
P2,35.0,0.110000,9.022441
P2,35.0,0.112000,9.030266
P2,35.0,0.114000,9.037952
P2,35.0,0.116000,9.045505
P2,35.0,0.118000,9.052928
P2,35.0,0.120000,9.060227
P2,35.0,0.122000,9.067405
P2,35.0,0.124000,9.074466
P2,35.0,0.126000,9.081415
P2,35.0,0.128000,9.088254
P2,35.0,0.130000,9.094987
P2,35.0,0.132000,9.101617
P2,35.0,0.134000,9.108147
P2,35.0,0.136000,9.114581
P2,35.0,0.138000,9.120921
P2,35.0,0.140000,9.127170
P2,35.0,0.142000,9.133330
P2,35.0,0.144000,9.139403
P2,35.0,0.146000,9.145393
P2,35.0,0.148000,9.151302
P2,35.0,0.150000,9.157131
P2,35.0,0.152000,9.162883
P2,35.0,0.154000,9.168560
P2,35.0,0.156000,9.174164
P2,35.0,0.158000,9.179696
P2,35.0,0.160000,9.185159
P2,35.0,0.162000,9.190554
P2,35.0,0.164000,9.195882
P2,35.0,0.166000,9.201146
P2,35.0,0.168000,9.206347
P2,35.0,0.170000,9.211487
P2,35.0,0.172000,9.216566
P2,35.0,0.174000,9.221587
P2,35.0,0.176000,9.226550
P2,35.0,0.178000,9.231457
P2,35.0,0.180000,9.236310
P2,35.0,0.182000,9.241108
P2,35.0,0.184000,9.245855
P2,35.0,0.186000,9.250549
P2,35.0,0.188000,9.255194
P2,35.0,0.190000,9.259790
P2,35.0,0.192000,9.264337
P2,35.0,0.194000,9.268838
P2,35.0,0.196000,9.273292
P2,35.0,0.198000,9.277701
P2,35.0,0.200000,9.282066
P2,35.0,0.250000,9.378974
P2,35.0,0.300000,9.458154
P2,35.0,0.350000,9.525100
P2,35.0,0.400000,9.583091
P2,35.0,0.450000,9.634244
P2,35.0,0.500000,9.680001
P2,35.0,0.550000,9.721393
P2,35.0,0.600000,9.759182
P2,35.0,0.650000,9.793944
P2,35.0,0.700000,9.826128
P2,35.0,0.750000,9.856092
P2,35.0,0.800000,9.884120
P2,35.0,0.850000,9.910449
P2,35.0,0.900000,9.935273
P2,35.0,0.950000,9.958754
P2,35.0,1.000000,9.981030
P2,35.0,1.050000,10.002220
P2,35.0,1.100000,10.022423
P2,35.0,1.150000,10.041728
P2,35.0,1.200000,10.060211
P2,35.0,1.250000,10.077940
P2,35.0,1.300000,10.094973
P2,35.0,1.350000,10.111364
P2,35.0,1.400000,10.127158
P2,35.0,1.450000,10.142398
P2,35.0,1.500000,10.157121
P2,35.0,1.550000,10.171362
P2,35.0,1.600000,10.185150
P2,35.0,1.650000,10.198514
P2,35.0,1.700000,10.211479
P2,35.0,1.750000,10.224068
P2,35.0,1.800000,10.236303
P2,35.0,1.850000,10.248202
P2,35.0,1.900000,10.259784
P2,35.0,1.950000,10.271065
P2,35.0,2.000000,10.282060
P2,35.0,3.000000,10.458151
P2,35.0,4.000000,10.583090
P2,35.0,5.000000,10.680000
P2,35.0,6.000000,10.759181
P2,35.0,7.000000,10.826128
P2,35.0,8.000000,10.884120
P2,35.0,9.000000,10.935273
P2,35.0,10.000000,10.981030
P2,35.0,11.000000,11.022423
P2,35.0,12.000000,11.060211
P2,35.0,13.000000,11.094973
P2,35.0,14.000000,11.127158
P2,35.0,15.000000,11.157121
P2,35.0,16.000000,11.185150
P2,35.0,17.000000,11.211479
P2,35.0,18.000000,11.236303
P2,35.0,19.000000,11.259784
P2,35.0,20.000000,11.282060
P2,35.0,21.000000,11.303249
P2,35.0,22.000000,11.323453
P2,35.0,23.000000,11.342758
P2,35.0,24.000000,11.361241
P2,35.0,25.000000,11.378970
P2,35.0,26.000000,11.396003
P2,35.0,27.000000,11.412394
P2,35.0,28.000000,11.428188
P2,35.0,29.000000,11.443428
P2,35.0,30.000000,11.458151
P2,35.0,31.000000,11.472392
P2,35.0,32.000000,11.486180
P2,35.0,33.000000,11.499544
P2,35.0,34.000000,11.512509
P2,35.0,35.000000,11.525098
P2,35.0,36.000000,11.537332
P2,35.0,37.000000,11.549232
P2,35.0,38.000000,11.560814
P2,35.0,39.000000,11.572095
P2,35.0,40.000000,11.583090
P2,35.0,41.000000,11.593814
P2,35.0,42.000000,11.604279
P2,35.0,43.000000,11.614498
P2,35.0,44.000000,11.624483
P2,35.0,45.000000,11.634243
P2,35.0,46.000000,11.643788
P2,35.0,47.000000,11.653128
P2,35.0,48.000000,11.662271
P2,35.0,49.000000,11.671226
P2,35.0,50.000000,11.680000
P2,35.0,51.000000,11.688600
P2,35.0,52.000000,11.697033
P2,35.0,53.000000,11.705306
P2,35.0,54.000000,11.713424
P2,35.0,55.000000,11.721393
P2,35.0,56.000000,11.729218
P2,35.0,57.000000,11.736905
P2,35.0,58.000000,11.744458
P2,35.0,59.000000,11.751882
P2,35.0,60.000000,11.759181
