event_id,source,confirmed_utc,confirm_to_recovery_ms,confirm_to_uno_locked_ms,confirm_to_hmi_shown_ms,worst_ms,pass_2s
E-0001,SIM,2026-09-30T19:12:13.711Z,0.2,0.2,102.7,102.7,True
E-0002,SIM,2026-09-30T19:12:19.766Z,0.2,0.2,198.4,198.4,True
E-0003,SIM,2026-09-30T19:12:26.756Z,0.5,0.5,170.8,170.8,True
E-0004,SIM,2026-09-30T19:12:33.740Z,1.5,1.5,248.7,248.7,True
E-0005,SIM,2026-09-30T19:12:39.775Z,0.3,0.2,94.7,94.7,True
E-0006,SIM,2026-09-30T19:12:46.782Z,1.1,1.0,14.2,14.2,True
E-0007,SIM,2026-09-30T19:12:52.698Z,0.5,0.5,58.4,58.4,True
E-0008,SIM,2026-09-30T19:12:59.758Z,0.6,0.6,214.8,214.8,True
E-0009,SIM,2026-09-30T19:13:05.759Z,0.6,0.6,159.4,159.4,True
E-0010,SIM,2026-09-30T19:13:11.759Z,0.8,0.8,85.3,85.3,True
E-0011,SIM,2026-09-30T19:13:17.767Z,0.7,0.7,259.4,259.4,True
E-0012,SIM,2026-09-30T19:13:23.695Z,0.4,0.4,241.1,241.1,True
E-0013,SIM,2026-09-30T19:13:30.770Z,4.6,4.6,47.0,47.0,True
E-0014,SIM,2026-09-30T19:13:37.732Z,0.6,0.6,38.5,38.5,True
E-0015,SIM,2026-09-30T19:13:43.740Z,1.4,1.3,214.4,214.4,True
E-0016,SIM,2026-09-30T19:13:49.782Z,0.3,0.3,162.5,162.5,True
E-0017,SIM,2026-09-30T19:13:56.747Z,0.3,0.3,176.6,176.6,True
E-0018,SIM,2026-09-30T19:14:02.757Z,2.8,2.8,127.8,127.8,True
E-0019,SIM,2026-09-30T19:14:08.778Z,1.5,1.5,27.3,27.3,True
E-0020,SIM,2026-09-30T19:14:15.765Z,1.1,1.1,62.4,62.4,True
E-0021,SIM,2026-09-30T19:14:22.753Z,0.5,0.5,45.8,45.8,True
E-0022,SIM,2026-09-30T19:14:28.745Z,4.0,4.0,30.4,30.4,True
E-0023,SIM,2026-09-30T19:14:34.712Z,7.1,7.1,59.1,59.1,True
E-0024,SIM,2026-09-30T19:14:41.740Z,2.4,2.4,45.8,45.8,True
E-0025,SIM,2026-09-30T19:14:47.694Z,1.0,1.0,80.0,80.0,True
E-0026,SIM,2026-09-30T19:14:54.751Z,0.6,0.6,243.8,243.8,True
E-0027,SIM,2026-09-30T19:15:00.785Z,1.0,1.0,170.4,170.4,True
E-0028,SIM,2026-09-30T19:15:07.738Z,0.3,0.3,196.9,196.9,True
E-0029,SIM,2026-09-30T19:15:14.755Z,0.3,0.3,186.9,186.9,True
E-0030,SIM,2026-09-30T19:15:20.775Z,0.4,0.4,134.2,134.2,True
E-0031,SIM,2026-09-30T19:15:27.751Z,0.3,0.3,150.6,150.6,True
E-0032,SIM,2026-09-30T19:15:33.778Z,0.5,0.5,125.1,125.1,True
E-0033,SIM,2026-09-30T19:15:40.747Z,0.2,0.2,157.6,157.6,True
E-0034,SIM,2026-09-30T19:15:46.684Z,0.2,0.2,172.1,172.1,True
E-0035,SIM,2026-09-30T19:15:53.766Z,1.7,1.7,129.1,129.1,True
E-0036,SIM,2026-09-30T19:16:00.736Z,1.9,1.9,143.8,143.8,True
E-0037,SIM,2026-09-30T19:16:06.755Z,0.2,0.2,81.7,81.7,True
E-0038,SIM,2026-09-30T19:16:12.786Z,0.7,0.7,260.6,260.6,True
E-0039,SIM,2026-09-30T19:16:19.742Z,0.5,0.5,44.2,44.2,True
E-0040,SIM,2026-09-30T19:16:25.763Z,0.3,0.3,249.8,249.8,True
E-0041,SIM,2026-09-30T19:16:31.694Z,0.5,0.5,28.1,28.1,True
E-0042,SIM,2026-09-30T19:16:38.757Z,0.4,0.4,224.1,224.1,True
E-0043,SIM,2026-09-30T19:16:44.771Z,0.4,0.4,152.6,152.6,True
E-0044,SIM,2026-09-30T19:16:51.764Z,0.5,0.5,155.2,155.2,True
E-0045,SIM,2026-09-30T19:16:58.740Z,0.5,0.5,199.4,199.4,True
E-0046,SIM,2026-09-30T19:17:04.767Z,1.2,1.2,128.4,128.4,True
E-0047,SIM,2026-09-30T19:17:11.750Z,0.4,0.4,155.9,155.9,True
E-0048,SIM,2026-09-30T19:17:17.787Z,1.0,0.9,106.0,106.0,True
E-0049,SIM,2026-09-30T19:17:24.783Z,0.8,0.7,158.1,158.1,True
E-0050,SIM,2026-09-30T19:17:31.732Z,1.1,1.1,246.8,246.8,True
E-0051,SIM,2026-09-30T19:17:37.767Z,0.2,0.2,191.8,191.8,True
E-0052,SIM,2026-09-30T19:17:43.686Z,0.5,0.5,34.2,34.2,True
E-0053,SIM,2026-09-30T19:17:50.765Z,0.3,0.3,8.4,8.4,True
E-0054,SIM,2026-09-30T19:17:56.699Z,1.0,1.0,58.4,58.4,True
E-0055,SIM,2026-09-30T19:18:03.780Z,1.0,1.0,32.4,32.4,True
E-0056,SIM,2026-09-30T19:18:10.746Z,0.4,0.4,118.8,118.8,True
E-0057,SIM,2026-09-30T19:18:16.761Z,0.8,0.8,62.3,62.3,True
E-0058,SIM,2026-09-30T19:18:22.694Z,0.5,0.5,150.1,150.1,True
E-0059,SIM,2026-09-30T19:18:28.744Z,0.5,0.5,68.9,68.9,True
E-0060,SIM,2026-09-30T19:18:34.774Z,0.3,0.3,248.0,248.0,True
E-0061,SIM,2026-09-30T19:18:41.755Z,0.4,0.4,27.1,27.1,True
E-0062,SIM,2026-09-30T19:18:47.778Z,0.3,0.3,237.9,237.9,True
E-0063,SIM,2026-09-30T19:18:54.769Z,0.5,0.5,21.2,21.2,True
E-0064,SIM,2026-09-30T19:19:01.746Z,0.4,0.4,78.1,78.1,True
E-0065,SIM,2026-09-30T19:19:07.688Z,0.6,0.6,89.4,89.4,True
E-0066,SIM,2026-09-30T19:19:14.755Z,0.9,0.9,34.7,34.7,True
E-0067,SIM,2026-09-30T19:19:20.695Z,1.2,1.2,132.8,132.8,True
E-0068,SIM,2026-09-30T19:19:26.759Z,1.4,1.4,27.6,27.6,True
E-0069,SIM,2026-09-30T19:19:32.765Z,0.8,0.8,49.5,49.5,True
E-0070,SIM,2026-09-30T19:19:39.755Z,0.3,0.3,60.4,60.4,True
E-0071,SIM,2026-09-30T19:19:45.752Z,0.9,0.9,59.8,59.8,True
E-0072,SIM,2026-09-30T19:19:51.785Z,0.8,0.8,56.0,56.0,True
E-0073,SIM,2026-09-30T19:19:58.772Z,0.6,0.6,161.3,161.3,True
E-0074,SIM,2026-09-30T19:20:05.764Z,1.3,1.3,228.1,228.1,True
E-0075,SIM,2026-09-30T19:20:11.706Z,0.8,0.8,77.0,77.0,True
E-0076,SIM,2026-09-30T19:20:17.756Z,0.8,0.8,50.7,50.7,True
E-0077,SIM,2026-09-30T19:20:23.789Z,0.7,0.7,51.2,51.2,True
E-0078,SIM,2026-09-30T19:20:30.773Z,0.9,0.9,165.6,165.6,True
E-0079,SIM,2026-09-30T19:20:36.715Z,0.5,0.5,248.8,248.8,True
E-0080,SIM,2026-09-30T19:20:43.800Z,0.5,0.5,226.5,226.5,True
E-0081,SIM,2026-09-30T19:20:50.709Z,0.4,0.4,123.9,123.9,True
E-0082,SIM,2026-09-30T19:20:57.759Z,0.6,0.6,88.6,88.6,True
E-0083,SIM,2026-09-30T19:21:03.793Z,0.2,0.2,64.0,64.0,True
E-0084,SIM,2026-09-30T19:21:10.764Z,0.6,0.5,172.0,172.0,True
E-0085,SIM,2026-09-30T19:21:16.791Z,0.4,0.4,163.5,163.5,True
E-0086,SIM,2026-09-30T19:21:23.770Z,0.5,0.4,231.9,231.9,True
E-0087,SIM,2026-09-30T19:21:29.713Z,0.4,0.4,22.8,22.8,True
E-0088,SIM,2026-09-30T19:21:36.796Z,0.6,0.6,226.7,226.7,True
E-0089,SIM,2026-09-30T19:21:43.776Z,0.8,0.8,70.8,70.8,True
E-0090,SIM,2026-09-30T19:21:50.752Z,1.5,1.5,157.5,157.5,True
E-0091,SIM,2026-09-30T19:21:56.783Z,0.9,0.9,172.8,172.8,True
E-0092,SIM,2026-09-30T19:22:02.715Z,0.7,0.7,134.1,134.1,True
E-0093,SIM,2026-09-30T19:22:08.766Z,0.4,0.4,59.4,59.4,True
E-0094,SIM,2026-09-30T19:22:14.717Z,2.0,2.0,81.9,81.9,True
E-0095,SIM,2026-09-30T19:22:20.773Z,0.7,0.7,74.2,74.2,True
E-0096,SIM,2026-09-30T19:22:26.804Z,0.7,0.7,95.5,95.5,True
E-0097,SIM,2026-09-30T19:22:33.780Z,0.6,0.6,212.4,212.4,True
E-0098,SIM,2026-09-30T19:22:39.722Z,0.6,0.5,68.1,68.1,True
E-0099,SIM,2026-09-30T19:22:45.772Z,4.5,4.5,24.7,24.7,True
E-0100,SIM,2026-09-30T19:22:51.710Z,0.8,0.8,127.4,127.4,True
