log,timestamp_utc,command_id,decision,reason_code,channel_id,volume_ml,message
"rig 2 Oct (Pi 5, real probe)",2026-10-02T15:30:26.807Z,HMI-a0388d31b9,REJECT,DOSE_LIMIT,BASE_BULK,30.0,DOSE 30.0 mL NaOH 0.5 M bulk from operator Belal (laptop HMI)
"rig 2 Oct (Pi 5, real probe)",2026-10-02T15:32:10.937Z,HMI-ca7b60accf,ACCEPT,ACCEPTED,BASE_FINE,10.0,DOSE 10.0 mL NaOH 0.005 M fine from operator Belal (laptop HMI)
"rig 2 Oct (Pi 5, real probe)",2026-10-02T15:33:35.565Z,HMI-4d4fc26573,REJECT,DOSE_LIMIT,BASE_BULK,30.0,DOSE 30.0 mL NaOH 0.5 M bulk from operator Belal (laptop HMI)
"rig 2 Oct (Pi 5, real probe)",2026-10-02T15:34:12.138Z,HMI-4d3ff8c18f,ACCEPT,ACCEPTED,BASE_FINE,10.0,DOSE 10.0 mL NaOH 0.005 M fine from operator Belal (laptop HMI)
attack run 3 Oct (station on the laptop),2026-10-03T19:40:14.650Z,ATTACK-2651036d60,ACCEPT,ACCEPTED,BASE_FINE,1.0,DOSE 1.0 mL NaOH 0.005 M fine from attack script (original)
attack run 3 Oct (station on the laptop),2026-10-03T19:40:15.705Z,ATTACK-c1b3cab43c,REJECT,MIXING_LOCKOUT,BASE_FINE,1.0,DOSE 1.0 mL NaOH 0.005 M fine from attack script (original)
attack run 3 Oct (station on the laptop),2026-10-03T19:40:15.707Z,ATTACK-ddabc3915c,REJECT,MIXING_LOCKOUT,BASE_FINE,1.0,DOSE 1.0 mL NaOH 0.005 M fine from attack script (original)
attack run 3 Oct (station on the laptop),2026-10-03T19:40:15.708Z,ATTACK-a8b8120a05,REJECT,MIXING_LOCKOUT,BASE_FINE,1.0,DOSE 1.0 mL NaOH 0.005 M fine from attack script (original)
attack run 3 Oct (station on the laptop),2026-10-03T19:40:15.710Z,ATTACK-53b144e080,REJECT,MIXING_LOCKOUT,BASE_FINE,1.0,DOSE 1.0 mL NaOH 0.005 M fine from attack script (original)
attack run 3 Oct (station on the laptop),2026-10-03T19:40:15.712Z,ATTACK-77e15318d8,REJECT,MIXING_LOCKOUT,BASE_FINE,1.0,DOSE 1.0 mL NaOH 0.005 M fine from attack script (original)
attack run 3 Oct (station on the laptop),2026-10-03T19:40:15.714Z,ATTACK-2de869d516,REJECT,MIXING_LOCKOUT,BASE_FINE,1.0,DOSE 1.0 mL NaOH 0.005 M fine from attack script (original)
attack run 3 Oct (station on the laptop),2026-10-03T19:40:15.715Z,ATTACK-9942aca1df,REJECT,MIXING_LOCKOUT,BASE_FINE,1.0,DOSE 1.0 mL NaOH 0.005 M fine from attack script (original)
attack run 3 Oct (station on the laptop),2026-10-03T19:40:15.717Z,ATTACK-bbb22c32c5,REJECT,MIXING_LOCKOUT,BASE_FINE,1.0,DOSE 1.0 mL NaOH 0.005 M fine from attack script (original)
attack run 3 Oct (station on the laptop),2026-10-03T19:40:15.719Z,ATTACK-5ff9e0006c,REJECT,MIXING_LOCKOUT,BASE_FINE,1.0,DOSE 1.0 mL NaOH 0.005 M fine from attack script (original)
attack run 3 Oct (station on the laptop),2026-10-03T19:40:15.721Z,ATTACK-bc756527ad,REJECT,MIXING_LOCKOUT,BASE_FINE,1.0,DOSE 1.0 mL NaOH 0.005 M fine from attack script (original)
attack run 3 Oct (station on the laptop),2026-10-03T19:40:15.722Z,ATTACK-6cdab02e7e,REJECT,MIXING_LOCKOUT,BASE_FINE,1.0,DOSE 1.0 mL NaOH 0.005 M fine from attack script (original)
attack run 3 Oct (station on the laptop),2026-10-03T19:40:15.724Z,ATTACK-5823da6f21,REJECT,MIXING_LOCKOUT,BASE_FINE,1.0,DOSE 1.0 mL NaOH 0.005 M fine from attack script (original)
attack run 3 Oct (station on the laptop),2026-10-03T19:40:15.726Z,ATTACK-ef9aaadded,REJECT,MIXING_LOCKOUT,BASE_FINE,1.0,DOSE 1.0 mL NaOH 0.005 M fine from attack script (original)
attack run 3 Oct (station on the laptop),2026-10-03T19:40:15.727Z,ATTACK-22c50da4a3,REJECT,MIXING_LOCKOUT,BASE_FINE,1.0,DOSE 1.0 mL NaOH 0.005 M fine from attack script (original)
attack run 3 Oct (station on the laptop),2026-10-03T19:40:15.729Z,ATTACK-bbd6b55e0a,REJECT,MIXING_LOCKOUT,BASE_FINE,1.0,DOSE 1.0 mL NaOH 0.005 M fine from attack script (original)
attack run 3 Oct (station on the laptop),2026-10-03T19:40:15.731Z,ATTACK-31c2500212,REJECT,MIXING_LOCKOUT,BASE_FINE,1.0,DOSE 1.0 mL NaOH 0.005 M fine from attack script (original)
attack run 3 Oct (station on the laptop),2026-10-03T19:40:15.732Z,ATTACK-7a9c7c51c6,REJECT,MIXING_LOCKOUT,BASE_FINE,1.0,DOSE 1.0 mL NaOH 0.005 M fine from attack script (original)
attack run 3 Oct (station on the laptop),2026-10-03T19:40:15.734Z,ATTACK-d643d98405,REJECT,MIXING_LOCKOUT,BASE_FINE,1.0,DOSE 1.0 mL NaOH 0.005 M fine from attack script (original)
attack run 3 Oct (station on the laptop),2026-10-03T19:40:15.736Z,ATTACK-767afd50f1,REJECT,MIXING_LOCKOUT,BASE_FINE,1.0,DOSE 1.0 mL NaOH 0.005 M fine from attack script (original)
attack run 3 Oct (station on the laptop),2026-10-03T19:40:15.737Z,ATTACK-fa3e064bb2,REJECT,MIXING_LOCKOUT,BASE_FINE,1.0,DOSE 1.0 mL NaOH 0.005 M fine from attack script (original)
attack run 3 Oct (station on the laptop),2026-10-03T19:40:15.739Z,ATTACK-ee154b94e0,REJECT,MIXING_LOCKOUT,BASE_FINE,1.0,DOSE 1.0 mL NaOH 0.005 M fine from attack script (original)
attack run 3 Oct (station on the laptop),2026-10-03T19:40:15.740Z,ATTACK-001fc8ebe9,REJECT,MIXING_LOCKOUT,BASE_FINE,1.0,DOSE 1.0 mL NaOH 0.005 M fine from attack script (original)
attack run 3 Oct (station on the laptop),2026-10-03T19:40:15.742Z,ATTACK-5542cae2f1,REJECT,MIXING_LOCKOUT,BASE_FINE,1.0,DOSE 1.0 mL NaOH 0.005 M fine from attack script (original)
attack run 3 Oct (station on the laptop),2026-10-03T19:40:15.743Z,ATTACK-9b69b8acc1,REJECT,MIXING_LOCKOUT,BASE_FINE,1.0,DOSE 1.0 mL NaOH 0.005 M fine from attack script (original)
attack run 3 Oct (station on the laptop),2026-10-03T19:40:15.745Z,ATTACK-1205a2ed84,REJECT,MIXING_LOCKOUT,BASE_FINE,1.0,DOSE 1.0 mL NaOH 0.005 M fine from attack script (original)
attack run 3 Oct (station on the laptop),2026-10-03T19:40:15.746Z,ATTACK-94b4641d70,REJECT,MIXING_LOCKOUT,BASE_FINE,1.0,DOSE 1.0 mL NaOH 0.005 M fine from attack script (original)
attack run 3 Oct (station on the laptop),2026-10-03T19:40:15.748Z,ATTACK-f39b5678e6,REJECT,MIXING_LOCKOUT,BASE_FINE,1.0,DOSE 1.0 mL NaOH 0.005 M fine from attack script (original)
attack run 3 Oct (station on the laptop),2026-10-03T19:40:15.750Z,ATTACK-5bcdf3af9a,REJECT,MIXING_LOCKOUT,BASE_FINE,1.0,DOSE 1.0 mL NaOH 0.005 M fine from attack script (original)
attack run 3 Oct (station on the laptop),2026-10-03T19:40:15.752Z,ATTACK-a10f981d60,REJECT,MIXING_LOCKOUT,BASE_FINE,1.0,DOSE 1.0 mL NaOH 0.005 M fine from attack script (original)
attack run 3 Oct (station on the laptop),2026-10-03T19:40:15.753Z,ATTACK-0efb0e46f2,REJECT,MIXING_LOCKOUT,BASE_FINE,1.0,DOSE 1.0 mL NaOH 0.005 M fine from attack script (original)
attack run 3 Oct (station on the laptop),2026-10-03T19:40:15.755Z,ATTACK-a4d2a5dd18,REJECT,MIXING_LOCKOUT,BASE_FINE,1.0,DOSE 1.0 mL NaOH 0.005 M fine from attack script (original)
attack run 3 Oct (station on the laptop),2026-10-03T19:40:15.756Z,ATTACK-72b0d95a60,REJECT,MIXING_LOCKOUT,BASE_FINE,1.0,DOSE 1.0 mL NaOH 0.005 M fine from attack script (original)
attack run 3 Oct (station on the laptop),2026-10-03T19:40:15.758Z,ATTACK-96ac1699d8,REJECT,MIXING_LOCKOUT,BASE_FINE,1.0,DOSE 1.0 mL NaOH 0.005 M fine from attack script (original)
attack run 3 Oct (station on the laptop),2026-10-03T19:40:15.759Z,ATTACK-f95d73aaa7,REJECT,MIXING_LOCKOUT,BASE_FINE,1.0,DOSE 1.0 mL NaOH 0.005 M fine from attack script (original)
attack run 3 Oct (station on the laptop),2026-10-03T19:40:15.761Z,ATTACK-646e1439e1,REJECT,MIXING_LOCKOUT,BASE_FINE,1.0,DOSE 1.0 mL NaOH 0.005 M fine from attack script (original)
attack run 3 Oct (station on the laptop),2026-10-03T19:40:15.762Z,ATTACK-68889234fc,REJECT,MIXING_LOCKOUT,BASE_FINE,1.0,DOSE 1.0 mL NaOH 0.005 M fine from attack script (original)
attack run 3 Oct (station on the laptop),2026-10-03T19:40:15.764Z,ATTACK-da3e32ea46,REJECT,MIXING_LOCKOUT,BASE_FINE,1.0,DOSE 1.0 mL NaOH 0.005 M fine from attack script (original)
attack run 3 Oct (station on the laptop),2026-10-03T19:40:15.766Z,ATTACK-6e208b76ef,REJECT,MIXING_LOCKOUT,BASE_FINE,1.0,DOSE 1.0 mL NaOH 0.005 M fine from attack script (original)
attack run 3 Oct (station on the laptop),2026-10-03T19:40:15.768Z,ATTACK-23ca5ffff8,REJECT,MIXING_LOCKOUT,BASE_FINE,1.0,DOSE 1.0 mL NaOH 0.005 M fine from attack script (original)
attack run 3 Oct (station on the laptop),2026-10-03T19:40:15.769Z,ATTACK-10894765d3,REJECT,MIXING_LOCKOUT,BASE_FINE,1.0,DOSE 1.0 mL NaOH 0.005 M fine from attack script (original)
attack run 3 Oct (station on the laptop),2026-10-03T19:40:15.771Z,ATTACK-58d3d20894,REJECT,MIXING_LOCKOUT,BASE_FINE,1.0,DOSE 1.0 mL NaOH 0.005 M fine from attack script (original)
attack run 3 Oct (station on the laptop),2026-10-03T19:40:15.772Z,ATTACK-f3074a27d8,REJECT,MIXING_LOCKOUT,BASE_FINE,1.0,DOSE 1.0 mL NaOH 0.005 M fine from attack script (original)
attack run 3 Oct (station on the laptop),2026-10-03T19:40:15.774Z,ATTACK-498d3d3455,REJECT,MIXING_LOCKOUT,BASE_FINE,1.0,DOSE 1.0 mL NaOH 0.005 M fine from attack script (original)
attack run 3 Oct (station on the laptop),2026-10-03T19:40:15.775Z,ATTACK-2d6bd81400,REJECT,MIXING_LOCKOUT,BASE_FINE,1.0,DOSE 1.0 mL NaOH 0.005 M fine from attack script (original)
attack run 3 Oct (station on the laptop),2026-10-03T19:40:15.776Z,ATTACK-d58dc04379,REJECT,MIXING_LOCKOUT,BASE_FINE,1.0,DOSE 1.0 mL NaOH 0.005 M fine from attack script (original)
attack run 3 Oct (station on the laptop),2026-10-03T19:40:15.778Z,ATTACK-c77f8b60c3,REJECT,MIXING_LOCKOUT,BASE_FINE,1.0,DOSE 1.0 mL NaOH 0.005 M fine from attack script (original)
attack run 3 Oct (station on the laptop),2026-10-03T19:40:15.779Z,ATTACK-108dea73f9,REJECT,MIXING_LOCKOUT,BASE_FINE,1.0,DOSE 1.0 mL NaOH 0.005 M fine from attack script (original)
attack run 3 Oct (station on the laptop),2026-10-03T19:40:15.782Z,ATTACK-c177f8f7c6,REJECT,MIXING_LOCKOUT,BASE_FINE,1.0,DOSE 1.0 mL NaOH 0.005 M fine from attack script (original)
attack run 3 Oct (station on the laptop),2026-10-03T19:40:15.784Z,ATTACK-aa894c61d3,REJECT,MIXING_LOCKOUT,BASE_FINE,1.0,DOSE 1.0 mL NaOH 0.005 M fine from attack script (original)
attack run 3 Oct (station on the laptop),2026-10-03T19:40:15.785Z,ATTACK-fb65fb7b4f,REJECT,MIXING_LOCKOUT,BASE_FINE,1.0,DOSE 1.0 mL NaOH 0.005 M fine from attack script (original)
attack run 3 Oct (station on the laptop),2026-10-03T19:40:15.787Z,ATTACK-02e6d61746,REJECT,MIXING_LOCKOUT,BASE_FINE,1.0,DOSE 1.0 mL NaOH 0.005 M fine from attack script (original)
attack run 3 Oct (station on the laptop),2026-10-03T19:40:15.788Z,ATTACK-d6dbb92208,REJECT,MIXING_LOCKOUT,BASE_FINE,1.0,DOSE 1.0 mL NaOH 0.005 M fine from attack script (original)
attack run 3 Oct (station on the laptop),2026-10-03T19:40:15.790Z,ATTACK-769034d667,REJECT,MIXING_LOCKOUT,BASE_FINE,1.0,DOSE 1.0 mL NaOH 0.005 M fine from attack script (original)
attack run 3 Oct (station on the laptop),2026-10-03T19:40:15.791Z,ATTACK-121cd4dc61,REJECT,MIXING_LOCKOUT,BASE_FINE,1.0,DOSE 1.0 mL NaOH 0.005 M fine from attack script (original)
attack run 3 Oct (station on the laptop),2026-10-03T19:40:15.793Z,ATTACK-8870ecf4ec,REJECT,MIXING_LOCKOUT,BASE_FINE,1.0,DOSE 1.0 mL NaOH 0.005 M fine from attack script (original)
attack run 3 Oct (station on the laptop),2026-10-03T19:40:15.795Z,ATTACK-8c1aebce41,REJECT,MIXING_LOCKOUT,BASE_FINE,1.0,DOSE 1.0 mL NaOH 0.005 M fine from attack script (original)
attack run 3 Oct (station on the laptop),2026-10-03T19:40:15.796Z,ATTACK-5ed91d55b0,REJECT,MIXING_LOCKOUT,BASE_FINE,1.0,DOSE 1.0 mL NaOH 0.005 M fine from attack script (original)
attack run 3 Oct (station on the laptop),2026-10-03T19:40:15.798Z,ATTACK-a58817b96a,REJECT,MIXING_LOCKOUT,BASE_FINE,1.0,DOSE 1.0 mL NaOH 0.005 M fine from attack script (original)
attack run 3 Oct (station on the laptop),2026-10-03T19:40:15.800Z,ATTACK-b376b48133,REJECT,MIXING_LOCKOUT,BASE_FINE,1.0,DOSE 1.0 mL NaOH 0.005 M fine from attack script (original)
attack run 3 Oct (station on the laptop),2026-10-03T19:40:15.801Z,ATTACK-bd23a5f3fb,REJECT,MIXING_LOCKOUT,BASE_FINE,1.0,DOSE 1.0 mL NaOH 0.005 M fine from attack script (original)
attack run 3 Oct (station on the laptop),2026-10-03T19:40:15.803Z,ATTACK-d8a1b76e55,REJECT,MIXING_LOCKOUT,BASE_FINE,1.0,DOSE 1.0 mL NaOH 0.005 M fine from attack script (original)
attack run 3 Oct (station on the laptop),2026-10-03T19:40:15.805Z,ATTACK-acafd41f2d,REJECT,MIXING_LOCKOUT,BASE_FINE,1.0,DOSE 1.0 mL NaOH 0.005 M fine from attack script (original)
attack run 3 Oct (station on the laptop),2026-10-03T19:40:15.806Z,ATTACK-6c6cac0f3d,REJECT,MIXING_LOCKOUT,BASE_FINE,1.0,DOSE 1.0 mL NaOH 0.005 M fine from attack script (original)
attack run 3 Oct (station on the laptop),2026-10-03T19:40:15.808Z,ATTACK-b81fb04f9e,REJECT,MIXING_LOCKOUT,BASE_FINE,1.0,DOSE 1.0 mL NaOH 0.005 M fine from attack script (original)
attack run 3 Oct (station on the laptop),2026-10-03T19:40:15.809Z,ATTACK-75a1b9d423,REJECT,MIXING_LOCKOUT,BASE_FINE,1.0,DOSE 1.0 mL NaOH 0.005 M fine from attack script (original)
attack run 3 Oct (station on the laptop),2026-10-03T19:40:15.810Z,ATTACK-f87ce5292a,REJECT,MIXING_LOCKOUT,BASE_FINE,1.0,DOSE 1.0 mL NaOH 0.005 M fine from attack script (original)
attack run 3 Oct (station on the laptop),2026-10-03T19:40:15.812Z,ATTACK-c35f427982,REJECT,MIXING_LOCKOUT,BASE_FINE,1.0,DOSE 1.0 mL NaOH 0.005 M fine from attack script (original)
attack run 3 Oct (station on the laptop),2026-10-03T19:40:15.813Z,ATTACK-69b535e1e0,REJECT,MIXING_LOCKOUT,BASE_FINE,1.0,DOSE 1.0 mL NaOH 0.005 M fine from attack script (original)
attack run 3 Oct (station on the laptop),2026-10-03T19:40:15.815Z,ATTACK-5f7a1da661,REJECT,MIXING_LOCKOUT,BASE_FINE,1.0,DOSE 1.0 mL NaOH 0.005 M fine from attack script (original)
attack run 3 Oct (station on the laptop),2026-10-03T19:40:15.817Z,ATTACK-ac99d76239,REJECT,MIXING_LOCKOUT,BASE_FINE,1.0,DOSE 1.0 mL NaOH 0.005 M fine from attack script (original)
attack run 3 Oct (station on the laptop),2026-10-03T19:40:15.818Z,ATTACK-22b2c0daa9,REJECT,MIXING_LOCKOUT,BASE_FINE,1.0,DOSE 1.0 mL NaOH 0.005 M fine from attack script (original)
attack run 3 Oct (station on the laptop),2026-10-03T19:40:15.820Z,ATTACK-8c7c90448a,REJECT,MIXING_LOCKOUT,BASE_FINE,1.0,DOSE 1.0 mL NaOH 0.005 M fine from attack script (original)
attack run 3 Oct (station on the laptop),2026-10-03T19:40:15.821Z,ATTACK-322591a902,REJECT,MIXING_LOCKOUT,BASE_FINE,1.0,DOSE 1.0 mL NaOH 0.005 M fine from attack script (original)
attack run 3 Oct (station on the laptop),2026-10-03T19:40:15.823Z,ATTACK-a0a8fa6cda,REJECT,MIXING_LOCKOUT,BASE_FINE,1.0,DOSE 1.0 mL NaOH 0.005 M fine from attack script (original)
attack run 3 Oct (station on the laptop),2026-10-03T19:40:15.825Z,ATTACK-9d789ee9ff,REJECT,MIXING_LOCKOUT,BASE_FINE,1.0,DOSE 1.0 mL NaOH 0.005 M fine from attack script (original)
attack run 3 Oct (station on the laptop),2026-10-03T19:40:15.826Z,ATTACK-e13ed78fe9,REJECT,MIXING_LOCKOUT,BASE_FINE,1.0,DOSE 1.0 mL NaOH 0.005 M fine from attack script (original)
attack run 3 Oct (station on the laptop),2026-10-03T19:40:15.828Z,ATTACK-2d611899e9,REJECT,MIXING_LOCKOUT,BASE_FINE,1.0,DOSE 1.0 mL NaOH 0.005 M fine from attack script (original)
attack run 3 Oct (station on the laptop),2026-10-03T19:40:15.830Z,ATTACK-bc3cb576ae,REJECT,MIXING_LOCKOUT,BASE_FINE,1.0,DOSE 1.0 mL NaOH 0.005 M fine from attack script (original)
attack run 3 Oct (station on the laptop),2026-10-03T19:40:15.832Z,ATTACK-50ac7b00bc,REJECT,MIXING_LOCKOUT,BASE_FINE,1.0,DOSE 1.0 mL NaOH 0.005 M fine from attack script (original)
attack run 3 Oct (station on the laptop),2026-10-03T19:40:15.834Z,ATTACK-90b8ca8ad9,REJECT,MIXING_LOCKOUT,BASE_FINE,1.0,DOSE 1.0 mL NaOH 0.005 M fine from attack script (original)
attack run 3 Oct (station on the laptop),2026-10-03T19:40:15.836Z,ATTACK-c7c4f06270,REJECT,MIXING_LOCKOUT,BASE_FINE,1.0,DOSE 1.0 mL NaOH 0.005 M fine from attack script (original)
attack run 3 Oct (station on the laptop),2026-10-03T19:40:15.838Z,ATTACK-71b27f6eb3,REJECT,MIXING_LOCKOUT,BASE_FINE,1.0,DOSE 1.0 mL NaOH 0.005 M fine from attack script (original)
attack run 3 Oct (station on the laptop),2026-10-03T19:40:15.839Z,ATTACK-ba8a8618ff,REJECT,MIXING_LOCKOUT,BASE_FINE,1.0,DOSE 1.0 mL NaOH 0.005 M fine from attack script (original)
attack run 3 Oct (station on the laptop),2026-10-03T19:40:15.841Z,ATTACK-ddf024b88f,REJECT,MIXING_LOCKOUT,BASE_FINE,1.0,DOSE 1.0 mL NaOH 0.005 M fine from attack script (original)
attack run 3 Oct (station on the laptop),2026-10-03T19:40:15.843Z,ATTACK-c34fc4d1c7,REJECT,MIXING_LOCKOUT,BASE_FINE,1.0,DOSE 1.0 mL NaOH 0.005 M fine from attack script (original)
attack run 3 Oct (station on the laptop),2026-10-03T19:40:15.844Z,ATTACK-0df6ee10e5,REJECT,MIXING_LOCKOUT,BASE_FINE,1.0,DOSE 1.0 mL NaOH 0.005 M fine from attack script (original)
attack run 3 Oct (station on the laptop),2026-10-03T19:40:15.846Z,ATTACK-43da958178,REJECT,MIXING_LOCKOUT,BASE_FINE,1.0,DOSE 1.0 mL NaOH 0.005 M fine from attack script (original)
attack run 3 Oct (station on the laptop),2026-10-03T19:40:15.847Z,ATTACK-dfb4aa759c,REJECT,MIXING_LOCKOUT,BASE_FINE,1.0,DOSE 1.0 mL NaOH 0.005 M fine from attack script (original)
attack run 3 Oct (station on the laptop),2026-10-03T19:40:15.849Z,ATTACK-723a311202,REJECT,MIXING_LOCKOUT,BASE_FINE,1.0,DOSE 1.0 mL NaOH 0.005 M fine from attack script (original)
attack run 3 Oct (station on the laptop),2026-10-03T19:40:15.850Z,ATTACK-c78b489463,REJECT,MIXING_LOCKOUT,BASE_FINE,1.0,DOSE 1.0 mL NaOH 0.005 M fine from attack script (original)
attack run 3 Oct (station on the laptop),2026-10-03T19:40:15.852Z,ATTACK-3795c33c1f,REJECT,MIXING_LOCKOUT,BASE_FINE,1.0,DOSE 1.0 mL NaOH 0.005 M fine from attack script (original)
attack run 3 Oct (station on the laptop),2026-10-03T19:40:15.854Z,ATTACK-6c0f18024c,REJECT,MIXING_LOCKOUT,BASE_FINE,1.0,DOSE 1.0 mL NaOH 0.005 M fine from attack script (original)
attack run 3 Oct (station on the laptop),2026-10-03T19:40:15.855Z,ATTACK-2664578d04,REJECT,MIXING_LOCKOUT,BASE_FINE,1.0,DOSE 1.0 mL NaOH 0.005 M fine from attack script (original)
attack run 3 Oct (station on the laptop),2026-10-03T19:40:15.857Z,ATTACK-a70a2e2f2b,REJECT,MIXING_LOCKOUT,BASE_FINE,1.0,DOSE 1.0 mL NaOH 0.005 M fine from attack script (original)
attack run 3 Oct (station on the laptop),2026-10-03T19:40:15.859Z,ATTACK-aadd2aed9d,REJECT,MIXING_LOCKOUT,BASE_FINE,1.0,DOSE 1.0 mL NaOH 0.005 M fine from attack script (original)
attack run 3 Oct (station on the laptop),2026-10-03T19:40:15.860Z,ATTACK-ba3863c577,REJECT,MIXING_LOCKOUT,BASE_FINE,1.0,DOSE 1.0 mL NaOH 0.005 M fine from attack script (original)
attack run 3 Oct (station on the laptop),2026-10-03T19:40:15.862Z,ATTACK-2434b2256c,REJECT,MIXING_LOCKOUT,BASE_FINE,1.0,DOSE 1.0 mL NaOH 0.005 M fine from attack script (original)
attack run 3 Oct (station on the laptop),2026-10-03T19:40:15.863Z,ATTACK-1d37f7f72d,REJECT,MIXING_LOCKOUT,BASE_FINE,1.0,DOSE 1.0 mL NaOH 0.005 M fine from attack script (original)
attack run 3 Oct (station on the laptop),2026-10-03T19:40:15.865Z,ATTACK-67684219a4,REJECT,MIXING_LOCKOUT,BASE_FINE,1.0,DOSE 1.0 mL NaOH 0.005 M fine from attack script (original)
attack run 3 Oct (station on the laptop),2026-10-03T19:40:15.867Z,ATTACK-d54d321f41,REJECT,MIXING_LOCKOUT,BASE_FINE,1.0,DOSE 1.0 mL NaOH 0.005 M fine from attack script (original)
attack run 3 Oct (station on the laptop),2026-10-03T19:40:15.868Z,ATTACK-b763ed4153,REJECT,MIXING_LOCKOUT,BASE_FINE,1.0,DOSE 1.0 mL NaOH 0.005 M fine from attack script (original)
attack run 3 Oct (station on the laptop),2026-10-03T19:40:15.870Z,ATTACK-4924b3b778,REJECT,MIXING_LOCKOUT,BASE_FINE,1.0,DOSE 1.0 mL NaOH 0.005 M fine from attack script (original)
attack run 3 Oct (station on the laptop),2026-10-03T19:40:15.871Z,ATTACK-9b248b250b,REJECT,MIXING_LOCKOUT,BASE_FINE,1.0,DOSE 1.0 mL NaOH 0.005 M fine from attack script (original)
attack run 3 Oct (station on the laptop),2026-10-03T19:40:15.873Z,ATTACK-434fa5ddff,REJECT,MIXING_LOCKOUT,BASE_FINE,1.0,DOSE 1.0 mL NaOH 0.005 M fine from attack script (original)
attack run 3 Oct (station on the laptop),2026-10-03T19:40:15.874Z,ATTACK-c6003ba7f0,REJECT,MIXING_LOCKOUT,BASE_FINE,1.0,DOSE 1.0 mL NaOH 0.005 M fine from attack script (original)
attack run 3 Oct (station on the laptop),2026-10-03T19:40:15.876Z,ATTACK-ef114fdc63,REJECT,MIXING_LOCKOUT,BASE_FINE,1.0,DOSE 1.0 mL NaOH 0.005 M fine from attack script (original)
attack run 3 Oct (station on the laptop),2026-10-03T19:40:15.878Z,ATTACK-d1ac762c70,REJECT,MIXING_LOCKOUT,BASE_FINE,1.0,DOSE 1.0 mL NaOH 0.005 M fine from attack script (original)
attack run 3 Oct (station on the laptop),2026-10-03T19:40:15.879Z,ATTACK-415c527693,REJECT,MIXING_LOCKOUT,BASE_FINE,1.0,DOSE 1.0 mL NaOH 0.005 M fine from attack script (original)
attack run 3 Oct (station on the laptop),2026-10-03T19:40:15.881Z,ATTACK-71420f24d8,REJECT,MIXING_LOCKOUT,BASE_FINE,1.0,DOSE 1.0 mL NaOH 0.005 M fine from attack script (original)
attack run 3 Oct (station on the laptop),2026-10-03T19:40:15.882Z,ATTACK-ae97168ad5,REJECT,MIXING_LOCKOUT,BASE_FINE,1.0,DOSE 1.0 mL NaOH 0.005 M fine from attack script (original)
attack run 3 Oct (station on the laptop),2026-10-03T19:40:15.884Z,ATTACK-4c3bf5e3e5,REJECT,MIXING_LOCKOUT,BASE_FINE,1.0,DOSE 1.0 mL NaOH 0.005 M fine from attack script (original)
attack run 3 Oct (station on the laptop),2026-10-03T19:40:15.885Z,ATTACK-dae2dfff36,REJECT,MIXING_LOCKOUT,BASE_FINE,1.0,DOSE 1.0 mL NaOH 0.005 M fine from attack script (original)
attack run 3 Oct (station on the laptop),2026-10-03T19:40:15.887Z,ATTACK-e42cdb129f,REJECT,MIXING_LOCKOUT,BASE_FINE,1.0,DOSE 1.0 mL NaOH 0.005 M fine from attack script (original)
attack run 3 Oct (station on the laptop),2026-10-03T19:40:15.889Z,ATTACK-34077eca01,REJECT,MIXING_LOCKOUT,BASE_FINE,1.0,DOSE 1.0 mL NaOH 0.005 M fine from attack script (original)
attack run 3 Oct (station on the laptop),2026-10-03T19:40:15.890Z,ATTACK-4694ecf803,REJECT,MIXING_LOCKOUT,BASE_FINE,1.0,DOSE 1.0 mL NaOH 0.005 M fine from attack script (original)
attack run 3 Oct (station on the laptop),2026-10-03T19:40:15.892Z,ATTACK-cd741f6329,REJECT,MIXING_LOCKOUT,BASE_FINE,1.0,DOSE 1.0 mL NaOH 0.005 M fine from attack script (original)
attack run 3 Oct (station on the laptop),2026-10-03T19:40:15.893Z,ATTACK-2849ce3628,REJECT,MIXING_LOCKOUT,BASE_FINE,1.0,DOSE 1.0 mL NaOH 0.005 M fine from attack script (original)
attack run 3 Oct (station on the laptop),2026-10-03T19:40:15.895Z,ATTACK-602a87ac98,REJECT,MIXING_LOCKOUT,BASE_FINE,1.0,DOSE 1.0 mL NaOH 0.005 M fine from attack script (original)
attack run 3 Oct (station on the laptop),2026-10-03T19:40:15.897Z,ATTACK-7c83d1ff67,REJECT,MIXING_LOCKOUT,BASE_FINE,1.0,DOSE 1.0 mL NaOH 0.005 M fine from attack script (original)
attack run 3 Oct (station on the laptop),2026-10-03T19:40:15.898Z,ATTACK-8591c518ea,REJECT,MIXING_LOCKOUT,BASE_FINE,1.0,DOSE 1.0 mL NaOH 0.005 M fine from attack script (original)
attack run 3 Oct (station on the laptop),2026-10-03T19:40:15.900Z,ATTACK-a11740be99,REJECT,MIXING_LOCKOUT,BASE_FINE,1.0,DOSE 1.0 mL NaOH 0.005 M fine from attack script (original)
attack run 3 Oct (station on the laptop),2026-10-03T19:40:15.902Z,ATTACK-edeb348eb1,REJECT,MIXING_LOCKOUT,BASE_FINE,1.0,DOSE 1.0 mL NaOH 0.005 M fine from attack script (original)
attack run 3 Oct (station on the laptop),2026-10-03T19:40:15.904Z,ATTACK-be7ef58216,REJECT,MIXING_LOCKOUT,BASE_FINE,1.0,DOSE 1.0 mL NaOH 0.005 M fine from attack script (original)
attack run 3 Oct (station on the laptop),2026-10-03T19:40:15.905Z,ATTACK-b112ab191d,REJECT,MIXING_LOCKOUT,BASE_FINE,1.0,DOSE 1.0 mL NaOH 0.005 M fine from attack script (original)
attack run 3 Oct (station on the laptop),2026-10-03T19:40:15.907Z,ATTACK-d99c20b39d,REJECT,MIXING_LOCKOUT,BASE_FINE,1.0,DOSE 1.0 mL NaOH 0.005 M fine from attack script (original)
attack run 3 Oct (station on the laptop),2026-10-03T19:40:15.908Z,ATTACK-143e44b87a,REJECT,MIXING_LOCKOUT,BASE_FINE,1.0,DOSE 1.0 mL NaOH 0.005 M fine from attack script (original)
attack run 3 Oct (station on the laptop),2026-10-03T19:40:15.909Z,ATTACK-3785ee518a,REJECT,MIXING_LOCKOUT,BASE_FINE,1.0,DOSE 1.0 mL NaOH 0.005 M fine from attack script (original)
attack run 3 Oct (station on the laptop),2026-10-03T19:40:15.911Z,ATTACK-96329599d2,REJECT,MIXING_LOCKOUT,BASE_FINE,1.0,DOSE 1.0 mL NaOH 0.005 M fine from attack script (original)
attack run 3 Oct (station on the laptop),2026-10-03T19:40:15.912Z,ATTACK-c989ee0123,REJECT,MIXING_LOCKOUT,BASE_FINE,1.0,DOSE 1.0 mL NaOH 0.005 M fine from attack script (original)
attack run 3 Oct (station on the laptop),2026-10-03T19:40:15.914Z,ATTACK-1fde7e356e,REJECT,MIXING_LOCKOUT,BASE_FINE,1.0,DOSE 1.0 mL NaOH 0.005 M fine from attack script (original)
attack run 3 Oct (station on the laptop),2026-10-03T19:40:15.915Z,ATTACK-661a9a3560,REJECT,MIXING_LOCKOUT,BASE_FINE,1.0,DOSE 1.0 mL NaOH 0.005 M fine from attack script (original)
attack run 3 Oct (station on the laptop),2026-10-03T19:40:15.917Z,ATTACK-86d9160e75,REJECT,MIXING_LOCKOUT,BASE_FINE,1.0,DOSE 1.0 mL NaOH 0.005 M fine from attack script (original)
attack run 3 Oct (station on the laptop),2026-10-03T19:40:15.918Z,ATTACK-08bbcdf2a0,REJECT,MIXING_LOCKOUT,BASE_FINE,1.0,DOSE 1.0 mL NaOH 0.005 M fine from attack script (original)
attack run 3 Oct (station on the laptop),2026-10-03T19:40:15.920Z,ATTACK-5cf0f067be,REJECT,MIXING_LOCKOUT,BASE_FINE,1.0,DOSE 1.0 mL NaOH 0.005 M fine from attack script (original)
attack run 3 Oct (station on the laptop),2026-10-03T19:40:15.921Z,ATTACK-b21051cb6e,REJECT,MIXING_LOCKOUT,BASE_FINE,1.0,DOSE 1.0 mL NaOH 0.005 M fine from attack script (original)
attack run 3 Oct (station on the laptop),2026-10-03T19:40:15.923Z,ATTACK-b8ffde3fcc,REJECT,MIXING_LOCKOUT,BASE_FINE,1.0,DOSE 1.0 mL NaOH 0.005 M fine from attack script (original)
attack run 3 Oct (station on the laptop),2026-10-03T19:40:15.924Z,ATTACK-e5799c3faa,REJECT,MIXING_LOCKOUT,BASE_FINE,1.0,DOSE 1.0 mL NaOH 0.005 M fine from attack script (original)
attack run 3 Oct (station on the laptop),2026-10-03T19:40:15.926Z,ATTACK-72c150c56e,REJECT,MIXING_LOCKOUT,BASE_FINE,1.0,DOSE 1.0 mL NaOH 0.005 M fine from attack script (original)
attack run 3 Oct (station on the laptop),2026-10-03T19:40:15.927Z,ATTACK-799c47b9f0,REJECT,MIXING_LOCKOUT,BASE_FINE,1.0,DOSE 1.0 mL NaOH 0.005 M fine from attack script (original)
attack run 3 Oct (station on the laptop),2026-10-03T19:40:15.928Z,ATTACK-bed2a3a261,REJECT,MIXING_LOCKOUT,BASE_FINE,1.0,DOSE 1.0 mL NaOH 0.005 M fine from attack script (original)
attack run 3 Oct (station on the laptop),2026-10-03T19:40:15.930Z,ATTACK-95d28d6281,REJECT,MIXING_LOCKOUT,BASE_FINE,1.0,DOSE 1.0 mL NaOH 0.005 M fine from attack script (original)
attack run 3 Oct (station on the laptop),2026-10-03T19:40:15.932Z,ATTACK-76560b6ed4,REJECT,MIXING_LOCKOUT,BASE_FINE,1.0,DOSE 1.0 mL NaOH 0.005 M fine from attack script (original)
attack run 3 Oct (station on the laptop),2026-10-03T19:40:15.933Z,ATTACK-4ec49ba0c7,REJECT,MIXING_LOCKOUT,BASE_FINE,1.0,DOSE 1.0 mL NaOH 0.005 M fine from attack script (original)
attack run 3 Oct (station on the laptop),2026-10-03T19:40:15.935Z,ATTACK-2c66ec7861,REJECT,MIXING_LOCKOUT,BASE_FINE,1.0,DOSE 1.0 mL NaOH 0.005 M fine from attack script (original)
attack run 3 Oct (station on the laptop),2026-10-03T19:40:15.936Z,ATTACK-ba68b2b939,REJECT,MIXING_LOCKOUT,BASE_FINE,1.0,DOSE 1.0 mL NaOH 0.005 M fine from attack script (original)
attack run 3 Oct (station on the laptop),2026-10-03T19:40:15.938Z,ATTACK-3fabb50587,REJECT,MIXING_LOCKOUT,BASE_FINE,1.0,DOSE 1.0 mL NaOH 0.005 M fine from attack script (original)
attack run 3 Oct (station on the laptop),2026-10-03T19:40:15.939Z,ATTACK-df718ff0e4,REJECT,MIXING_LOCKOUT,BASE_FINE,1.0,DOSE 1.0 mL NaOH 0.005 M fine from attack script (original)
attack run 3 Oct (station on the laptop),2026-10-03T19:40:15.941Z,ATTACK-12f17c9b85,REJECT,MIXING_LOCKOUT,BASE_FINE,1.0,DOSE 1.0 mL NaOH 0.005 M fine from attack script (original)
attack run 3 Oct (station on the laptop),2026-10-03T19:40:15.942Z,ATTACK-9e4a7a6646,REJECT,MIXING_LOCKOUT,BASE_FINE,1.0,DOSE 1.0 mL NaOH 0.005 M fine from attack script (original)
attack run 3 Oct (station on the laptop),2026-10-03T19:40:15.944Z,ATTACK-f5075f0823,REJECT,MIXING_LOCKOUT,BASE_FINE,1.0,DOSE 1.0 mL NaOH 0.005 M fine from attack script (original)
attack run 3 Oct (station on the laptop),2026-10-03T19:40:15.945Z,ATTACK-9a8a10a967,REJECT,MIXING_LOCKOUT,BASE_FINE,1.0,DOSE 1.0 mL NaOH 0.005 M fine from attack script (original)
attack run 3 Oct (station on the laptop),2026-10-03T19:40:15.947Z,ATTACK-e9e21c4b82,REJECT,MIXING_LOCKOUT,BASE_FINE,1.0,DOSE 1.0 mL NaOH 0.005 M fine from attack script (original)
attack run 3 Oct (station on the laptop),2026-10-03T19:40:15.949Z,ATTACK-db6609ec0d,REJECT,MIXING_LOCKOUT,BASE_FINE,1.0,DOSE 1.0 mL NaOH 0.005 M fine from attack script (original)
attack run 3 Oct (station on the laptop),2026-10-03T19:40:15.951Z,ATTACK-d2d5c4086e,REJECT,MIXING_LOCKOUT,BASE_FINE,1.0,DOSE 1.0 mL NaOH 0.005 M fine from attack script (original)
attack run 3 Oct (station on the laptop),2026-10-03T19:40:15.952Z,ATTACK-1a3f338f9b,REJECT,MIXING_LOCKOUT,BASE_FINE,1.0,DOSE 1.0 mL NaOH 0.005 M fine from attack script (original)
attack run 3 Oct (station on the laptop),2026-10-03T19:40:15.954Z,ATTACK-e0568c1b25,REJECT,MIXING_LOCKOUT,BASE_FINE,1.0,DOSE 1.0 mL NaOH 0.005 M fine from attack script (original)
attack run 3 Oct (station on the laptop),2026-10-03T19:40:15.955Z,ATTACK-21406f2276,REJECT,MIXING_LOCKOUT,BASE_FINE,1.0,DOSE 1.0 mL NaOH 0.005 M fine from attack script (original)
attack run 3 Oct (station on the laptop),2026-10-03T19:40:15.957Z,ATTACK-43f48e3da2,REJECT,MIXING_LOCKOUT,BASE_FINE,1.0,DOSE 1.0 mL NaOH 0.005 M fine from attack script (original)
attack run 3 Oct (station on the laptop),2026-10-03T19:40:15.958Z,ATTACK-a9e32bfcaf,REJECT,MIXING_LOCKOUT,BASE_FINE,1.0,DOSE 1.0 mL NaOH 0.005 M fine from attack script (original)
attack run 3 Oct (station on the laptop),2026-10-03T19:40:15.960Z,ATTACK-e12f8d221b,REJECT,MIXING_LOCKOUT,BASE_FINE,1.0,DOSE 1.0 mL NaOH 0.005 M fine from attack script (original)
attack run 3 Oct (station on the laptop),2026-10-03T19:40:15.961Z,ATTACK-5355d05d35,REJECT,MIXING_LOCKOUT,BASE_FINE,1.0,DOSE 1.0 mL NaOH 0.005 M fine from attack script (original)
attack run 3 Oct (station on the laptop),2026-10-03T19:40:15.962Z,ATTACK-92518775e3,REJECT,MIXING_LOCKOUT,BASE_FINE,1.0,DOSE 1.0 mL NaOH 0.005 M fine from attack script (original)
attack run 3 Oct (station on the laptop),2026-10-03T19:40:15.964Z,ATTACK-94f978b30c,REJECT,MIXING_LOCKOUT,BASE_FINE,1.0,DOSE 1.0 mL NaOH 0.005 M fine from attack script (original)
attack run 3 Oct (station on the laptop),2026-10-03T19:40:15.966Z,ATTACK-d44eadfc6d,REJECT,MIXING_LOCKOUT,BASE_FINE,1.0,DOSE 1.0 mL NaOH 0.005 M fine from attack script (original)
attack run 3 Oct (station on the laptop),2026-10-03T19:40:15.967Z,ATTACK-4975524329,REJECT,MIXING_LOCKOUT,BASE_FINE,1.0,DOSE 1.0 mL NaOH 0.005 M fine from attack script (original)
attack run 3 Oct (station on the laptop),2026-10-03T19:40:15.969Z,ATTACK-f6edc2db24,REJECT,MIXING_LOCKOUT,BASE_FINE,1.0,DOSE 1.0 mL NaOH 0.005 M fine from attack script (original)
attack run 3 Oct (station on the laptop),2026-10-03T19:40:15.971Z,ATTACK-f5b859585c,REJECT,MIXING_LOCKOUT,BASE_FINE,1.0,DOSE 1.0 mL NaOH 0.005 M fine from attack script (original)
attack run 3 Oct (station on the laptop),2026-10-03T19:40:15.973Z,ATTACK-1ed3b6bce3,REJECT,MIXING_LOCKOUT,BASE_FINE,1.0,DOSE 1.0 mL NaOH 0.005 M fine from attack script (original)
attack run 3 Oct (station on the laptop),2026-10-03T19:40:15.975Z,ATTACK-3413cb46fa,REJECT,MIXING_LOCKOUT,BASE_FINE,1.0,DOSE 1.0 mL NaOH 0.005 M fine from attack script (original)
attack run 3 Oct (station on the laptop),2026-10-03T19:40:15.976Z,ATTACK-2032072827,REJECT,MIXING_LOCKOUT,BASE_FINE,1.0,DOSE 1.0 mL NaOH 0.005 M fine from attack script (original)
attack run 3 Oct (station on the laptop),2026-10-03T19:40:15.978Z,ATTACK-b94cb73b04,REJECT,MIXING_LOCKOUT,BASE_FINE,1.0,DOSE 1.0 mL NaOH 0.005 M fine from attack script (original)
attack run 3 Oct (station on the laptop),2026-10-03T19:40:15.979Z,ATTACK-b07980169b,REJECT,MIXING_LOCKOUT,BASE_FINE,1.0,DOSE 1.0 mL NaOH 0.005 M fine from attack script (original)
attack run 3 Oct (station on the laptop),2026-10-03T19:40:15.980Z,ATTACK-a8b90129d6,REJECT,MIXING_LOCKOUT,BASE_FINE,1.0,DOSE 1.0 mL NaOH 0.005 M fine from attack script (original)
attack run 3 Oct (station on the laptop),2026-10-03T19:40:15.982Z,ATTACK-5a95a195d3,REJECT,MIXING_LOCKOUT,BASE_FINE,1.0,DOSE 1.0 mL NaOH 0.005 M fine from attack script (original)
attack run 3 Oct (station on the laptop),2026-10-03T19:40:15.984Z,ATTACK-abfb2f2a8c,REJECT,MIXING_LOCKOUT,BASE_FINE,1.0,DOSE 1.0 mL NaOH 0.005 M fine from attack script (original)
attack run 3 Oct (station on the laptop),2026-10-03T19:40:15.985Z,ATTACK-96a7b5f9d8,REJECT,MIXING_LOCKOUT,BASE_FINE,1.0,DOSE 1.0 mL NaOH 0.005 M fine from attack script (original)
attack run 3 Oct (station on the laptop),2026-10-03T19:40:15.987Z,ATTACK-3be1e29584,REJECT,MIXING_LOCKOUT,BASE_FINE,1.0,DOSE 1.0 mL NaOH 0.005 M fine from attack script (original)
attack run 3 Oct (station on the laptop),2026-10-03T19:40:15.988Z,ATTACK-f8bd5e726d,REJECT,MIXING_LOCKOUT,BASE_FINE,1.0,DOSE 1.0 mL NaOH 0.005 M fine from attack script (original)
attack run 3 Oct (station on the laptop),2026-10-03T19:40:15.990Z,ATTACK-e592ead0be,REJECT,MIXING_LOCKOUT,BASE_FINE,1.0,DOSE 1.0 mL NaOH 0.005 M fine from attack script (original)
attack run 3 Oct (station on the laptop),2026-10-03T19:40:15.991Z,ATTACK-3d6b6d621b,REJECT,MIXING_LOCKOUT,BASE_FINE,1.0,DOSE 1.0 mL NaOH 0.005 M fine from attack script (original)
attack run 3 Oct (station on the laptop),2026-10-03T19:40:15.993Z,ATTACK-fbc0bbbdd6,REJECT,MIXING_LOCKOUT,BASE_FINE,1.0,DOSE 1.0 mL NaOH 0.005 M fine from attack script (original)
attack run 3 Oct (station on the laptop),2026-10-03T19:40:15.994Z,ATTACK-386ada6ae6,REJECT,MIXING_LOCKOUT,BASE_FINE,1.0,DOSE 1.0 mL NaOH 0.005 M fine from attack script (original)
attack run 3 Oct (station on the laptop),2026-10-03T19:40:15.996Z,ATTACK-77044b2cca,REJECT,MIXING_LOCKOUT,BASE_FINE,1.0,DOSE 1.0 mL NaOH 0.005 M fine from attack script (original)
attack run 3 Oct (station on the laptop),2026-10-03T19:40:15.997Z,ATTACK-7319e61d8a,REJECT,MIXING_LOCKOUT,BASE_FINE,1.0,DOSE 1.0 mL NaOH 0.005 M fine from attack script (original)
attack run 3 Oct (station on the laptop),2026-10-03T19:40:15.999Z,ATTACK-a36be3adb6,REJECT,MIXING_LOCKOUT,BASE_FINE,1.0,DOSE 1.0 mL NaOH 0.005 M fine from attack script (original)
attack run 3 Oct (station on the laptop),2026-10-03T19:40:16.001Z,ATTACK-4392a3bb8a,REJECT,MIXING_LOCKOUT,BASE_FINE,1.0,DOSE 1.0 mL NaOH 0.005 M fine from attack script (original)
attack run 3 Oct (station on the laptop),2026-10-03T19:40:16.003Z,ATTACK-469b96da41,REJECT,MIXING_LOCKOUT,BASE_FINE,1.0,DOSE 1.0 mL NaOH 0.005 M fine from attack script (original)
attack run 3 Oct (station on the laptop),2026-10-03T19:40:16.004Z,ATTACK-8432d9700b,REJECT,MIXING_LOCKOUT,BASE_FINE,1.0,DOSE 1.0 mL NaOH 0.005 M fine from attack script (original)
attack run 3 Oct (station on the laptop),2026-10-03T19:40:16.006Z,ATTACK-3e615cf572,REJECT,MIXING_LOCKOUT,BASE_FINE,1.0,DOSE 1.0 mL NaOH 0.005 M fine from attack script (original)
attack run 3 Oct (station on the laptop),2026-10-03T19:40:16.008Z,ATTACK-1a8bb32888,REJECT,MIXING_LOCKOUT,BASE_FINE,1.0,DOSE 1.0 mL NaOH 0.005 M fine from attack script (original)
attack run 3 Oct (station on the laptop),2026-10-03T19:40:16.009Z,ATTACK-de36aed209,REJECT,MIXING_LOCKOUT,BASE_FINE,1.0,DOSE 1.0 mL NaOH 0.005 M fine from attack script (original)
attack run 3 Oct (station on the laptop),2026-10-03T19:40:16.011Z,ATTACK-82cd29376b,REJECT,MIXING_LOCKOUT,BASE_FINE,1.0,DOSE 1.0 mL NaOH 0.005 M fine from attack script (original)
attack run 3 Oct (station on the laptop),2026-10-03T19:40:16.012Z,ATTACK-f28f889ac3,REJECT,MIXING_LOCKOUT,BASE_FINE,1.0,DOSE 1.0 mL NaOH 0.005 M fine from attack script (original)
attack run 3 Oct (station on the laptop),2026-10-03T19:40:16.014Z,ATTACK-ea9d515325,REJECT,MIXING_LOCKOUT,BASE_FINE,1.0,DOSE 1.0 mL NaOH 0.005 M fine from attack script (original)
attack run 3 Oct (station on the laptop),2026-10-03T19:40:16.015Z,ATTACK-7d057eb45c,REJECT,MIXING_LOCKOUT,BASE_FINE,1.0,DOSE 1.0 mL NaOH 0.005 M fine from attack script (original)
attack run 3 Oct (station on the laptop),2026-10-03T19:40:16.017Z,ATTACK-132991992a,REJECT,MIXING_LOCKOUT,BASE_FINE,1.0,DOSE 1.0 mL NaOH 0.005 M fine from attack script (original)
attack run 3 Oct (station on the laptop),2026-10-03T19:40:16.018Z,ATTACK-b627782d33,REJECT,MIXING_LOCKOUT,BASE_FINE,1.0,DOSE 1.0 mL NaOH 0.005 M fine from attack script (original)
attack run 3 Oct (station on the laptop),2026-10-03T19:40:16.020Z,ATTACK-23cd1579ca,REJECT,MIXING_LOCKOUT,BASE_FINE,1.0,DOSE 1.0 mL NaOH 0.005 M fine from attack script (original)
attack run 3 Oct (station on the laptop),2026-10-03T19:40:16.022Z,ATTACK-047eb8524a,REJECT,MIXING_LOCKOUT,BASE_FINE,1.0,DOSE 1.0 mL NaOH 0.005 M fine from attack script (original)
attack run 3 Oct (station on the laptop),2026-10-03T19:40:16.023Z,ATTACK-3a57273684,REJECT,MIXING_LOCKOUT,BASE_FINE,1.0,DOSE 1.0 mL NaOH 0.005 M fine from attack script (original)
attack run 3 Oct (station on the laptop),2026-10-03T19:40:16.024Z,ATTACK-926f988546,REJECT,MIXING_LOCKOUT,BASE_FINE,1.0,DOSE 1.0 mL NaOH 0.005 M fine from attack script (original)
attack run 3 Oct (station on the laptop),2026-10-03T19:40:16.026Z,ATTACK-e2b11d6168,REJECT,MIXING_LOCKOUT,BASE_FINE,1.0,DOSE 1.0 mL NaOH 0.005 M fine from attack script (original)
attack run 3 Oct (station on the laptop),2026-10-03T19:40:16.027Z,ATTACK-52bc415260,REJECT,MIXING_LOCKOUT,BASE_FINE,1.0,DOSE 1.0 mL NaOH 0.005 M fine from attack script (original)
attack run 3 Oct (station on the laptop),2026-10-03T19:40:16.029Z,ATTACK-d30c221d9e,REJECT,MIXING_LOCKOUT,BASE_FINE,1.0,DOSE 1.0 mL NaOH 0.005 M fine from attack script (original)
attack run 3 Oct (station on the laptop),2026-10-03T19:40:16.030Z,ATTACK-e499a8905e,REJECT,MIXING_LOCKOUT,BASE_FINE,1.0,DOSE 1.0 mL NaOH 0.005 M fine from attack script (original)
attack run 3 Oct (station on the laptop),2026-10-03T19:40:16.032Z,ATTACK-1a39e4d5c5,REJECT,MIXING_LOCKOUT,BASE_FINE,1.0,DOSE 1.0 mL NaOH 0.005 M fine from attack script (original)
attack run 3 Oct (station on the laptop),2026-10-03T19:40:16.033Z,ATTACK-6131a84add,REJECT,MIXING_LOCKOUT,BASE_FINE,1.0,DOSE 1.0 mL NaOH 0.005 M fine from attack script (original)
attack run 3 Oct (station on the laptop),2026-10-03T19:40:16.035Z,ATTACK-233b95d356,REJECT,MIXING_LOCKOUT,BASE_FINE,1.0,DOSE 1.0 mL NaOH 0.005 M fine from attack script (original)
attack run 3 Oct (station on the laptop),2026-10-03T19:40:16.037Z,ATTACK-c3a6743569,REJECT,MIXING_LOCKOUT,BASE_FINE,1.0,DOSE 1.0 mL NaOH 0.005 M fine from attack script (original)
attack run 3 Oct (station on the laptop),2026-10-03T19:40:16.038Z,ATTACK-9fd999a69e,REJECT,MIXING_LOCKOUT,BASE_FINE,1.0,DOSE 1.0 mL NaOH 0.005 M fine from attack script (original)
attack run 3 Oct (station on the laptop),2026-10-03T19:40:16.040Z,ATTACK-6f79e3b312,REJECT,MIXING_LOCKOUT,BASE_FINE,1.0,DOSE 1.0 mL NaOH 0.005 M fine from attack script (original)
attack run 3 Oct (station on the laptop),2026-10-03T19:40:16.041Z,ATTACK-bfbec92f60,REJECT,MIXING_LOCKOUT,BASE_FINE,1.0,DOSE 1.0 mL NaOH 0.005 M fine from attack script (original)
attack run 3 Oct (station on the laptop),2026-10-03T19:40:16.043Z,ATTACK-06dfbc158d,REJECT,MIXING_LOCKOUT,BASE_FINE,1.0,DOSE 1.0 mL NaOH 0.005 M fine from attack script (original)
attack run 3 Oct (station on the laptop),2026-10-03T19:40:16.044Z,ATTACK-a9d16b7c6d,REJECT,MIXING_LOCKOUT,BASE_FINE,1.0,DOSE 1.0 mL NaOH 0.005 M fine from attack script (original)
attack run 3 Oct (station on the laptop),2026-10-03T19:40:16.046Z,ATTACK-922e9e1892,REJECT,MIXING_LOCKOUT,BASE_FINE,1.0,DOSE 1.0 mL NaOH 0.005 M fine from attack script (original)
attack run 3 Oct (station on the laptop),2026-10-03T19:40:16.047Z,ATTACK-e3faf31145,REJECT,MIXING_LOCKOUT,BASE_FINE,1.0,DOSE 1.0 mL NaOH 0.005 M fine from attack script (original)
attack run 3 Oct (station on the laptop),2026-10-03T19:40:16.048Z,ATTACK-f3eea668de,REJECT,MIXING_LOCKOUT,BASE_FINE,1.0,DOSE 1.0 mL NaOH 0.005 M fine from attack script (original)
attack run 3 Oct (station on the laptop),2026-10-03T19:40:16.050Z,ATTACK-4f8c2d7c04,REJECT,MIXING_LOCKOUT,BASE_FINE,1.0,DOSE 1.0 mL NaOH 0.005 M fine from attack script (original)
attack run 3 Oct (station on the laptop),2026-10-03T19:40:16.051Z,ATTACK-f5f216a9f3,REJECT,MIXING_LOCKOUT,BASE_FINE,1.0,DOSE 1.0 mL NaOH 0.005 M fine from attack script (original)
attack run 3 Oct (station on the laptop),2026-10-03T19:40:16.053Z,ATTACK-6952e0ff87,REJECT,MIXING_LOCKOUT,BASE_FINE,1.0,DOSE 1.0 mL NaOH 0.005 M fine from attack script (original)
attack run 3 Oct (station on the laptop),2026-10-03T19:40:16.055Z,ATTACK-5310828b2b,REJECT,MIXING_LOCKOUT,BASE_FINE,1.0,DOSE 1.0 mL NaOH 0.005 M fine from attack script (original)
attack run 3 Oct (station on the laptop),2026-10-03T19:40:16.057Z,ATTACK-b1b6d5e283,REJECT,MIXING_LOCKOUT,BASE_FINE,1.0,DOSE 1.0 mL NaOH 0.005 M fine from attack script (original)
attack run 3 Oct (station on the laptop),2026-10-03T19:40:16.059Z,ATTACK-738948ba1b,REJECT,MIXING_LOCKOUT,BASE_FINE,1.0,DOSE 1.0 mL NaOH 0.005 M fine from attack script (original)
attack run 3 Oct (station on the laptop),2026-10-03T19:40:16.060Z,ATTACK-10f3499831,REJECT,MIXING_LOCKOUT,BASE_FINE,1.0,DOSE 1.0 mL NaOH 0.005 M fine from attack script (original)
attack run 3 Oct (station on the laptop),2026-10-03T19:40:16.062Z,ATTACK-e78ce665e5,REJECT,MIXING_LOCKOUT,BASE_FINE,1.0,DOSE 1.0 mL NaOH 0.005 M fine from attack script (original)
attack run 3 Oct (station on the laptop),2026-10-03T19:40:16.063Z,ATTACK-1bfe9e1b42,REJECT,MIXING_LOCKOUT,BASE_FINE,1.0,DOSE 1.0 mL NaOH 0.005 M fine from attack script (original)
attack run 3 Oct (station on the laptop),2026-10-03T19:40:16.065Z,ATTACK-9661e43571,REJECT,MIXING_LOCKOUT,BASE_FINE,1.0,DOSE 1.0 mL NaOH 0.005 M fine from attack script (original)
attack run 3 Oct (station on the laptop),2026-10-03T19:40:16.066Z,ATTACK-2c1163f567,REJECT,MIXING_LOCKOUT,BASE_FINE,1.0,DOSE 1.0 mL NaOH 0.005 M fine from attack script (original)
attack run 3 Oct (station on the laptop),2026-10-03T19:40:16.068Z,ATTACK-4e10249798,REJECT,MIXING_LOCKOUT,BASE_FINE,1.0,DOSE 1.0 mL NaOH 0.005 M fine from attack script (original)
attack run 3 Oct (station on the laptop),2026-10-03T19:40:16.070Z,ATTACK-5ccf04edb0,REJECT,MIXING_LOCKOUT,BASE_FINE,1.0,DOSE 1.0 mL NaOH 0.005 M fine from attack script (original)
attack run 3 Oct (station on the laptop),2026-10-03T19:40:16.071Z,ATTACK-8b6a0f88c7,REJECT,MIXING_LOCKOUT,BASE_FINE,1.0,DOSE 1.0 mL NaOH 0.005 M fine from attack script (original)
attack run 3 Oct (station on the laptop),2026-10-03T19:40:16.073Z,ATTACK-7347c0225a,REJECT,MIXING_LOCKOUT,BASE_FINE,1.0,DOSE 1.0 mL NaOH 0.005 M fine from attack script (original)
attack run 3 Oct (station on the laptop),2026-10-03T19:40:16.075Z,ATTACK-4c3d4bca07,REJECT,MIXING_LOCKOUT,BASE_FINE,1.0,DOSE 1.0 mL NaOH 0.005 M fine from attack script (original)
attack run 3 Oct (station on the laptop),2026-10-03T19:40:16.077Z,ATTACK-96921d1857,REJECT,MIXING_LOCKOUT,BASE_FINE,1.0,DOSE 1.0 mL NaOH 0.005 M fine from attack script (original)
attack run 3 Oct (station on the laptop),2026-10-03T19:40:16.078Z,ATTACK-e16d424626,REJECT,MIXING_LOCKOUT,BASE_FINE,1.0,DOSE 1.0 mL NaOH 0.005 M fine from attack script (original)
attack run 3 Oct (station on the laptop),2026-10-03T19:40:16.080Z,ATTACK-89b9c84a0a,REJECT,MIXING_LOCKOUT,BASE_FINE,1.0,DOSE 1.0 mL NaOH 0.005 M fine from attack script (original)
attack run 3 Oct (station on the laptop),2026-10-03T19:40:16.082Z,ATTACK-30134fea01,REJECT,MIXING_LOCKOUT,BASE_FINE,1.0,DOSE 1.0 mL NaOH 0.005 M fine from attack script (original)
attack run 3 Oct (station on the laptop),2026-10-03T19:40:16.083Z,ATTACK-d00a57c94a,REJECT,MIXING_LOCKOUT,BASE_FINE,1.0,DOSE 1.0 mL NaOH 0.005 M fine from attack script (original)
attack run 3 Oct (station on the laptop),2026-10-03T19:40:16.085Z,ATTACK-e288ce204f,REJECT,MIXING_LOCKOUT,BASE_FINE,1.0,DOSE 1.0 mL NaOH 0.005 M fine from attack script (original)
attack run 3 Oct (station on the laptop),2026-10-03T19:40:16.086Z,ATTACK-501b555df3,REJECT,MIXING_LOCKOUT,BASE_FINE,1.0,DOSE 1.0 mL NaOH 0.005 M fine from attack script (original)
attack run 3 Oct (station on the laptop),2026-10-03T19:40:16.088Z,ATTACK-efee5dd359,REJECT,MIXING_LOCKOUT,BASE_FINE,1.0,DOSE 1.0 mL NaOH 0.005 M fine from attack script (original)
attack run 3 Oct (station on the laptop),2026-10-03T19:40:16.090Z,ATTACK-adf36c71e5,REJECT,MIXING_LOCKOUT,BASE_FINE,1.0,DOSE 1.0 mL NaOH 0.005 M fine from attack script (original)
attack run 3 Oct (station on the laptop),2026-10-03T19:40:16.091Z,ATTACK-103c49d3da,REJECT,MIXING_LOCKOUT,BASE_FINE,1.0,DOSE 1.0 mL NaOH 0.005 M fine from attack script (original)
attack run 3 Oct (station on the laptop),2026-10-03T19:40:16.093Z,ATTACK-985daeefde,REJECT,MIXING_LOCKOUT,BASE_FINE,1.0,DOSE 1.0 mL NaOH 0.005 M fine from attack script (original)
attack run 3 Oct (station on the laptop),2026-10-03T19:40:16.094Z,ATTACK-1dbfa37959,REJECT,MIXING_LOCKOUT,BASE_FINE,1.0,DOSE 1.0 mL NaOH 0.005 M fine from attack script (original)
attack run 3 Oct (station on the laptop),2026-10-03T19:40:16.096Z,ATTACK-4a86663bc5,REJECT,MIXING_LOCKOUT,BASE_FINE,1.0,DOSE 1.0 mL NaOH 0.005 M fine from attack script (original)
attack run 3 Oct (station on the laptop),2026-10-03T19:40:16.097Z,ATTACK-33452ab808,REJECT,MIXING_LOCKOUT,BASE_FINE,1.0,DOSE 1.0 mL NaOH 0.005 M fine from attack script (original)
attack run 3 Oct (station on the laptop),2026-10-03T19:40:16.099Z,ATTACK-200c42554d,REJECT,MIXING_LOCKOUT,BASE_FINE,1.0,DOSE 1.0 mL NaOH 0.005 M fine from attack script (original)
attack run 3 Oct (station on the laptop),2026-10-03T19:40:16.101Z,ATTACK-788bb7ed6f,REJECT,MIXING_LOCKOUT,BASE_FINE,1.0,DOSE 1.0 mL NaOH 0.005 M fine from attack script (original)
attack run 3 Oct (station on the laptop),2026-10-03T19:40:16.102Z,ATTACK-43ec3cb0fb,REJECT,MIXING_LOCKOUT,BASE_FINE,1.0,DOSE 1.0 mL NaOH 0.005 M fine from attack script (original)
attack run 3 Oct (station on the laptop),2026-10-03T19:40:16.104Z,ATTACK-1562ea9e57,REJECT,MIXING_LOCKOUT,BASE_FINE,1.0,DOSE 1.0 mL NaOH 0.005 M fine from attack script (original)
attack run 3 Oct (station on the laptop),2026-10-03T19:40:16.105Z,ATTACK-318b1f1209,REJECT,MIXING_LOCKOUT,BASE_FINE,1.0,DOSE 1.0 mL NaOH 0.005 M fine from attack script (original)
attack run 3 Oct (station on the laptop),2026-10-03T19:40:16.106Z,ATTACK-1fb19d43b5,REJECT,MIXING_LOCKOUT,BASE_FINE,1.0,DOSE 1.0 mL NaOH 0.005 M fine from attack script (original)
attack run 3 Oct (station on the laptop),2026-10-03T19:40:16.108Z,ATTACK-a383adca8f,REJECT,MIXING_LOCKOUT,BASE_FINE,1.0,DOSE 1.0 mL NaOH 0.005 M fine from attack script (original)
attack run 3 Oct (station on the laptop),2026-10-03T19:40:16.109Z,ATTACK-1bc7fbf7ba,REJECT,MIXING_LOCKOUT,BASE_FINE,1.0,DOSE 1.0 mL NaOH 0.005 M fine from attack script (original)
attack run 3 Oct (station on the laptop),2026-10-03T19:40:16.111Z,ATTACK-44e5d78be4,REJECT,MIXING_LOCKOUT,BASE_FINE,1.0,DOSE 1.0 mL NaOH 0.005 M fine from attack script (original)
attack run 3 Oct (station on the laptop),2026-10-03T19:40:16.113Z,ATTACK-b9e6fba099,REJECT,MIXING_LOCKOUT,BASE_FINE,1.0,DOSE 1.0 mL NaOH 0.005 M fine from attack script (original)
attack run 3 Oct (station on the laptop),2026-10-03T19:40:16.114Z,ATTACK-00a058de31,REJECT,MIXING_LOCKOUT,BASE_FINE,1.0,DOSE 1.0 mL NaOH 0.005 M fine from attack script (original)
attack run 3 Oct (station on the laptop),2026-10-03T19:40:16.115Z,ATTACK-8fc246931b,REJECT,MIXING_LOCKOUT,BASE_FINE,1.0,DOSE 1.0 mL NaOH 0.005 M fine from attack script (original)
attack run 3 Oct (station on the laptop),2026-10-03T19:40:16.117Z,ATTACK-59fb8a9d3b,REJECT,MIXING_LOCKOUT,BASE_FINE,1.0,DOSE 1.0 mL NaOH 0.005 M fine from attack script (original)
attack run 3 Oct (station on the laptop),2026-10-03T19:40:16.118Z,ATTACK-a73ca07f5a,REJECT,MIXING_LOCKOUT,BASE_FINE,1.0,DOSE 1.0 mL NaOH 0.005 M fine from attack script (original)
attack run 3 Oct (station on the laptop),2026-10-03T19:40:16.120Z,ATTACK-f3a63262a7,REJECT,MIXING_LOCKOUT,BASE_FINE,1.0,DOSE 1.0 mL NaOH 0.005 M fine from attack script (original)
attack run 3 Oct (station on the laptop),2026-10-03T19:40:16.121Z,ATTACK-90b49d045b,REJECT,MIXING_LOCKOUT,BASE_FINE,1.0,DOSE 1.0 mL NaOH 0.005 M fine from attack script (original)
attack run 3 Oct (station on the laptop),2026-10-03T19:40:16.123Z,ATTACK-dd0c5815dd,REJECT,MIXING_LOCKOUT,BASE_FINE,1.0,DOSE 1.0 mL NaOH 0.005 M fine from attack script (original)
attack run 3 Oct (station on the laptop),2026-10-03T19:40:16.125Z,ATTACK-88298a0fad,REJECT,MIXING_LOCKOUT,BASE_FINE,1.0,DOSE 1.0 mL NaOH 0.005 M fine from attack script (original)
attack run 3 Oct (station on the laptop),2026-10-03T19:40:16.126Z,ATTACK-a9a48b101f,REJECT,MIXING_LOCKOUT,BASE_FINE,1.0,DOSE 1.0 mL NaOH 0.005 M fine from attack script (original)
attack run 3 Oct (station on the laptop),2026-10-03T19:40:16.128Z,ATTACK-2897f942c5,REJECT,MIXING_LOCKOUT,BASE_FINE,1.0,DOSE 1.0 mL NaOH 0.005 M fine from attack script (original)
attack run 3 Oct (station on the laptop),2026-10-03T19:40:16.130Z,ATTACK-2f72e9fbb9,REJECT,MIXING_LOCKOUT,BASE_FINE,1.0,DOSE 1.0 mL NaOH 0.005 M fine from attack script (original)
attack run 3 Oct (station on the laptop),2026-10-03T19:40:16.131Z,ATTACK-df4461f6ef,REJECT,MIXING_LOCKOUT,BASE_FINE,1.0,DOSE 1.0 mL NaOH 0.005 M fine from attack script (original)
attack run 3 Oct (station on the laptop),2026-10-03T19:40:16.133Z,ATTACK-2e77321cff,REJECT,MIXING_LOCKOUT,BASE_FINE,1.0,DOSE 1.0 mL NaOH 0.005 M fine from attack script (original)
attack run 3 Oct (station on the laptop),2026-10-03T19:40:16.135Z,ATTACK-00a592a950,REJECT,MIXING_LOCKOUT,BASE_FINE,1.0,DOSE 1.0 mL NaOH 0.005 M fine from attack script (original)
attack run 3 Oct (station on the laptop),2026-10-03T19:40:16.137Z,ATTACK-de8c9895ac,REJECT,MIXING_LOCKOUT,BASE_FINE,1.0,DOSE 1.0 mL NaOH 0.005 M fine from attack script (original)
attack run 3 Oct (station on the laptop),2026-10-03T19:40:16.138Z,ATTACK-c5058bc0ba,REJECT,MIXING_LOCKOUT,BASE_FINE,1.0,DOSE 1.0 mL NaOH 0.005 M fine from attack script (original)
attack run 3 Oct (station on the laptop),2026-10-03T19:40:16.140Z,ATTACK-dbb0590c25,REJECT,MIXING_LOCKOUT,BASE_FINE,1.0,DOSE 1.0 mL NaOH 0.005 M fine from attack script (original)
attack run 3 Oct (station on the laptop),2026-10-03T19:40:16.141Z,ATTACK-9b74136679,REJECT,MIXING_LOCKOUT,BASE_FINE,1.0,DOSE 1.0 mL NaOH 0.005 M fine from attack script (original)
attack run 3 Oct (station on the laptop),2026-10-03T19:40:16.143Z,ATTACK-ebea04b4ab,REJECT,MIXING_LOCKOUT,BASE_FINE,1.0,DOSE 1.0 mL NaOH 0.005 M fine from attack script (original)
attack run 3 Oct (station on the laptop),2026-10-03T19:40:16.144Z,ATTACK-f9babf7417,REJECT,MIXING_LOCKOUT,BASE_FINE,1.0,DOSE 1.0 mL NaOH 0.005 M fine from attack script (original)
attack run 3 Oct (station on the laptop),2026-10-03T19:40:16.146Z,ATTACK-88d26c88f7,REJECT,MIXING_LOCKOUT,BASE_FINE,1.0,DOSE 1.0 mL NaOH 0.005 M fine from attack script (original)
attack run 3 Oct (station on the laptop),2026-10-03T19:40:16.147Z,ATTACK-1e5201c9dc,REJECT,MIXING_LOCKOUT,BASE_FINE,1.0,DOSE 1.0 mL NaOH 0.005 M fine from attack script (original)
attack run 3 Oct (station on the laptop),2026-10-03T19:40:16.148Z,ATTACK-615398d83f,REJECT,MIXING_LOCKOUT,BASE_FINE,1.0,DOSE 1.0 mL NaOH 0.005 M fine from attack script (original)
attack run 3 Oct (station on the laptop),2026-10-03T19:40:16.150Z,ATTACK-58cb0a6e5c,REJECT,MIXING_LOCKOUT,BASE_FINE,1.0,DOSE 1.0 mL NaOH 0.005 M fine from attack script (original)
attack run 3 Oct (station on the laptop),2026-10-03T19:40:16.152Z,ATTACK-b373ebe916,REJECT,MIXING_LOCKOUT,BASE_FINE,1.0,DOSE 1.0 mL NaOH 0.005 M fine from attack script (original)
attack run 3 Oct (station on the laptop),2026-10-03T19:40:16.153Z,ATTACK-e0a666ac21,REJECT,MIXING_LOCKOUT,BASE_FINE,1.0,DOSE 1.0 mL NaOH 0.005 M fine from attack script (original)
attack run 3 Oct (station on the laptop),2026-10-03T19:40:16.155Z,ATTACK-eee092af13,REJECT,MIXING_LOCKOUT,BASE_FINE,1.0,DOSE 1.0 mL NaOH 0.005 M fine from attack script (original)
attack run 3 Oct (station on the laptop),2026-10-03T19:40:16.156Z,ATTACK-066bfbc0b6,REJECT,MIXING_LOCKOUT,BASE_FINE,1.0,DOSE 1.0 mL NaOH 0.005 M fine from attack script (original)
attack run 3 Oct (station on the laptop),2026-10-03T19:40:16.158Z,ATTACK-24e37dde17,REJECT,MIXING_LOCKOUT,BASE_FINE,1.0,DOSE 1.0 mL NaOH 0.005 M fine from attack script (original)
attack run 3 Oct (station on the laptop),2026-10-03T19:40:16.159Z,ATTACK-aa1891b79c,REJECT,MIXING_LOCKOUT,BASE_FINE,1.0,DOSE 1.0 mL NaOH 0.005 M fine from attack script (original)
attack run 3 Oct (station on the laptop),2026-10-03T19:40:16.161Z,ATTACK-4e77363abf,REJECT,MIXING_LOCKOUT,BASE_FINE,1.0,DOSE 1.0 mL NaOH 0.005 M fine from attack script (original)
attack run 3 Oct (station on the laptop),2026-10-03T19:40:16.162Z,ATTACK-58e0f75a0a,REJECT,MIXING_LOCKOUT,BASE_FINE,1.0,DOSE 1.0 mL NaOH 0.005 M fine from attack script (original)
attack run 3 Oct (station on the laptop),2026-10-03T19:40:16.164Z,ATTACK-53847cfb4c,REJECT,MIXING_LOCKOUT,BASE_FINE,1.0,DOSE 1.0 mL NaOH 0.005 M fine from attack script (original)
attack run 3 Oct (station on the laptop),2026-10-03T19:40:16.165Z,ATTACK-569d526186,REJECT,MIXING_LOCKOUT,BASE_FINE,1.0,DOSE 1.0 mL NaOH 0.005 M fine from attack script (original)
attack run 3 Oct (station on the laptop),2026-10-03T19:40:16.166Z,ATTACK-c176337bf6,REJECT,MIXING_LOCKOUT,BASE_FINE,1.0,DOSE 1.0 mL NaOH 0.005 M fine from attack script (original)
attack run 3 Oct (station on the laptop),2026-10-03T19:40:16.168Z,ATTACK-ef741a89c1,REJECT,MIXING_LOCKOUT,BASE_FINE,1.0,DOSE 1.0 mL NaOH 0.005 M fine from attack script (original)
attack run 3 Oct (station on the laptop),2026-10-03T19:40:16.170Z,ATTACK-dd377394fa,REJECT,MIXING_LOCKOUT,BASE_FINE,1.0,DOSE 1.0 mL NaOH 0.005 M fine from attack script (original)
attack run 3 Oct (station on the laptop),2026-10-03T19:40:16.171Z,ATTACK-583aaa2e8c,REJECT,MIXING_LOCKOUT,BASE_FINE,1.0,DOSE 1.0 mL NaOH 0.005 M fine from attack script (original)
attack run 3 Oct (station on the laptop),2026-10-03T19:40:16.173Z,ATTACK-8e1839297f,REJECT,MIXING_LOCKOUT,BASE_FINE,1.0,DOSE 1.0 mL NaOH 0.005 M fine from attack script (original)
attack run 3 Oct (station on the laptop),2026-10-03T19:40:16.174Z,ATTACK-92c69b390f,REJECT,MIXING_LOCKOUT,BASE_FINE,1.0,DOSE 1.0 mL NaOH 0.005 M fine from attack script (original)
attack run 3 Oct (station on the laptop),2026-10-03T19:40:16.175Z,ATTACK-71bf3f9081,REJECT,MIXING_LOCKOUT,BASE_FINE,1.0,DOSE 1.0 mL NaOH 0.005 M fine from attack script (original)
attack run 3 Oct (station on the laptop),2026-10-03T19:40:16.177Z,ATTACK-b4e05a09da,REJECT,MIXING_LOCKOUT,BASE_FINE,1.0,DOSE 1.0 mL NaOH 0.005 M fine from attack script (original)
attack run 3 Oct (station on the laptop),2026-10-03T19:40:16.178Z,ATTACK-f5be3dbfe9,REJECT,MIXING_LOCKOUT,BASE_FINE,1.0,DOSE 1.0 mL NaOH 0.005 M fine from attack script (original)
attack run 3 Oct (station on the laptop),2026-10-03T19:40:16.180Z,ATTACK-4699d61961,REJECT,MIXING_LOCKOUT,BASE_FINE,1.0,DOSE 1.0 mL NaOH 0.005 M fine from attack script (original)
attack run 3 Oct (station on the laptop),2026-10-03T19:40:16.181Z,ATTACK-bbd490bdf2,REJECT,MIXING_LOCKOUT,BASE_FINE,1.0,DOSE 1.0 mL NaOH 0.005 M fine from attack script (original)
attack run 3 Oct (station on the laptop),2026-10-03T19:40:16.183Z,ATTACK-fea64432ae,REJECT,MIXING_LOCKOUT,BASE_FINE,1.0,DOSE 1.0 mL NaOH 0.005 M fine from attack script (original)
attack run 3 Oct (station on the laptop),2026-10-03T19:40:17.326Z,ATTACK-7c1c3b9698,REJECT,MIXING_LOCKOUT,BASE_FINE,1.0,DOSE 1.0 mL NaOH 0.005 M fine from attack script (stale)
attack run 3 Oct (station on the laptop),2026-10-03T19:40:17.328Z,ATTACK-e55ca3771d,REJECT,MIXING_LOCKOUT,BASE_FINE,1.0,DOSE 1.0 mL NaOH 0.005 M fine from attack script (stale)
attack run 3 Oct (station on the laptop),2026-10-03T19:40:17.329Z,ATTACK-55a12ee95a,REJECT,MIXING_LOCKOUT,BASE_FINE,1.0,DOSE 1.0 mL NaOH 0.005 M fine from attack script (stale)
attack run 3 Oct (station on the laptop),2026-10-03T19:40:17.329Z,ATTACK-43ca6771b7,REJECT,MIXING_LOCKOUT,BASE_FINE,1.0,DOSE 1.0 mL NaOH 0.005 M fine from attack script (stale)
attack run 3 Oct (station on the laptop),2026-10-03T19:40:17.330Z,ATTACK-3bb8941c6b,REJECT,MIXING_LOCKOUT,BASE_FINE,1.0,DOSE 1.0 mL NaOH 0.005 M fine from attack script (stale)
attack run 3 Oct (station on the laptop),2026-10-03T19:40:17.331Z,ATTACK-10ead927e8,REJECT,MIXING_LOCKOUT,BASE_FINE,1.0,DOSE 1.0 mL NaOH 0.005 M fine from attack script (stale)
attack run 3 Oct (station on the laptop),2026-10-03T19:40:17.332Z,ATTACK-80ea3e4635,REJECT,MIXING_LOCKOUT,BASE_FINE,1.0,DOSE 1.0 mL NaOH 0.005 M fine from attack script (stale)
attack run 3 Oct (station on the laptop),2026-10-03T19:40:17.333Z,ATTACK-27f35d879e,REJECT,MIXING_LOCKOUT,BASE_FINE,1.0,DOSE 1.0 mL NaOH 0.005 M fine from attack script (stale)
attack run 3 Oct (station on the laptop),2026-10-03T19:40:17.334Z,ATTACK-7bcc26b014,REJECT,MIXING_LOCKOUT,BASE_FINE,1.0,DOSE 1.0 mL NaOH 0.005 M fine from attack script (stale)
attack run 3 Oct (station on the laptop),2026-10-03T19:40:17.335Z,ATTACK-9894be1902,REJECT,MIXING_LOCKOUT,BASE_FINE,1.0,DOSE 1.0 mL NaOH 0.005 M fine from attack script (stale)
attack run 3 Oct (station on the laptop),2026-10-03T19:40:17.336Z,ATTACK-574ff932c7,REJECT,MIXING_LOCKOUT,BASE_FINE,1.0,DOSE 1.0 mL NaOH 0.005 M fine from attack script (stale)
attack run 3 Oct (station on the laptop),2026-10-03T19:40:17.337Z,ATTACK-2fe24e3d24,REJECT,MIXING_LOCKOUT,BASE_FINE,1.0,DOSE 1.0 mL NaOH 0.005 M fine from attack script (stale)
attack run 3 Oct (station on the laptop),2026-10-03T19:40:17.338Z,ATTACK-84f0c22ea8,REJECT,MIXING_LOCKOUT,BASE_FINE,1.0,DOSE 1.0 mL NaOH 0.005 M fine from attack script (stale)
attack run 3 Oct (station on the laptop),2026-10-03T19:40:17.339Z,ATTACK-de73d0534e,REJECT,MIXING_LOCKOUT,BASE_FINE,1.0,DOSE 1.0 mL NaOH 0.005 M fine from attack script (stale)
attack run 3 Oct (station on the laptop),2026-10-03T19:40:17.340Z,ATTACK-aa7a5d7462,REJECT,MIXING_LOCKOUT,BASE_FINE,1.0,DOSE 1.0 mL NaOH 0.005 M fine from attack script (stale)
attack run 3 Oct (station on the laptop),2026-10-03T19:40:17.340Z,ATTACK-34da782bd8,REJECT,MIXING_LOCKOUT,BASE_FINE,1.0,DOSE 1.0 mL NaOH 0.005 M fine from attack script (stale)
attack run 3 Oct (station on the laptop),2026-10-03T19:40:17.341Z,ATTACK-493ffe6920,REJECT,MIXING_LOCKOUT,BASE_FINE,1.0,DOSE 1.0 mL NaOH 0.005 M fine from attack script (stale)
attack run 3 Oct (station on the laptop),2026-10-03T19:40:17.342Z,ATTACK-6c6a925332,REJECT,MIXING_LOCKOUT,BASE_FINE,1.0,DOSE 1.0 mL NaOH 0.005 M fine from attack script (stale)
attack run 3 Oct (station on the laptop),2026-10-03T19:40:17.343Z,ATTACK-c97505d990,REJECT,MIXING_LOCKOUT,BASE_FINE,1.0,DOSE 1.0 mL NaOH 0.005 M fine from attack script (stale)
attack run 3 Oct (station on the laptop),2026-10-03T19:40:17.344Z,ATTACK-df15965532,REJECT,MIXING_LOCKOUT,BASE_FINE,1.0,DOSE 1.0 mL NaOH 0.005 M fine from attack script (stale)
attack run 3 Oct (station on the laptop),2026-10-03T19:40:17.344Z,ATTACK-5752bcdaa7,REJECT,MIXING_LOCKOUT,BASE_FINE,1.0,DOSE 1.0 mL NaOH 0.005 M fine from attack script (stale)
attack run 3 Oct (station on the laptop),2026-10-03T19:40:17.345Z,ATTACK-92352e7af9,REJECT,MIXING_LOCKOUT,BASE_FINE,1.0,DOSE 1.0 mL NaOH 0.005 M fine from attack script (stale)
attack run 3 Oct (station on the laptop),2026-10-03T19:40:17.346Z,ATTACK-2cf0de44fe,REJECT,MIXING_LOCKOUT,BASE_FINE,1.0,DOSE 1.0 mL NaOH 0.005 M fine from attack script (stale)
attack run 3 Oct (station on the laptop),2026-10-03T19:40:17.347Z,ATTACK-8c4c8b5eb7,REJECT,MIXING_LOCKOUT,BASE_FINE,1.0,DOSE 1.0 mL NaOH 0.005 M fine from attack script (stale)
attack run 3 Oct (station on the laptop),2026-10-03T19:40:17.348Z,ATTACK-6c06fa6927,REJECT,MIXING_LOCKOUT,BASE_FINE,1.0,DOSE 1.0 mL NaOH 0.005 M fine from attack script (stale)
attack run 3 Oct (station on the laptop),2026-10-03T19:40:17.348Z,ATTACK-e0e23dd12f,REJECT,MIXING_LOCKOUT,BASE_FINE,1.0,DOSE 1.0 mL NaOH 0.005 M fine from attack script (stale)
attack run 3 Oct (station on the laptop),2026-10-03T19:40:17.349Z,ATTACK-cf04e4a85e,REJECT,MIXING_LOCKOUT,BASE_FINE,1.0,DOSE 1.0 mL NaOH 0.005 M fine from attack script (stale)
attack run 3 Oct (station on the laptop),2026-10-03T19:40:17.350Z,ATTACK-293e2cb8f3,REJECT,MIXING_LOCKOUT,BASE_FINE,1.0,DOSE 1.0 mL NaOH 0.005 M fine from attack script (stale)
attack run 3 Oct (station on the laptop),2026-10-03T19:40:17.351Z,ATTACK-6e7673704c,REJECT,MIXING_LOCKOUT,BASE_FINE,1.0,DOSE 1.0 mL NaOH 0.005 M fine from attack script (stale)
attack run 3 Oct (station on the laptop),2026-10-03T19:40:17.352Z,ATTACK-b13566f074,REJECT,MIXING_LOCKOUT,BASE_FINE,1.0,DOSE 1.0 mL NaOH 0.005 M fine from attack script (stale)
attack run 3 Oct (station on the laptop),2026-10-03T19:40:17.352Z,ATTACK-a90112c6fa,REJECT,MIXING_LOCKOUT,BASE_FINE,1.0,DOSE 1.0 mL NaOH 0.005 M fine from attack script (stale)
attack run 3 Oct (station on the laptop),2026-10-03T19:40:17.353Z,ATTACK-d90579ad77,REJECT,MIXING_LOCKOUT,BASE_FINE,1.0,DOSE 1.0 mL NaOH 0.005 M fine from attack script (stale)
attack run 3 Oct (station on the laptop),2026-10-03T19:40:17.354Z,ATTACK-6856bff7c6,REJECT,MIXING_LOCKOUT,BASE_FINE,1.0,DOSE 1.0 mL NaOH 0.005 M fine from attack script (stale)
attack run 3 Oct (station on the laptop),2026-10-03T19:40:17.355Z,ATTACK-087c67b48f,REJECT,MIXING_LOCKOUT,BASE_FINE,1.0,DOSE 1.0 mL NaOH 0.005 M fine from attack script (stale)
attack run 3 Oct (station on the laptop),2026-10-03T19:40:17.355Z,ATTACK-e65a4318a1,REJECT,MIXING_LOCKOUT,BASE_FINE,1.0,DOSE 1.0 mL NaOH 0.005 M fine from attack script (stale)
attack run 3 Oct (station on the laptop),2026-10-03T19:40:17.356Z,ATTACK-5044f10999,REJECT,MIXING_LOCKOUT,BASE_FINE,1.0,DOSE 1.0 mL NaOH 0.005 M fine from attack script (stale)
attack run 3 Oct (station on the laptop),2026-10-03T19:40:17.357Z,ATTACK-3934ba6184,REJECT,MIXING_LOCKOUT,BASE_FINE,1.0,DOSE 1.0 mL NaOH 0.005 M fine from attack script (stale)
attack run 3 Oct (station on the laptop),2026-10-03T19:40:17.358Z,ATTACK-714a4a4bf2,REJECT,MIXING_LOCKOUT,BASE_FINE,1.0,DOSE 1.0 mL NaOH 0.005 M fine from attack script (stale)
attack run 3 Oct (station on the laptop),2026-10-03T19:40:17.359Z,ATTACK-932a9c564d,REJECT,MIXING_LOCKOUT,BASE_FINE,1.0,DOSE 1.0 mL NaOH 0.005 M fine from attack script (stale)
attack run 3 Oct (station on the laptop),2026-10-03T19:40:17.359Z,ATTACK-6d575183c5,REJECT,MIXING_LOCKOUT,BASE_FINE,1.0,DOSE 1.0 mL NaOH 0.005 M fine from attack script (stale)
attack run 3 Oct (station on the laptop),2026-10-03T19:40:17.360Z,ATTACK-d9bfed4e2c,REJECT,MIXING_LOCKOUT,BASE_FINE,1.0,DOSE 1.0 mL NaOH 0.005 M fine from attack script (stale)
attack run 3 Oct (station on the laptop),2026-10-03T19:40:17.361Z,ATTACK-0622517a93,REJECT,MIXING_LOCKOUT,BASE_FINE,1.0,DOSE 1.0 mL NaOH 0.005 M fine from attack script (stale)
attack run 3 Oct (station on the laptop),2026-10-03T19:40:17.362Z,ATTACK-fe3f4d2108,REJECT,MIXING_LOCKOUT,BASE_FINE,1.0,DOSE 1.0 mL NaOH 0.005 M fine from attack script (stale)
attack run 3 Oct (station on the laptop),2026-10-03T19:40:17.363Z,ATTACK-29d9be4350,REJECT,MIXING_LOCKOUT,BASE_FINE,1.0,DOSE 1.0 mL NaOH 0.005 M fine from attack script (stale)
attack run 3 Oct (station on the laptop),2026-10-03T19:40:17.363Z,ATTACK-217cf4f868,REJECT,MIXING_LOCKOUT,BASE_FINE,1.0,DOSE 1.0 mL NaOH 0.005 M fine from attack script (stale)
attack run 3 Oct (station on the laptop),2026-10-03T19:40:17.364Z,ATTACK-794ee62a6b,REJECT,MIXING_LOCKOUT,BASE_FINE,1.0,DOSE 1.0 mL NaOH 0.005 M fine from attack script (stale)
attack run 3 Oct (station on the laptop),2026-10-03T19:40:17.365Z,ATTACK-10846a6c72,REJECT,MIXING_LOCKOUT,BASE_FINE,1.0,DOSE 1.0 mL NaOH 0.005 M fine from attack script (stale)
attack run 3 Oct (station on the laptop),2026-10-03T19:40:17.366Z,ATTACK-2b484c8dfd,REJECT,MIXING_LOCKOUT,BASE_FINE,1.0,DOSE 1.0 mL NaOH 0.005 M fine from attack script (stale)
attack run 3 Oct (station on the laptop),2026-10-03T19:40:17.366Z,ATTACK-01831f22ac,REJECT,MIXING_LOCKOUT,BASE_FINE,1.0,DOSE 1.0 mL NaOH 0.005 M fine from attack script (stale)
attack run 3 Oct (station on the laptop),2026-10-03T19:40:17.367Z,ATTACK-9f90e5abd9,REJECT,MIXING_LOCKOUT,BASE_FINE,1.0,DOSE 1.0 mL NaOH 0.005 M fine from attack script (stale)
attack run 3 Oct (station on the laptop),2026-10-03T19:40:17.368Z,ATTACK-f97b9118a4,REJECT,MIXING_LOCKOUT,BASE_FINE,1.0,DOSE 1.0 mL NaOH 0.005 M fine from attack script (stale)
attack run 3 Oct (station on the laptop),2026-10-03T19:40:17.369Z,ATTACK-1dcc7e4b5a,REJECT,MIXING_LOCKOUT,BASE_FINE,1.0,DOSE 1.0 mL NaOH 0.005 M fine from attack script (stale)
attack run 3 Oct (station on the laptop),2026-10-03T19:40:17.370Z,ATTACK-64d1dde87f,REJECT,MIXING_LOCKOUT,BASE_FINE,1.0,DOSE 1.0 mL NaOH 0.005 M fine from attack script (stale)
attack run 3 Oct (station on the laptop),2026-10-03T19:40:17.371Z,ATTACK-4b487f0aac,REJECT,MIXING_LOCKOUT,BASE_FINE,1.0,DOSE 1.0 mL NaOH 0.005 M fine from attack script (stale)
attack run 3 Oct (station on the laptop),2026-10-03T19:40:17.371Z,ATTACK-e6c7250ebb,REJECT,MIXING_LOCKOUT,BASE_FINE,1.0,DOSE 1.0 mL NaOH 0.005 M fine from attack script (stale)
attack run 3 Oct (station on the laptop),2026-10-03T19:40:17.372Z,ATTACK-9ed4fb801b,REJECT,MIXING_LOCKOUT,BASE_FINE,1.0,DOSE 1.0 mL NaOH 0.005 M fine from attack script (stale)
attack run 3 Oct (station on the laptop),2026-10-03T19:40:17.373Z,ATTACK-ef25d4a0eb,REJECT,MIXING_LOCKOUT,BASE_FINE,1.0,DOSE 1.0 mL NaOH 0.005 M fine from attack script (stale)
attack run 3 Oct (station on the laptop),2026-10-03T19:40:17.374Z,ATTACK-dcd9065f35,REJECT,MIXING_LOCKOUT,BASE_FINE,1.0,DOSE 1.0 mL NaOH 0.005 M fine from attack script (stale)
attack run 3 Oct (station on the laptop),2026-10-03T19:40:17.374Z,ATTACK-975b0b9186,REJECT,MIXING_LOCKOUT,BASE_FINE,1.0,DOSE 1.0 mL NaOH 0.005 M fine from attack script (stale)
attack run 3 Oct (station on the laptop),2026-10-03T19:40:17.375Z,ATTACK-430a3a5a07,REJECT,MIXING_LOCKOUT,BASE_FINE,1.0,DOSE 1.0 mL NaOH 0.005 M fine from attack script (stale)
attack run 3 Oct (station on the laptop),2026-10-03T19:40:17.376Z,ATTACK-710d17c806,REJECT,MIXING_LOCKOUT,BASE_FINE,1.0,DOSE 1.0 mL NaOH 0.005 M fine from attack script (stale)
attack run 3 Oct (station on the laptop),2026-10-03T19:40:17.376Z,ATTACK-41f5e3e321,REJECT,MIXING_LOCKOUT,BASE_FINE,1.0,DOSE 1.0 mL NaOH 0.005 M fine from attack script (stale)
attack run 3 Oct (station on the laptop),2026-10-03T19:40:17.377Z,ATTACK-6547cd8a89,REJECT,MIXING_LOCKOUT,BASE_FINE,1.0,DOSE 1.0 mL NaOH 0.005 M fine from attack script (stale)
attack run 3 Oct (station on the laptop),2026-10-03T19:40:17.378Z,ATTACK-ab9e19e397,REJECT,MIXING_LOCKOUT,BASE_FINE,1.0,DOSE 1.0 mL NaOH 0.005 M fine from attack script (stale)
attack run 3 Oct (station on the laptop),2026-10-03T19:40:17.379Z,ATTACK-bcd408c75d,REJECT,MIXING_LOCKOUT,BASE_FINE,1.0,DOSE 1.0 mL NaOH 0.005 M fine from attack script (stale)
attack run 3 Oct (station on the laptop),2026-10-03T19:40:17.379Z,ATTACK-d207da4c1d,REJECT,MIXING_LOCKOUT,BASE_FINE,1.0,DOSE 1.0 mL NaOH 0.005 M fine from attack script (stale)
attack run 3 Oct (station on the laptop),2026-10-03T19:40:17.380Z,ATTACK-c5dadcc1e5,REJECT,MIXING_LOCKOUT,BASE_FINE,1.0,DOSE 1.0 mL NaOH 0.005 M fine from attack script (stale)
attack run 3 Oct (station on the laptop),2026-10-03T19:40:17.381Z,ATTACK-ea58a219bb,REJECT,MIXING_LOCKOUT,BASE_FINE,1.0,DOSE 1.0 mL NaOH 0.005 M fine from attack script (stale)
attack run 3 Oct (station on the laptop),2026-10-03T19:40:17.382Z,ATTACK-fb4cb3e526,REJECT,MIXING_LOCKOUT,BASE_FINE,1.0,DOSE 1.0 mL NaOH 0.005 M fine from attack script (stale)
attack run 3 Oct (station on the laptop),2026-10-03T19:40:17.382Z,ATTACK-00014d8e8b,REJECT,MIXING_LOCKOUT,BASE_FINE,1.0,DOSE 1.0 mL NaOH 0.005 M fine from attack script (stale)
attack run 3 Oct (station on the laptop),2026-10-03T19:40:17.383Z,ATTACK-9948bbf4cf,REJECT,MIXING_LOCKOUT,BASE_FINE,1.0,DOSE 1.0 mL NaOH 0.005 M fine from attack script (stale)
attack run 3 Oct (station on the laptop),2026-10-03T19:40:17.384Z,ATTACK-d1f1273699,REJECT,MIXING_LOCKOUT,BASE_FINE,1.0,DOSE 1.0 mL NaOH 0.005 M fine from attack script (stale)
attack run 3 Oct (station on the laptop),2026-10-03T19:40:17.385Z,ATTACK-a8e1cf0a9d,REJECT,MIXING_LOCKOUT,BASE_FINE,1.0,DOSE 1.0 mL NaOH 0.005 M fine from attack script (stale)
attack run 3 Oct (station on the laptop),2026-10-03T19:40:17.385Z,ATTACK-eb4f6398e5,REJECT,MIXING_LOCKOUT,BASE_FINE,1.0,DOSE 1.0 mL NaOH 0.005 M fine from attack script (stale)
attack run 3 Oct (station on the laptop),2026-10-03T19:40:17.386Z,ATTACK-300729f41d,REJECT,MIXING_LOCKOUT,BASE_FINE,1.0,DOSE 1.0 mL NaOH 0.005 M fine from attack script (stale)
attack run 3 Oct (station on the laptop),2026-10-03T19:40:17.387Z,ATTACK-baf2bf0bf8,REJECT,MIXING_LOCKOUT,BASE_FINE,1.0,DOSE 1.0 mL NaOH 0.005 M fine from attack script (stale)
attack run 3 Oct (station on the laptop),2026-10-03T19:40:17.388Z,ATTACK-858b5b1c1c,REJECT,MIXING_LOCKOUT,BASE_FINE,1.0,DOSE 1.0 mL NaOH 0.005 M fine from attack script (stale)
attack run 3 Oct (station on the laptop),2026-10-03T19:40:17.388Z,ATTACK-73e5501ce8,REJECT,MIXING_LOCKOUT,BASE_FINE,1.0,DOSE 1.0 mL NaOH 0.005 M fine from attack script (stale)
attack run 3 Oct (station on the laptop),2026-10-03T19:40:17.389Z,ATTACK-c9fd403eb5,REJECT,MIXING_LOCKOUT,BASE_FINE,1.0,DOSE 1.0 mL NaOH 0.005 M fine from attack script (stale)
attack run 3 Oct (station on the laptop),2026-10-03T19:40:17.390Z,ATTACK-603756145b,REJECT,MIXING_LOCKOUT,BASE_FINE,1.0,DOSE 1.0 mL NaOH 0.005 M fine from attack script (stale)
attack run 3 Oct (station on the laptop),2026-10-03T19:40:17.391Z,ATTACK-4d7f1b74c3,REJECT,MIXING_LOCKOUT,BASE_FINE,1.0,DOSE 1.0 mL NaOH 0.005 M fine from attack script (stale)
attack run 3 Oct (station on the laptop),2026-10-03T19:40:17.392Z,ATTACK-9b00d239ca,REJECT,MIXING_LOCKOUT,BASE_FINE,1.0,DOSE 1.0 mL NaOH 0.005 M fine from attack script (stale)
attack run 3 Oct (station on the laptop),2026-10-03T19:40:17.393Z,ATTACK-6f5bc401a7,REJECT,MIXING_LOCKOUT,BASE_FINE,1.0,DOSE 1.0 mL NaOH 0.005 M fine from attack script (stale)
attack run 3 Oct (station on the laptop),2026-10-03T19:40:17.394Z,ATTACK-b83e3cae8f,REJECT,MIXING_LOCKOUT,BASE_FINE,1.0,DOSE 1.0 mL NaOH 0.005 M fine from attack script (stale)
attack run 3 Oct (station on the laptop),2026-10-03T19:40:17.394Z,ATTACK-7d2158dd82,REJECT,MIXING_LOCKOUT,BASE_FINE,1.0,DOSE 1.0 mL NaOH 0.005 M fine from attack script (stale)
attack run 3 Oct (station on the laptop),2026-10-03T19:40:17.395Z,ATTACK-d0219b18ed,REJECT,MIXING_LOCKOUT,BASE_FINE,1.0,DOSE 1.0 mL NaOH 0.005 M fine from attack script (stale)
attack run 3 Oct (station on the laptop),2026-10-03T19:40:17.396Z,ATTACK-b44df075d3,REJECT,MIXING_LOCKOUT,BASE_FINE,1.0,DOSE 1.0 mL NaOH 0.005 M fine from attack script (stale)
attack run 3 Oct (station on the laptop),2026-10-03T19:40:17.397Z,ATTACK-4ef3a5b2a0,REJECT,MIXING_LOCKOUT,BASE_FINE,1.0,DOSE 1.0 mL NaOH 0.005 M fine from attack script (stale)
attack run 3 Oct (station on the laptop),2026-10-03T19:40:17.398Z,ATTACK-91b1bae60a,REJECT,MIXING_LOCKOUT,BASE_FINE,1.0,DOSE 1.0 mL NaOH 0.005 M fine from attack script (stale)
attack run 3 Oct (station on the laptop),2026-10-03T19:40:17.399Z,ATTACK-e2274b1b89,REJECT,MIXING_LOCKOUT,BASE_FINE,1.0,DOSE 1.0 mL NaOH 0.005 M fine from attack script (stale)
attack run 3 Oct (station on the laptop),2026-10-03T19:40:17.400Z,ATTACK-273158c7e0,REJECT,MIXING_LOCKOUT,BASE_FINE,1.0,DOSE 1.0 mL NaOH 0.005 M fine from attack script (stale)
attack run 3 Oct (station on the laptop),2026-10-03T19:40:17.400Z,ATTACK-a538fa771f,REJECT,MIXING_LOCKOUT,BASE_FINE,1.0,DOSE 1.0 mL NaOH 0.005 M fine from attack script (stale)
attack run 3 Oct (station on the laptop),2026-10-03T19:40:17.401Z,ATTACK-ed3fd0c0a2,REJECT,MIXING_LOCKOUT,BASE_FINE,1.0,DOSE 1.0 mL NaOH 0.005 M fine from attack script (stale)
attack run 3 Oct (station on the laptop),2026-10-03T19:40:17.402Z,ATTACK-9e755984af,REJECT,MIXING_LOCKOUT,BASE_FINE,1.0,DOSE 1.0 mL NaOH 0.005 M fine from attack script (stale)
attack run 3 Oct (station on the laptop),2026-10-03T19:40:17.403Z,ATTACK-1f782852d6,REJECT,MIXING_LOCKOUT,BASE_FINE,1.0,DOSE 1.0 mL NaOH 0.005 M fine from attack script (stale)
attack run 3 Oct (station on the laptop),2026-10-03T19:40:17.404Z,ATTACK-e959410867,REJECT,MIXING_LOCKOUT,BASE_FINE,1.0,DOSE 1.0 mL NaOH 0.005 M fine from attack script (stale)
attack run 3 Oct (station on the laptop),2026-10-03T19:40:17.405Z,ATTACK-e40897dce3,REJECT,MIXING_LOCKOUT,BASE_FINE,1.0,DOSE 1.0 mL NaOH 0.005 M fine from attack script (stale)
attack run 3 Oct (station on the laptop),2026-10-03T19:40:17.405Z,ATTACK-a8ba75d74e,REJECT,MIXING_LOCKOUT,BASE_FINE,1.0,DOSE 1.0 mL NaOH 0.005 M fine from attack script (stale)
attack run 3 Oct (station on the laptop),2026-10-03T19:40:17.406Z,ATTACK-e41ed96b27,REJECT,MIXING_LOCKOUT,BASE_FINE,1.0,DOSE 1.0 mL NaOH 0.005 M fine from attack script (stale)
attack run 3 Oct (station on the laptop),2026-10-03T19:40:17.409Z,ATTACK-581c2421ea,REJECT,MIXING_LOCKOUT,BASE_FINE,1.0,DOSE 1.0 mL NaOH 0.005 M fine from attack script (stale)
